1611.00000000,163.01800537,-19.86018181,347.58920288,167.09184265,-13.20175552,346.50393677,0.00000000
1616.00000000,160.77447510,-17.39094162,346.19830322,164.86611938,-10.72231388,345.08917236,5.00000000
1617.00000000,160.26313782,-16.95319939,345.97494507,164.35064697,-10.28507710,344.85839844,0.00000000
1618.00000000,159.71925354,-16.54769325,345.76556396,163.81977844,-9.87491035,344.63851929,0.00000000
1620.00000000,158.62330627,-15.81247616,345.36889648,162.69458008,-9.14052582,344.25210571,0.00000000
1621.00000000,158.04702759,-15.49264240,345.20410156,162.12536621,-8.81643581,344.08035278,0.00000000
1622.00000000,157.49713135,-15.19907284,345.02264404,161.54396057,-8.51461411,343.91351318,0.00000000
1623.00000000,156.91793823,-14.92272282,344.87496948,160.98120117,-8.24139500,343.75106812,0.00000000
1624.00000000,156.35559082,-14.67777157,344.71066284,160.40371704,-7.99127340,343.59204102,0.00000000
1625.00000000,155.81697083,-14.44566727,344.54678345,159.84626770,-7.75479937,343.43600464,0.00000000
1626.00000000,155.25930786,-14.23024654,344.38052368,159.29981995,-7.53002739,343.25277710,0.00000000
1627.00000000,154.72888184,-14.02369976,344.20553589,158.75204468,-7.31842852,343.07839966,0.00000000
1628.00000000,154.22157288,-13.81847191,344.01541138,158.22915649,-7.11276817,342.88250732,0.00000000
1629.00000000,153.73188782,-13.62513733,343.81555176,157.73309326,-6.92109108,342.67749023,0.00000000
1630.00000000,153.24304199,-13.43656349,343.62640381,157.24386597,-6.72559452,342.47601318,0.00000000
1631.00000000,152.80749512,-13.25002480,343.42349243,156.79423523,-6.53464270,342.26376343,0.00000000
1632.00000000,152.37596130,-13.06234360,343.23992920,156.38864136,-6.34953022,342.05874634,0.00000000
1633.00000000,151.97174072,-12.88333893,343.07501221,155.96092224,-6.16799593,341.89080811,0.00000000
1634.00000000,151.62104797,-12.70899105,342.91571045,155.59391785,-5.99788094,341.73587036,0.00000000
1635.00000000,151.29888916,-12.55018044,342.77880859,155.25450134,-5.83388805,341.58740234,0.00000000
1636.00000000,150.99992371,-12.39663982,342.65963745,154.96070862,-5.68202305,341.46447754,0.00000000
1637.00000000,150.72038269,-12.25803185,342.58206177,154.71733093,-5.54148006,341.37194824,0.00000000
1638.00000000,150.51702881,-12.13150978,342.51583862,154.50590515,-5.42043495,341.30392456,0.00000000
1639.00000000,150.34498596,-12.02843666,342.47677612,154.33065796,-5.31665373,341.26531982,0.00000000
1640.00000000,150.18443298,-11.94093895,342.48184204,154.19691467,-5.23057270,341.25604248,0.00000000
1641.00000000,150.11796570,-11.87697029,342.49325562,154.11076355,-5.16360712,341.27996826,0.00000000
1642.00000000,150.07655334,-11.82679844,342.53054810,154.07707214,-5.12568140,341.32421875,0.00000000
1643.00000000,150.06307983,-11.80058575,342.59963989,154.06323242,-5.10759258,341.39822388,0.00000000
1644.00000000,150.08374023,-11.78927517,342.67416382,154.10198975,-5.09791374,341.47906494,0.00000000
1645.00000000,150.10160828,-11.78512001,342.78161621,154.14726257,-5.09778690,341.57666016,0.00000000
1646.00000000,150.14425659,-11.78575611,342.88485718,154.19755554,-5.10398197,341.69311523,0.00000000
1647.00000000,150.19416809,-11.78885937,343.00082397,154.25871277,-5.11235905,341.80895996,0.00000000
1648.00000000,150.27114868,-11.78752422,343.12088013,154.33921814,-5.11454010,341.92791748,0.00000000
1649.00000000,150.33885193,-11.78283596,343.24295044,154.40330505,-5.11203575,342.05978394,0.00000000
1650.00000000,150.41731262,-11.76587486,343.34576416,154.47705078,-5.09769964,342.17721558,0.00000000
1651.00000000,150.50576782,-11.74012089,343.43380737,154.55659485,-5.07734871,342.27447510,0.00000000
1652.00000000,150.56684875,-11.69896412,343.52438354,154.65463257,-5.04191351,342.34875488,0.00000000
1653.00000000,150.65440369,-11.65136147,343.57165527,154.73455811,-4.99694300,342.40374756,0.00000000
1654.00000000,150.72264099,-11.59249783,343.61077881,154.80039978,-4.93808794,342.43878174,0.00000000
1655.00000000,150.78710938,-11.52056217,343.62319946,154.86015320,-4.87447929,342.45080566,0.00000000
1656.00000000,150.82328796,-11.45247173,343.64080811,154.92250061,-4.80342293,342.44967651,0.00000000
1657.00000000,150.85310364,-11.37315464,343.65301514,154.96002197,-4.73115730,342.45544434,0.00000000
1658.00000000,150.87481689,-11.29552078,343.68002319,154.96340942,-4.65548038,342.47921753,0.00000000
1659.00000000,150.90341187,-11.22248745,343.70718384,154.99839783,-4.57895803,342.49618530,0.00000000
1660.00000000,150.89767456,-11.14830875,343.76821899,155.00143433,-4.50681639,342.54531860,0.00000000
1661.00000000,150.90528870,-11.07513046,343.82971191,154.98147583,-4.43876553,342.61807251,0.00000000
1662.00000000,150.88233948,-11.01389122,343.92047119,154.96087646,-4.37962675,342.70956421,0.00000000
1663.00000000,150.86180115,-10.95701218,344.02728271,154.94271851,-4.32391357,342.81030273,0.00000000
1664.00000000,150.80990601,-10.90155697,344.16268921,154.88796997,-4.27071142,342.94702148,0.00000000
1665.00000000,150.76539612,-10.84922981,344.31320190,154.83489990,-4.21837759,343.10162354,0.00000000
1666.00000000,150.66653442,-10.79038334,344.50833130,154.77052307,-4.16234064,343.28652954,0.00000000
1667.00000000,150.54687500,-10.72725201,344.73007202,154.66128540,-4.10126543,343.50268555,0.00000000
1668.00000000,150.42462158,-10.65333366,344.95086670,154.50643921,-4.02280569,343.73660278,0.00000000
1669.00000000,150.22230530,-10.55566025,345.19116211,154.31590271,-3.92926216,343.97219849,0.00000000
1670.00000000,150.00239563,-10.43706417,345.41766357,154.08027649,-3.80673885,344.20419312,0.00000000
1671.00000000,149.70545959,-10.29063988,345.64584351,153.79190063,-3.65750074,344.43032837,0.00000000
1672.00000000,149.37077332,-10.10905266,345.86816406,153.44844055,-3.47795415,344.65365601,0.00000000
1673.00000000,148.94589233,-9.90098476,346.10992432,153.04983521,-3.26304173,344.87332153,0.00000000
1674.00000000,148.47482300,-9.65910530,346.34777832,152.54469299,-3.02077627,345.11599731,0.00000000
1675.00000000,147.89419556,-9.39261818,346.61605835,151.95780945,-2.74965453,345.38436890,0.00000000
1676.00000000,147.22543335,-9.09773540,346.89443970,151.29179382,-2.45103097,345.66137695,0.00000000
1677.00000000,146.49516296,-8.77757072,347.18240356,150.52581787,-2.12527823,345.95324707,0.00000000
1678.00000000,145.62858582,-8.43972206,347.49981689,149.66334534,-1.78317285,346.26293945,0.00000000
1679.00000000,144.66186523,-8.08122540,347.82803345,148.69209290,-1.41807568,346.58969116,0.00000000
1680.00000000,143.59896851,-7.70822811,348.15365601,147.62034607,-1.03317678,346.91790771,0.00000000
1681.00000000,142.42358398,-7.30960798,348.49832153,146.41285706,-0.63321811,347.26666260,0.00000000
1682.00000000,141.12199402,-6.89410734,348.84829712,145.09698486,-0.21135759,347.60189819,0.00000000
1683.00000000,139.68138123,-6.46544361,349.19741821,143.64863586,0.22874244,347.95410156,0.00000000
1684.00000000,138.11656189,-6.01670933,349.56747437,142.04364014,0.68873483,348.32342529,0.00000000
1685.00000000,136.37551880,-5.55520630,349.96386719,140.30801392,1.16655934,348.70913696,0.00000000
1686.00000000,134.48387146,-5.07004976,350.38311768,138.38793945,1.65753710,349.11703491,0.00000000
1687.00000000,132.41229248,-4.57137680,350.83663940,136.29064941,2.16812706,349.57315063,0.00000000
1688.00000000,130.13945007,-4.06545687,351.34030151,133.98999023,2.69067883,350.07211304,0.00000000
1689.00000000,127.62671661,-3.55988264,351.91699219,131.48057556,3.21474671,350.62390137,0.00000000
1690.00000000,124.91333771,-3.05571723,352.53305054,128.69593811,3.73438644,351.25720215,0.00000000
1691.00000000,121.94175720,-2.56127000,353.20977783,125.68939209,4.24799156,351.94485474,0.00000000
1692.00000000,118.71392059,-2.07652044,353.94006348,122.42397308,4.75724983,352.68045044,0.00000000
1693.00000000,115.21504211,-1.60858011,354.73062134,118.89406586,5.25028801,353.46844482,0.00000000
1694.00000000,111.47708130,-1.15452564,355.54800415,115.07172394,5.73362780,354.31225586,0.00000000
1695.00000000,107.46992493,-0.71312672,356.38900757,110.99501801,6.20082283,355.17669678,0.00000000
1696.00000000,103.14151764,-0.29151350,357.25854492,106.62685394,6.65286255,356.05792236,0.00000000
1697.00000000,98.58071899,0.10046552,358.10354614,101.98582458,7.08373308,356.92263794,0.00000000
1698.00000000,93.72990417,0.46720466,358.94677734,97.05995941,7.48425293,357.78173828,0.00000000
1699.00000000,88.61150360,0.79996777,359.76705933,91.87108612,7.85759497,358.61380005,0.00000000
1700.00000000,83.20545959,1.10444224,360.56930542,86.39983368,8.19420433,359.42413330,0.00000000
1701.00000000,77.52880859,1.36418653,361.33502197,80.64551544,8.49456501,360.20553589,0.00000000
1702.00000000,71.62506866,1.57892704,362.04449463,74.65205383,8.74803925,360.93466187,0.00000000
1703.00000000,65.43752289,1.74116373,362.75402832,68.37460327,8.94931030,361.65817261,0.00000000
1704.00000000,59.01485443,1.84951127,363.44570923,61.83996964,9.09712029,362.37548828,0.00000000
1705.00000000,52.35793686,1.90224636,364.12915039,55.07832336,9.18804741,363.07916260,0.00000000
1706.00000000,45.52814102,1.90325284,364.78784180,48.12487793,9.22647572,363.76943970,0.00000000
1707.00000000,38.51506805,1.85104454,365.42758179,41.02587509,9.21369267,364.41864014,0.00000000
1708.00000000,31.40221405,1.73856378,366.02401733,33.79443741,9.14147282,365.04022217,0.00000000
1709.00000000,24.18368149,1.56367779,366.60797119,26.48860741,8.99955082,365.63250732,0.00000000
1710.00000000,16.87945557,1.31388748,367.18054199,19.06299210,8.78420258,366.22726440,0.00000000
1711.00000000,9.50989819,0.98598707,367.76385498,11.59293556,8.48748684,366.82699585,0.00000000
1712.00000000,2.12657619,0.56917161,368.35250854,4.07732439,8.10190487,367.44625854,0.00000000
1713.00000000,-5.28458261,0.06223994,368.96237183,-3.44374204,7.62793303,368.07806396,0.00000000
1714.00000000,-12.70469284,-0.53446299,369.59060669,-10.98195553,7.05687046,368.73138428,0.00000000
1715.00000000,-20.08651352,-1.22593904,370.21990967,-18.48426056,6.39127254,369.38388062,0.00000000
1716.00000000,-27.42340279,-2.00807142,370.84121704,-25.94477844,5.63515997,370.03585815,0.00000000
1717.00000000,-34.69210815,-2.87520647,371.44433594,-33.34829330,4.78941870,370.67352295,0.00000000
1718.00000000,-41.92107773,-3.82661343,372.02893066,-40.67316055,3.85773635,371.26882935,0.00000000
1719.00000000,-49.08782959,-4.85983515,372.57528687,-47.95970917,2.84632921,371.83972168,0.00000000
1720.00000000,-56.20370865,-5.97209311,373.07284546,-55.18751907,1.74860692,372.35964966,0.00000000
1721.00000000,-63.27462769,-7.17430353,373.52423096,-62.37971115,0.56360787,372.83511353,0.00000000
1722.00000000,-70.31414795,-8.45947933,373.91986084,-69.52333069,-0.71117097,373.25677490,0.00000000
1723.00000000,-77.33086395,-9.83292484,374.27133179,-76.64142609,-2.07097745,373.62893677,0.00000000
1724.00000000,-84.24059296,-11.27751732,374.52822876,-83.70596313,-3.50709605,373.93414307,0.00000000
1725.00000000,-91.08923340,-12.78839111,374.73266602,-90.66455841,-5.00959635,374.16574097,0.00000000
1726.00000000,-97.81104279,-14.34936428,374.88137817,-97.47759247,-6.56582975,374.32894897,0.00000000
1727.00000000,-104.36196899,-15.95731068,374.98260498,-104.13628387,-8.16717625,374.45394897,0.00000000
1728.00000000,-110.71648407,-17.59966469,375.05282593,-110.60887146,-9.80993748,374.54779053,0.00000000
1729.00000000,-116.88757324,-19.27266884,375.13000488,-116.87328339,-11.48076153,374.63940430,0.00000000
1730.00000000,-122.78729248,-20.96131706,375.20462036,-122.87154388,-13.16883564,374.73156738,0.00000000
1731.00000000,-128.43487549,-22.65504265,375.30740356,-128.61456299,-14.86444855,374.85125732,0.00000000
1732.00000000,-133.79705811,-24.34327888,375.44708252,-134.06620789,-16.55400848,375.00808716,0.00000000
1733.00000000,-138.90028381,-26.01325989,375.63394165,-139.23777771,-18.22727394,375.20571899,0.00000000
1734.00000000,-143.71058655,-27.66619301,375.83364868,-144.13198853,-19.87856293,375.42663574,0.00000000
1735.00000000,-148.26652527,-29.28486443,376.05426025,-148.75247192,-21.50174332,375.65753174,0.00000000
1736.00000000,-152.54878235,-30.85790634,376.27780151,-153.10232544,-23.07812309,375.89605713,0.00000000
1737.00000000,-156.57649231,-32.36676407,376.50186157,-157.19544983,-24.59109879,376.13229370,0.00000000
1738.00000000,-160.32878113,-33.80399323,376.70523071,-161.00090027,-26.02928543,376.35598755,0.00000000
1739.00000000,-163.80221558,-35.14909363,376.88421631,-164.52804565,-27.37997818,376.55157471,0.00000000
1740.00000000,-167.00143433,-36.39229202,377.03192139,-167.78575134,-28.62917900,376.71850586,0.00000000
1741.00000000,-169.93850708,-37.53131866,377.16180420,-170.75791931,-29.76766968,376.86328125,0.00000000
1742.00000000,-172.58654785,-38.55360031,377.25473022,-173.44578552,-30.79526138,376.98162842,0.00000000
1743.00000000,-174.96807861,-39.47037506,377.33087158,-175.86137390,-31.71315575,377.07876587,0.00000000
1744.00000000,-177.10130310,-40.28134537,377.39401245,-178.00450134,-32.52507401,377.14755249,0.00000000
1745.00000000,-178.94491577,-40.98188400,377.42483521,-179.88514709,-33.22932816,377.20220947,0.00000000
1746.00000000,-180.52687073,-41.56708145,377.44833374,-181.48275757,-33.81903839,377.23736572,0.00000000
1747.00000000,-181.81158447,-42.03247070,377.45806885,-182.78863525,-34.28545380,377.26254272,0.00000000
1748.00000000,-182.78991699,-42.36818695,377.47479248,-183.77844238,-34.61959839,377.28683472,0.00000000
1749.00000000,-183.45414734,-42.56507111,377.51486206,-184.44912720,-34.81740189,377.33889771,0.00000000
1750.00000000,-183.76576233,-42.61732101,377.59814453,-184.75593567,-34.87005234,377.42297363,0.00000000
1751.00000000,-183.70281982,-42.51804352,377.72677612,-184.69277954,-34.76977539,377.56149292,0.00000000
1752.00000000,-183.28286743,-42.26651764,377.91485596,-184.26831055,-34.51900864,377.76104736,0.00000000
1753.00000000,-182.50045776,-41.87449265,378.15451050,-183.46638489,-34.12146378,378.00814819,0.00000000
1754.00000000,-181.37878418,-41.34925461,378.43936157,-182.31677246,-33.59266663,378.30139160,0.00000000
1755.00000000,-179.91098022,-40.70275497,378.75555420,-180.81707764,-32.94485092,378.62774658,0.00000000
1756.00000000,-178.13966370,-39.94747162,379.11267090,-178.99975586,-32.18185806,378.98361206,0.00000000
1757.00000000,-176.03588867,-39.08097076,379.46911621,-176.87152100,-31.31391525,379.35958862,0.00000000
1758.00000000,-173.64033508,-38.11098099,379.83657837,-174.42979431,-30.33799171,379.73928833,0.00000000
1759.00000000,-170.95129395,-37.03602982,380.21099854,-171.68321228,-29.25890732,380.10980225,0.00000000
1760.00000000,-167.96328735,-35.86362076,380.56961060,-168.65080261,-28.08265305,380.47851563,0.00000000
1761.00000000,-164.70634460,-34.60293198,380.91842651,-165.31787109,-26.81591606,380.82699585,0.00000000
1762.00000000,-161.16952515,-33.26417923,381.24258423,-161.72309875,-25.47367287,381.16040039,0.00000000
1763.00000000,-157.39877319,-31.85365868,381.55099487,-157.86907959,-24.05781555,381.45874023,0.00000000
1764.00000000,-153.39532471,-30.38164520,381.82263184,-153.79072571,-22.58372498,381.72836304,0.00000000
1765.00000000,-149.17692566,-28.85919380,382.04449463,-149.48451233,-21.05670738,381.95211792,0.00000000
1766.00000000,-144.74772644,-27.28934669,382.21807861,-144.96060181,-19.48385429,382.11758423,0.00000000
1767.00000000,-140.10014343,-25.67709732,382.32235718,-140.23916626,-17.87273979,382.22445679,0.00000000
1768.00000000,-135.28163147,-24.03335381,382.37265015,-135.32978821,-16.22682571,382.26675415,0.00000000
1769.00000000,-130.28002930,-22.35494041,382.35311890,-130.22790527,-14.54500961,382.22940063,0.00000000
1770.00000000,-125.08468628,-20.63997269,382.25732422,-124.95201111,-12.83553505,382.12915039,0.00000000
1771.00000000,-119.70645142,-18.89790154,382.11294556,-119.47384644,-11.09633255,381.96765137,0.00000000
1772.00000000,-114.15896606,-17.14154625,381.93325806,-113.80614471,-9.34553146,381.75765991,0.00000000
1773.00000000,-108.42700195,-15.38734055,381.72073364,-107.95623016,-7.59530163,381.51690674,0.00000000
1774.00000000,-102.50422668,-13.63815117,381.48171997,-101.93934631,-5.85589027,381.26058960,0.00000000
1775.00000000,-96.42541504,-11.91041279,381.24014282,-95.74648285,-4.13750029,380.99713135,0.00000000
1776.00000000,-90.17021942,-10.21469212,381.01644897,-89.37547302,-2.45501781,380.74182129,0.00000000
1777.00000000,-83.75695038,-8.56957150,380.80380249,-82.82445526,-0.82160980,380.49935913,0.00000000
1778.00000000,-77.19852448,-6.98673248,380.61468506,-76.14396667,0.74560088,380.28692627,0.00000000
1779.00000000,-70.52764893,-5.48328018,380.45428467,-69.34768677,2.23107839,380.10971069,0.00000000
1780.00000000,-63.74997330,-4.06785536,380.31280518,-62.43750763,3.62570024,379.94943237,0.00000000
1781.00000000,-56.85478973,-2.73923540,380.16845703,-55.41004944,4.93125820,379.79144287,0.00000000
1782.00000000,-49.89757156,-1.51477528,380.04809570,-48.31204605,6.13032675,379.65008545,0.00000000
1783.00000000,-42.83829498,-0.39406729,379.92498779,-41.12847900,7.21806955,379.52627563,0.00000000
1784.00000000,-35.74359512,0.60844785,379.82818604,-33.87999725,8.19451141,379.41027832,0.00000000
1785.00000000,-28.58909225,1.49590993,379.71212769,-26.58513832,9.05180073,379.28863525,0.00000000
1786.00000000,-21.43022346,2.27307987,379.60061646,-19.30034256,9.79023361,379.16864014,0.00000000
1787.00000000,-14.30255985,2.93377066,379.48059082,-12.02585602,10.41669083,379.03256226,0.00000000
1788.00000000,-7.20538378,3.49533391,379.34408569,-4.79768944,10.93371773,378.88528442,0.00000000
1789.00000000,-0.17255156,3.95168829,379.18600464,2.36881042,11.35070133,378.71191406,0.00000000
1790.00000000,6.75894022,4.32250786,379.01666260,9.42856693,11.67400265,378.52044678,0.00000000
1791.00000000,13.59223652,4.60281134,378.81454468,16.37980652,11.90987682,378.30715942,0.00000000
1792.00000000,20.28800583,4.80069971,378.58831787,23.20888519,12.06233025,378.05712891,0.00000000
1793.00000000,26.80730057,4.92295456,378.36532593,29.85027695,12.13769531,377.80859375,0.00000000
1794.00000000,33.19186401,4.97324848,378.12634277,36.34634399,12.13819599,377.54821777,0.00000000
1795.00000000,39.42469025,4.94629955,377.89935303,42.67461777,12.06293488,377.30438232,0.00000000
1796.00000000,45.49582672,4.83250380,377.70428467,48.85651016,11.90105057,377.08969116,0.00000000
1797.00000000,51.36800766,4.63366079,377.56149292,54.85726547,11.65155888,376.91894531,0.00000000
1798.00000000,57.05366516,4.35258055,377.46240234,60.65198898,11.31239700,376.79666138,0.00000000
1799.00000000,62.49858093,3.98311543,377.42346191,66.20650482,10.89241886,376.73187256,0.00000000
1800.00000000,67.72164917,3.53026319,377.41946411,71.51485443,10.39199543,376.71725464,0.00000000
1801.00000000,72.68642426,3.00231767,377.45663452,76.56224823,9.81707382,376.74810791,0.00000000
1802.00000000,77.39137268,2.40710640,377.52664185,81.34471130,9.17523479,376.81460571,0.00000000
1803.00000000,81.84790802,1.76335490,377.61999512,85.87536621,8.48168087,376.89794922,0.00000000
1804.00000000,85.99526215,1.07109606,377.75997925,90.12867737,7.74687767,377.01022339,0.00000000
1805.00000000,89.89186859,0.34234390,377.91564941,94.10599518,6.97432327,377.15234375,0.00000000
1806.00000000,93.51911926,-0.41292146,378.10592651,97.77209473,6.18215179,377.35064697,0.00000000
1807.00000000,96.84407806,-1.17938221,378.34277344,101.14244080,5.37361002,377.58880615,0.00000000
1808.00000000,99.85958862,-1.95661438,378.63403320,104.21248627,4.55844927,377.86770630,0.00000000
1809.00000000,102.59007263,-2.73241544,378.94961548,107.00451660,3.75191617,378.17309570,0.00000000
1810.00000000,105.04048157,-3.50006270,379.28414917,109.50830078,2.96140671,378.50830078,0.00000000
1811.00000000,107.20655823,-4.24217796,379.64392090,111.71395111,2.19390273,378.86016846,0.00000000
1812.00000000,109.08161926,-4.94522858,380.00778198,113.62506104,1.46782327,379.22445679,0.00000000
1813.00000000,110.68049622,-5.61355591,380.37112427,115.22776031,0.78706342,379.59515381,0.00000000
1814.00000000,111.96794891,-6.22418404,380.74618530,116.54973602,0.16011611,379.95916748,0.00000000
1815.00000000,112.98209381,-6.78341389,381.10424805,117.57507324,-0.40846583,380.31713867,0.00000000
1816.00000000,113.68804169,-7.28173304,381.46514893,118.32284546,-0.91904128,380.66571045,0.00000000
1817.00000000,114.11261749,-7.72465754,381.82833862,118.73194885,-1.36540675,381.03558350,0.00000000
1818.00000000,114.22723389,-8.10350704,382.19091797,118.85652924,-1.74977100,381.39489746,0.00000000
1819.00000000,114.01894379,-8.41886044,382.56262207,118.64862061,-2.06207156,381.76473999,0.00000000
1820.00000000,113.52272034,-8.67134762,382.92465210,118.14422607,-2.30739903,382.13150024,0.00000000
1821.00000000,112.68572998,-8.85779572,383.28726196,117.30670166,-2.48708224,382.49682617,0.00000000
1822.00000000,111.59481812,-8.97962666,383.61605835,116.17067719,-2.59700131,382.84371948,0.00000000
1823.00000000,110.16588593,-9.03961658,383.94076538,114.71861267,-2.63439059,383.17123413,0.00000000
1824.00000000,108.43737030,-9.03621006,384.23641968,112.95999146,-2.61541843,383.48013306,0.00000000
1825.00000000,106.36948395,-8.97294235,384.52563477,110.84819794,-2.53321671,383.78536987,0.00000000
1826.00000000,103.96609497,-8.85484505,384.80197144,108.43132019,-2.39182949,384.05572510,0.00000000
1827.00000000,101.25312042,-8.69083786,385.05844116,105.69699097,-2.20188260,384.31478882,0.00000000
1828.00000000,98.22053528,-8.48771572,385.30838013,102.61815643,-1.96774077,384.57626343,0.00000000
1829.00000000,94.87504578,-8.24477863,385.55178833,99.21117401,-1.69427657,384.83734131,0.00000000
1830.00000000,91.21740723,-7.96894693,385.78518677,95.48513794,-1.38129604,385.08850098,0.00000000
1831.00000000,87.23490143,-7.66982126,386.01068115,91.45217133,-1.04402852,385.32998657,0.00000000
1832.00000000,82.91867065,-7.34481382,386.24484253,87.09194946,-0.68437892,385.57345581,0.00000000
1833.00000000,78.34399414,-7.00566578,386.45382690,82.41511536,-0.30470002,385.82678223,0.00000000
1834.00000000,73.46224213,-6.65803671,386.66406250,77.45609283,0.09049890,386.05859375,0.00000000
1835.00000000,68.30377197,-6.30836201,386.86425781,72.22289276,0.48815927,386.27401733,0.00000000
1836.00000000,62.88106918,-5.96188021,387.05072021,66.74712372,0.87778366,386.46826172,0.00000000
1837.00000000,57.23577499,-5.63840294,387.21655273,60.99928284,1.24865568,386.65496826,0.00000000
1838.00000000,51.37344360,-5.34869528,387.34994507,55.00976944,1.58828568,386.83154297,0.00000000
1839.00000000,45.28285217,-5.09667063,387.47537231,48.86342239,1.88902748,386.95834351,0.00000000
1840.00000000,39.01294327,-4.89633608,387.57269287,42.50748444,2.13547897,387.06771851,0.00000000
1841.00000000,32.59688950,-4.75976610,387.64184570,35.96861649,2.31794500,387.17819214,0.00000000
1842.00000000,26.00763321,-4.69632673,387.71377563,29.25839043,2.42543244,387.27764893,0.00000000
1843.00000000,19.27271271,-4.72430563,387.78149414,22.43388557,2.44514966,387.35626221,0.00000000
1844.00000000,12.40578556,-4.84695387,387.83871460,15.44165802,2.36290288,387.45291138,0.00000000
1845.00000000,5.39468098,-5.07004833,387.91146851,8.33455753,2.18802714,387.54470825,0.00000000
1846.00000000,-1.68793380,-5.39833879,387.99075317,1.12604201,1.90504193,387.65737915,0.00000000
1847.00000000,-8.84983826,-5.83635998,388.08163452,-6.13600779,1.50813639,387.77246094,0.00000000
1848.00000000,-16.06519127,-6.38475275,388.18957520,-13.45691299,0.99611515,387.90701294,0.00000000
1849.00000000,-23.32035255,-7.04992628,388.30715942,-20.84572983,0.36905295,388.07357788,0.00000000
1850.00000000,-30.60289955,-7.83010244,388.44219971,-28.25262833,-0.37332559,388.24609375,0.00000000
1851.00000000,-37.88884354,-8.72236919,388.58203125,-35.65589905,-1.23090565,388.42019653,0.00000000
1852.00000000,-45.15488052,-9.71939945,388.71856689,-43.03379822,-2.19017720,388.59225464,0.00000000
1853.00000000,-52.34610367,-10.81624126,388.84552002,-50.36088943,-3.26014447,388.76608276,0.00000000
1854.00000000,-59.44741058,-12.00742817,388.98098755,-57.58360672,-4.42074776,388.93545532,0.00000000
1855.00000000,-66.40247345,-13.27950954,389.09585571,-64.68000031,-5.66803837,389.09533691,0.00000000
1856.00000000,-73.23629761,-14.63407516,389.22134399,-71.61685181,-6.99342775,389.24774170,0.00000000
1857.00000000,-79.88180542,-16.05853081,389.32034302,-78.37841797,-8.39503479,389.38339233,0.00000000
1858.00000000,-86.38419342,-17.54825592,389.40948486,-84.98623657,-9.87277699,389.50756836,0.00000000
1859.00000000,-92.73154449,-19.10385704,389.48760986,-91.43227386,-11.41315937,389.61141968,0.00000000
1860.00000000,-98.91685486,-20.71709824,389.54043579,-97.73652649,-13.01197147,389.70471191,0.00000000
1861.00000000,-104.96332550,-22.38761330,389.57897949,-103.87325287,-14.66916847,389.77813721,0.00000000
1862.00000000,-110.84745789,-24.10437393,389.60818481,-109.83850861,-16.37547493,389.83154297,0.00000000
1863.00000000,-116.56127930,-25.86357880,389.62167358,-115.65122223,-18.12234306,389.88449097,0.00000000
1864.00000000,-122.08486938,-27.65176392,389.62524414,-121.26646423,-19.90235138,389.91931152,0.00000000
1865.00000000,-127.41284180,-29.45551872,389.61849976,-126.68019867,-21.69963455,389.94299316,0.00000000
1866.00000000,-132.51473999,-31.26207352,389.59970093,-131.86041260,-23.49873924,389.95443726,0.00000000
1867.00000000,-137.37139893,-33.04902649,389.57992554,-136.80130005,-25.28420258,389.96478271,0.00000000
1868.00000000,-141.97714233,-34.81969070,389.57580566,-141.49728394,-27.04806519,389.98754883,0.00000000
1869.00000000,-146.33200073,-36.55672836,389.59103394,-145.93055725,-28.78179741,390.02416992,0.00000000
1870.00000000,-150.41178894,-38.25009918,389.62152100,-150.08605957,-30.47396660,390.07965088,0.00000000
1871.00000000,-154.22955322,-39.89269638,389.67684937,-153.96397400,-32.11621857,390.14968872,0.00000000
1872.00000000,-157.75563049,-41.46554184,389.75180054,-157.55644226,-33.68860245,390.23748779,0.00000000
1873.00000000,-160.98606873,-42.95942307,389.84506226,-160.84376526,-35.17850876,390.34796143,0.00000000
1874.00000000,-163.91435242,-44.35903931,389.95022583,-163.82710266,-36.57827759,390.46414185,0.00000000
1875.00000000,-166.54869080,-45.66227341,390.06140137,-166.51831055,-37.88009262,390.58349609,0.00000000
1876.00000000,-168.89335632,-46.86368942,390.17044067,-168.90205383,-39.08086777,390.70391846,0.00000000
1877.00000000,-170.97492981,-47.96579742,390.29150391,-171.02682495,-40.18181610,390.83554077,0.00000000
1878.00000000,-172.78074646,-48.96229172,390.41531372,-172.86485291,-41.18140411,390.96307373,0.00000000
1879.00000000,-174.32049561,-49.85075378,390.54760742,-174.43357849,-42.07251740,391.09518433,0.00000000
1880.00000000,-175.59611511,-50.62748337,390.68945313,-175.73873901,-42.84777069,391.23760986,0.00000000
1881.00000000,-176.61351013,-51.28260040,390.83184814,-176.77922058,-43.50569916,391.39047241,0.00000000
1882.00000000,-177.34172058,-51.80844116,390.96780396,-177.53080750,-44.02991486,391.53884888,0.00000000
1883.00000000,-177.79190063,-52.19641876,391.11019897,-177.98840332,-44.41898727,391.67971802,0.00000000
1884.00000000,-177.94679260,-52.44606018,391.25170898,-178.16085815,-44.66889191,391.82910156,0.00000000
1885.00000000,-177.83262634,-52.55962372,391.40823364,-178.05403137,-44.78195190,391.98812866,0.00000000
1886.00000000,-177.42720032,-52.52871704,391.56637573,-177.65174866,-44.75316620,392.14273071,0.00000000
1887.00000000,-176.74522400,-52.36333847,391.72317505,-176.95840454,-44.58754349,392.30035400,0.00000000
1888.00000000,-175.76177979,-52.06186676,391.86267090,-175.97184753,-44.28472137,392.45367432,0.00000000
1889.00000000,-174.51806641,-51.63189697,392.00497437,-174.70503235,-43.85300064,392.59408569,0.00000000
1890.00000000,-173.00814819,-51.07858276,392.13632202,-173.16123962,-43.29971313,392.71646118,0.00000000
1891.00000000,-171.23640442,-50.41212845,392.25195313,-171.36782837,-42.63549805,392.82369995,0.00000000
1892.00000000,-169.22564697,-49.64158249,392.33895874,-169.31906128,-41.86433029,392.91387939,0.00000000
1893.00000000,-166.97450256,-48.77001572,392.40026855,-167.03393555,-40.99021149,392.97366333,0.00000000
1894.00000000,-164.49542236,-47.80220795,392.43463135,-164.51303101,-40.02243423,393.00793457,0.00000000
1895.00000000,-161.80607605,-46.74301147,392.44085693,-161.77735901,-38.96356964,393.00680542,0.00000000
1896.00000000,-158.89836121,-45.59700394,392.39944458,-158.82484436,-37.81698990,392.96127319,0.00000000
1897.00000000,-155.78356934,-44.36683273,392.32125854,-155.65312195,-36.58908081,392.87158203,0.00000000
1898.00000000,-152.46983337,-43.06241989,392.20196533,-152.27519226,-35.28716278,392.74069214,0.00000000
1899.00000000,-148.92599487,-41.68770218,392.03991699,-148.69470215,-33.91315079,392.58044434,0.00000000
1900.00000000,-145.17944336,-40.24205399,391.86224365,-144.86553955,-32.46910477,392.37469482,0.00000000
1901.00000000,-141.20819092,-38.73659515,391.66024780,-140.81781006,-30.96690941,392.15493774,0.00000000
1902.00000000,-136.99705505,-37.17689133,391.42620850,-136.54472351,-29.41056252,391.90972900,0.00000000
1903.00000000,-132.57392883,-35.57012939,391.18066406,-132.04890442,-27.81003761,391.64648438,0.00000000
1904.00000000,-127.92979431,-33.92921066,390.91534424,-127.32460785,-26.17305183,391.36175537,0.00000000
1905.00000000,-123.08851624,-32.25941849,390.64852905,-122.38555145,-24.50537300,391.06683350,0.00000000
1906.00000000,-118.03514099,-30.56158829,390.36959839,-117.25154877,-22.81463242,390.76562500,0.00000000
1907.00000000,-112.79184723,-28.84403610,390.09417725,-111.90435791,-21.10701561,390.46240234,0.00000000
1908.00000000,-107.35552216,-27.11895561,389.82180786,-106.36479950,-19.39431190,390.16723633,0.00000000
1909.00000000,-101.73384857,-25.39650726,389.56866455,-100.64184570,-17.68410492,389.88623047,0.00000000
1910.00000000,-95.95924377,-23.68704224,389.33905029,-94.77124786,-15.99156189,389.64440918,0.00000000
1911.00000000,-90.04756165,-22.00238419,389.15518188,-88.73698425,-14.32510471,389.43145752,0.00000000
1912.00000000,-83.96665192,-20.35449219,388.99841309,-82.54610443,-12.68882275,389.25604248,0.00000000
1913.00000000,-77.76164246,-18.74063492,388.88171387,-76.24349213,-11.09767723,389.13623047,0.00000000
1914.00000000,-71.42318726,-17.17957687,388.81051636,-69.78496552,-9.55699444,389.04037476,0.00000000
1915.00000000,-64.95310211,-15.67217922,388.77554321,-63.19360733,-8.06989384,388.98120117,0.00000000
1916.00000000,-58.34775925,-14.21596813,388.76745605,-56.47749710,-6.64419365,388.95712280,0.00000000
1917.00000000,-51.62345123,-12.83178806,388.79330444,-49.63849640,-5.28688860,388.96881104,0.00000000
1918.00000000,-44.80128860,-11.51756859,388.85488892,-42.67972183,-4.00005531,388.99563599,0.00000000
1919.00000000,-37.84677887,-10.27540112,388.91900635,-35.62009048,-2.79443431,389.04962158,0.00000000
1920.00000000,-30.83648109,-9.11971760,389.01901245,-28.47518730,-1.66693771,389.12557983,0.00000000
1921.00000000,-23.74350739,-8.04482365,389.13613892,-21.25196266,-0.63020009,389.21835327,0.00000000
1922.00000000,-16.55771255,-7.06407404,389.25509644,-13.95868969,0.31140471,389.32739258,0.00000000
1923.00000000,-9.34341431,-6.17164326,389.40014648,-6.60497046,1.15770686,389.44653320,0.00000000
1924.00000000,-2.10514450,-5.37944508,389.54516602,0.75750989,1.90266204,389.56890869,0.00000000
1925.00000000,5.11197758,-4.68988037,389.69622803,8.11816597,2.54659700,389.68923950,0.00000000
1926.00000000,12.29055977,-4.09648561,389.84204102,15.41580009,3.08747864,389.82064819,0.00000000
1927.00000000,19.37992096,-3.59927320,389.99514771,22.61755371,3.53716230,389.96191406,0.00000000
1928.00000000,26.35016632,-3.18747663,390.15097046,29.73089409,3.88982129,390.08969116,0.00000000
1929.00000000,33.20997620,-2.86806464,390.28234863,36.71800995,4.15658903,390.20141602,0.00000000
1930.00000000,39.96194077,-2.62715626,390.38763428,43.57963943,4.34615517,390.29385376,0.00000000
1931.00000000,46.57381058,-2.46023440,390.48168945,50.31042862,4.45487690,390.36547852,0.00000000
1932.00000000,53.02471542,-2.36751652,390.55032349,56.87727737,4.49216413,390.41622925,0.00000000
1933.00000000,59.29446030,-2.34751534,390.61541748,63.27651978,4.45572805,390.44686890,0.00000000
1934.00000000,65.38653564,-2.39945316,390.65591431,69.44529724,4.34939098,390.48129272,0.00000000
1935.00000000,71.29073334,-2.51150656,390.67797852,75.43394470,4.18088627,390.48727417,0.00000000
1936.00000000,76.98085022,-2.68125248,390.68240356,81.21558380,3.95824075,390.47039795,0.00000000
1937.00000000,82.47343445,-2.90215373,390.65466309,86.78266907,3.68885636,390.42852783,0.00000000
1938.00000000,87.73919678,-3.16320372,390.60559082,92.14211273,3.37647104,390.35083008,0.00000000
1939.00000000,92.79649353,-3.46030641,390.53744507,97.26767731,3.03104544,390.25436401,0.00000000
1940.00000000,97.61306763,-3.78276348,390.44433594,102.16518402,2.65669060,390.13336182,0.00000000
1941.00000000,102.20333099,-4.13365889,390.33331299,106.79333496,2.26572800,390.01284790,0.00000000
1942.00000000,106.52789307,-4.49626112,390.21609497,111.19236755,1.85800874,389.86642456,0.00000000
1943.00000000,110.60727692,-4.87038326,390.08404541,115.33196259,1.44510591,389.70516968,0.00000000
1944.00000000,114.45527649,-5.24854946,389.93280029,119.23686218,1.03068650,389.53079224,0.00000000
1945.00000000,118.03394318,-5.62564325,389.78231812,122.86467743,0.61740810,389.36096191,0.00000000
1946.00000000,121.33816528,-5.99757671,389.64138794,126.22837830,0.20484282,389.19683838,0.00000000
1947.00000000,124.39514923,-6.36800909,389.50762939,129.31808472,-0.19810520,389.05068970,0.00000000
1948.00000000,127.19425201,-6.72580814,389.36999512,132.13848877,-0.58863270,388.90429688,0.00000000
1949.00000000,129.69319153,-7.07583714,389.25518799,134.68551636,-0.96219242,388.76867676,0.00000000
1950.00000000,131.92636108,-7.40252638,389.14123535,136.92750549,-1.31846297,388.65231323,0.00000000
1951.00000000,133.85365295,-7.70224524,389.04339600,138.90591431,-1.64200437,388.52359009,0.00000000
1952.00000000,135.48727417,-7.96763039,388.93463135,140.57168579,-1.92554331,388.40603638,0.00000000
1953.00000000,136.86203003,-8.19309711,388.78726196,141.95286560,-2.16325140,388.25134277,0.00000000
1954.00000000,137.90626526,-8.37195969,388.65045166,143.04194641,-2.35388494,388.09020996,0.00000000
1955.00000000,138.66401672,-8.51247025,388.50228882,143.77354431,-2.50235295,387.93640137,0.00000000
1956.00000000,139.11494446,-8.60496712,388.35711670,144.19662476,-2.60261369,387.79037476,0.00000000
1957.00000000,139.23561096,-8.66202164,388.22033691,144.34417725,-2.65581727,387.63146973,0.00000000
1958.00000000,139.02140808,-8.67521858,388.09246826,144.15460205,-2.66633916,387.48480225,0.00000000
1959.00000000,138.51974487,-8.64131737,387.94927979,143.61824036,-2.62685943,387.33999634,0.00000000
1960.00000000,137.72007751,-8.55814934,387.79577637,142.77868652,-2.53300333,387.18127441,0.00000000
1961.00000000,136.57441711,-8.41942406,387.62295532,141.62707520,-2.38227987,387.00152588,0.00000000
1962.00000000,135.09606934,-8.23452663,387.43688965,140.11703491,-2.17741132,386.81954956,0.00000000
1963.00000000,133.26091003,-7.99119425,387.25030518,138.25665283,-1.91459823,386.62820435,0.00000000
1964.00000000,131.06605530,-7.70675182,387.06106567,136.07589722,-1.60509884,386.42785645,0.00000000
1965.00000000,128.59452820,-7.37865973,386.85446167,133.55491638,-1.25188994,386.22930908,0.00000000
1966.00000000,125.79153442,-7.01253700,386.64355469,130.70623779,-0.85615581,386.03375244,0.00000000
1967.00000000,122.66029358,-6.61506844,386.43905640,127.53914642,-0.42571172,385.82955933,0.00000000
1968.00000000,119.24482727,-6.19110298,386.21957397,124.07680511,0.03156832,385.62121582,0.00000000
1969.00000000,115.56542206,-5.74952269,385.97988892,120.33912659,0.50894976,385.39541626,0.00000000
1970.00000000,111.60915375,-5.29117441,385.71914673,116.31244659,1.01313448,385.15899658,0.00000000
1971.00000000,107.36238861,-4.82465506,385.46148682,112.02023315,1.51932025,384.90600586,0.00000000
1972.00000000,102.86570740,-4.35754728,385.16699219,107.45508575,2.03079271,384.63742065,0.00000000
1973.00000000,98.12705994,-3.88931012,384.84603882,102.64601898,2.54420710,384.32971191,0.00000000
1974.00000000,93.14001465,-3.43225431,384.49450684,97.60483551,3.04575562,383.98785400,0.00000000
1975.00000000,87.95621490,-2.99706745,384.10916138,92.32685089,3.53730154,383.62149048,0.00000000
1976.00000000,82.51313782,-2.57866383,383.70901489,86.80845642,4.00318766,383.23800659,0.00000000
1977.00000000,76.86904907,-2.18663645,383.26876831,81.07748413,4.44577551,382.81619263,0.00000000
1978.00000000,71.02256012,-1.82827961,382.80502319,75.15164948,4.85617685,382.36013794,0.00000000
1979.00000000,64.97772980,-1.51708937,382.32730103,69.02902985,5.22175407,381.88964844,0.00000000
1980.00000000,58.76979065,-1.24984014,381.83358765,62.71523285,5.54056787,381.41006470,0.00000000
1981.00000000,52.42829514,-1.05093479,381.31478882,56.26456451,5.79612541,380.91217041,0.00000000
1982.00000000,45.88852692,-0.91818148,380.83175659,49.64728165,5.97697449,380.43258667,0.00000000
1983.00000000,39.23364258,-0.86346233,380.35122681,42.87650681,6.08699369,379.98126221,0.00000000
1984.00000000,32.46649551,-0.89289701,379.89471436,35.99132156,6.10658646,379.55099487,0.00000000
1985.00000000,25.60379982,-1.01623535,379.45056152,29.03863716,6.03432178,379.12539673,0.00000000
1986.00000000,18.68746567,-1.23847306,379.01687622,22.01525497,5.86192131,378.71014404,0.00000000
1987.00000000,11.74435616,-1.56996679,378.59109497,14.95586491,5.57654619,378.31744385,0.00000000
1988.00000000,4.77074909,-2.01784420,378.20172119,7.87360144,5.17116833,377.95483398,0.00000000
1989.00000000,-2.21862364,-2.58992434,377.85040283,0.76934534,4.64106178,377.63186646,0.00000000
1990.00000000,-9.22339535,-3.28647494,377.53662109,-6.33318424,3.98880315,377.34878540,0.00000000
1991.00000000,-16.20531082,-4.10537863,377.24291992,-13.42457104,3.20776820,377.09555054,0.00000000
1992.00000000,-23.16416359,-5.04237938,376.97125244,-20.48707581,2.30872488,376.86053467,0.00000000
1993.00000000,-30.06661224,-6.09812593,376.71563721,-27.50302315,1.29026604,376.65017700,0.00000000
1994.00000000,-36.88861084,-7.25778675,376.48425293,-34.44760513,0.16027854,376.46588135,0.00000000
1995.00000000,-43.62402725,-8.52317715,376.28689575,-41.28466797,-1.06656730,376.30886841,0.00000000
1996.00000000,-50.26682663,-9.87080383,376.12149048,-48.04069901,-2.38627148,376.19107056,0.00000000
1997.00000000,-56.76750183,-11.28934956,375.97879028,-54.64384842,-3.77829552,376.08978271,0.00000000
1998.00000000,-63.07474518,-12.76710033,375.84890747,-61.06861115,-5.23331928,376.00625610,0.00000000
1999.00000000,-69.20695496,-14.30559063,375.75415039,-67.29611206,-6.74405670,375.94992065,0.00000000
2000.00000000,-75.16947174,-15.90114403,375.72369385,-73.34956360,-8.32322025,375.94735718,0.00000000
2001.00000000,-80.95338440,-17.55928421,375.74594116,-79.24019623,-9.96604061,376.01132202,0.00000000
2002.00000000,-86.56090546,-19.28419113,375.82867432,-84.94824219,-11.67094803,376.12738037,0.00000000
2003.00000000,-92.01274109,-21.07217216,375.96322632,-90.49812317,-13.44383049,376.29922485,0.00000000
2004.00000000,-97.29259491,-22.91818047,376.13735962,-95.86785126,-15.27655792,376.51397705,0.00000000
2005.00000000,-102.42217255,-24.82175255,376.36566162,-101.08001709,-17.16370010,376.76922607,0.00000000
2006.00000000,-107.35906982,-26.77747726,376.61499023,-106.10453796,-19.10645485,377.05328369,0.00000000
2007.00000000,-112.14501190,-28.78156853,376.89297485,-110.97104645,-21.10013962,377.36578369,0.00000000
2008.00000000,-116.78367615,-30.82949829,377.18847656,-115.70201874,-23.14089203,377.70501709,0.00000000
2009.00000000,-121.26890564,-32.90814209,377.48492432,-120.27986145,-25.20598602,378.04214478,0.00000000
2010.00000000,-125.58296204,-34.99116898,377.76245117,-124.69033813,-27.28101349,378.36526489,0.00000000
2011.00000000,-129.70004272,-37.05976105,378.03015137,-128.88636780,-29.34464455,378.66177368,0.00000000
2012.00000000,-133.59164429,-39.09421921,378.26657104,-132.86662292,-31.37687302,378.93008423,0.00000000
2013.00000000,-137.27914429,-41.08362198,378.48275757,-136.61911011,-33.35781479,379.16900635,0.00000000
2014.00000000,-140.73316956,-43.01470566,378.66934204,-140.15127563,-35.28718948,379.38085938,0.00000000
2015.00000000,-143.97846985,-44.87917328,378.83392334,-143.46868896,-37.14647293,379.56613159,0.00000000
2016.00000000,-146.97547913,-46.65702057,378.96636963,-146.54058838,-38.92021942,379.71875000,0.00000000
2017.00000000,-149.73118591,-48.33147049,379.08541870,-149.35212708,-40.59112549,379.84860229,0.00000000
2018.00000000,-152.20483398,-49.88335419,379.16552734,-151.89916992,-42.14101028,379.94631958,0.00000000
2019.00000000,-154.42283630,-51.30674744,379.24325562,-154.17332458,-43.56595230,380.03662109,0.00000000
2020.00000000,-156.36026001,-52.58960342,379.30966187,-156.16354370,-44.85027313,380.11419678,0.00000000
2021.00000000,-158.02197266,-53.73464584,379.37322998,-157.85424805,-45.99022675,380.18438721,0.00000000
2022.00000000,-159.39375305,-54.72699356,379.42730713,-159.26528931,-46.98348236,380.25067139,0.00000000
2023.00000000,-160.49874878,-55.57104492,379.48907471,-160.39700317,-47.82826996,380.31719971,0.00000000
2024.00000000,-161.33732605,-56.26510620,379.54306030,-161.24557495,-48.52347946,380.37933350,0.00000000
2025.00000000,-161.90704346,-56.81545258,379.59600830,-161.83097839,-49.07376480,380.43853760,0.00000000
2026.00000000,-162.21153259,-57.21467590,379.63757324,-162.14356995,-49.47562027,380.48846436,0.00000000
2027.00000000,-162.25447083,-57.46910095,379.66491699,-162.18092346,-49.73208237,380.52740479,0.00000000
2028.00000000,-162.01737976,-57.57248306,379.67367554,-161.94459534,-49.83750153,380.54830933,0.00000000
2029.00000000,-161.51187134,-57.52955627,379.66177368,-161.43191528,-49.79379272,380.54528809,0.00000000
2030.00000000,-160.72926331,-57.34246063,379.62786865,-160.64375305,-49.60780334,380.52096558,0.00000000
2031.00000000,-159.69535828,-57.01777649,379.56243896,-159.60314941,-49.28369522,380.46505737,0.00000000
2032.00000000,-158.43156433,-56.55610275,379.48794556,-158.29681396,-48.82168961,380.38052368,0.00000000
2033.00000000,-156.89334106,-55.94519043,379.37542725,-156.73887634,-48.21518326,380.26797485,0.00000000
2034.00000000,-155.07955933,-55.18870544,379.22195435,-154.90663147,-47.45639038,380.11523438,0.00000000
2035.00000000,-153.00033569,-54.28097916,379.04431152,-152.79716492,-46.54622650,379.92755127,0.00000000
2036.00000000,-150.64321899,-53.21961212,378.83444214,-150.40785217,-45.48833847,379.71191406,0.00000000
2037.00000000,-148.01976013,-52.02035904,378.62200928,-147.72631836,-44.29077148,379.47973633,0.00000000
2038.00000000,-145.13255310,-50.69409943,378.39276123,-144.78274536,-42.96520233,379.23138428,0.00000000
2039.00000000,-141.98777771,-49.24697495,378.15856934,-141.58024597,-41.51998901,378.97579956,0.00000000
2040.00000000,-138.60217285,-47.69452286,377.91583252,-138.14489746,-39.96860886,378.72268677,0.00000000
2041.00000000,-134.96577454,-46.03901672,377.66110229,-134.44667053,-38.31835938,378.44995117,0.00000000
2042.00000000,-131.08166504,-44.29565430,377.39697266,-130.50352478,-36.57973862,378.17315674,0.00000000
2043.00000000,-126.97780609,-42.48115158,377.14395142,-126.32724762,-34.76607895,377.90447998,0.00000000
2044.00000000,-122.66842651,-40.60363007,376.91262817,-121.91480255,-32.89613342,377.64724731,0.00000000
2045.00000000,-118.09790039,-38.67346954,376.67984009,-117.27371216,-30.97551346,377.40014648,0.00000000
2046.00000000,-113.32533264,-36.70260239,376.46487427,-112.41600800,-29.01417160,377.17214966,0.00000000
2047.00000000,-108.34193420,-34.70442200,376.27105713,-107.32945251,-27.02023506,376.95443726,0.00000000
2048.00000000,-103.14263153,-32.68473053,376.09716797,-102.03399658,-25.01726341,376.75726318,0.00000000
2049.00000000,-97.73564911,-30.66244507,375.94027710,-96.52505493,-23.00929070,376.58007813,0.00000000
2050.00000000,-92.12799072,-28.64345360,375.80621338,-90.80962372,-21.00065422,376.41809082,0.00000000
2051.00000000,-86.33653259,-26.63766479,375.67672729,-84.92392731,-19.01263428,376.28475952,0.00000000
2052.00000000,-80.35704041,-24.65104866,375.56610107,-78.83728790,-17.04804802,376.14581299,0.00000000
2053.00000000,-74.19622040,-22.68595505,375.44720459,-72.55365753,-15.10505581,375.99835205,0.00000000
2054.00000000,-67.88291931,-20.75542068,375.34634399,-66.12054443,-13.19244194,375.86462402,0.00000000
2055.00000000,-61.40374374,-18.85345078,375.24462891,-59.53189850,-11.31623745,375.73620605,0.00000000
2056.00000000,-54.75511932,-16.99198532,375.12664795,-52.77214432,-9.48036289,375.59411621,0.00000000
2057.00000000,-47.98671341,-15.17754555,375.02166748,-45.88460159,-7.68974924,375.45623779,0.00000000
2058.00000000,-41.09136200,-13.41254234,374.91693115,-38.85879517,-5.95674801,375.31323242,0.00000000
2059.00000000,-34.07748795,-11.70511341,374.80584717,-31.71835327,-4.28003168,375.16595459,0.00000000
2060.00000000,-26.93932152,-10.06029415,374.66946411,-24.45974350,-2.66682553,374.99856567,0.00000000
2061.00000000,-19.74337959,-8.48522282,374.54397583,-17.13969994,-1.13081002,374.83062744,0.00000000
2062.00000000,-12.47276783,-6.98523808,374.39889526,-9.74101162,0.32665467,374.64758301,0.00000000
2063.00000000,-5.15623045,-5.58104134,374.25280762,-2.30771661,1.68764663,374.46728516,0.00000000
2064.00000000,2.15915322,-4.26845837,374.11471558,5.14968872,2.95241714,374.28555298,0.00000000
2065.00000000,9.48594666,-3.05688214,373.97918701,12.60231876,4.11730433,374.11154175,0.00000000
2066.00000000,16.80577087,-1.95162582,373.84567261,20.04206657,5.17200851,373.94696045,0.00000000
2067.00000000,24.08166885,-0.96109521,373.73217773,27.43727303,6.11275625,373.79373169,0.00000000
2068.00000000,31.26971436,-0.08128379,373.62506104,34.76908875,6.93945503,373.64520264,0.00000000
2069.00000000,38.40333176,0.68179750,373.51202393,42.01210403,7.65035248,373.49926758,0.00000000
2070.00000000,45.42455292,1.33433628,373.39956665,49.13907242,8.24563122,373.36169434,0.00000000
2071.00000000,52.32693863,1.87485623,373.28155518,56.15394974,8.73072433,373.21432495,0.00000000
2072.00000000,59.06987381,2.31434226,373.16491699,63.03049469,9.11151981,373.05422974,0.00000000
2073.00000000,65.65397644,2.65944052,373.03707886,69.72080231,9.40737247,372.88824463,0.00000000
2074.00000000,72.05629730,2.92063665,372.89584351,76.21349335,9.61421585,372.71884155,0.00000000
2075.00000000,78.24211884,3.10802031,372.76385498,82.47158051,9.74631882,372.56634521,0.00000000
2076.00000000,84.23242950,3.22543192,372.62414551,88.56197357,9.80509853,372.39276123,0.00000000
2077.00000000,89.99073029,3.27597833,372.48504639,94.41352081,9.79590893,372.21914673,0.00000000
2078.00000000,95.49747467,3.26408553,372.35510254,99.97098541,9.73183346,372.07754517,0.00000000
2079.00000000,100.74727631,3.20101094,372.23968506,105.33480835,9.61650848,371.91195679,0.00000000
2080.00000000,105.71167755,3.08887410,372.15438843,110.37766266,9.45356941,371.79452515,0.00000000
2081.00000000,110.43539429,2.92728782,372.07641602,115.13804626,9.24927044,371.70184326,0.00000000
2082.00000000,114.84382629,2.72290301,372.04309082,119.61447906,8.99955368,371.64022827,0.00000000
2083.00000000,118.96791840,2.48137307,372.05618286,123.79625702,8.71180248,371.62591553,0.00000000
2084.00000000,122.81876373,2.20970201,372.09591675,127.69425201,8.39659500,371.64257813,0.00000000
2085.00000000,126.37277985,1.90892839,372.17196655,131.31262207,8.06127739,371.69128418,0.00000000
2086.00000000,129.61480713,1.58869398,372.29882813,134.61065674,7.71033955,371.78689575,0.00000000
2087.00000000,132.54151917,1.26852238,372.46136475,137.53703308,7.35614395,371.94650269,0.00000000
2088.00000000,135.10485840,0.94092393,372.68533325,140.15240479,7.00300598,372.13641357,0.00000000
2089.00000000,137.36045837,0.62380874,372.93072510,142.42280579,6.65962744,372.37728882,0.00000000
2090.00000000,139.28509521,0.30734771,373.22766113,144.38406372,6.33043957,372.64755249,0.00000000
2091.00000000,140.88938904,0.01416374,373.55224609,146.01057434,6.01573801,372.95999146,0.00000000
2092.00000000,142.15058899,-0.26315799,373.91717529,147.26374817,5.73234129,373.32534790,0.00000000
2093.00000000,143.09103394,-0.50778824,374.30618286,148.24568176,5.47065687,373.69735718,0.00000000
2094.00000000,143.70236206,-0.72507930,374.72927856,148.86016846,5.25456476,374.10900879,0.00000000
2095.00000000,144.00137329,-0.90109110,375.15969849,149.16079712,5.07592392,374.54098511,0.00000000
2096.00000000,143.95526123,-1.02746284,375.61511230,149.10816956,4.94465017,374.99768066,0.00000000
2097.00000000,143.56460571,-1.10915458,376.07189941,148.70219421,4.86629581,375.46502686,0.00000000
2098.00000000,142.83578491,-1.14156151,376.52590942,147.96493530,4.84435987,375.92349243,0.00000000
2099.00000000,141.72370911,-1.11800385,376.99652100,146.87062073,4.87670565,376.38403320,0.00000000
2100.00000000,140.28491211,-1.04417050,377.44967651,145.39668274,4.96953297,376.84637451,0.00000000
2101.00000000,138.51075745,-0.91963536,377.86923218,143.56335449,5.11366606,377.29574585,0.00000000
2102.00000000,136.40208435,-0.74693161,378.27615356,141.43327332,5.30431890,377.71334839,0.00000000
2103.00000000,133.92924500,-0.53654671,378.67684937,138.93827820,5.54424000,378.11676025,0.00000000
2104.00000000,131.12168884,-0.27983239,379.04760742,136.09025574,5.83224821,378.50942993,0.00000000
2105.00000000,127.97072601,0.01722579,379.40087891,132.90034485,6.15736580,378.88238525,0.00000000
2106.00000000,124.48210907,0.35066870,379.73132324,129.38156128,6.52334690,379.21780396,0.00000000
2107.00000000,120.63740540,0.71481973,380.03350830,125.50101471,6.92288160,379.53491211,0.00000000
2108.00000000,116.53400421,1.09734631,380.27325439,121.31253052,7.34703302,379.80175781,0.00000000
2109.00000000,112.06555176,1.49246871,380.49322510,116.79133606,7.78047848,380.03726196,0.00000000
2110.00000000,107.29116058,1.88143992,380.65942383,111.95623779,8.21795464,380.21896362,0.00000000
2111.00000000,102.18080902,2.26733041,380.80294800,106.80941772,8.64908886,380.36544800,0.00000000
2112.00000000,96.75736237,2.64057922,380.90014648,101.30622101,9.07237244,380.48696899,0.00000000
2113.00000000,91.04989624,2.99471521,380.95391846,95.50567627,9.48537922,380.56942749,0.00000000
2114.00000000,85.03930664,3.31998014,380.98742676,89.39888763,9.86415100,380.63189697,0.00000000
2115.00000000,78.79463196,3.60157061,380.98117065,83.05954742,10.20272732,380.64431763,0.00000000
2116.00000000,72.29748535,3.83106399,380.96148682,76.51903534,10.49296856,380.62081909,0.00000000
2117.00000000,65.63323212,4.00034237,380.89819336,69.74028015,10.71195793,380.59622192,0.00000000
2118.00000000,58.76239395,4.09177017,380.83468628,62.74886703,10.86226940,380.56472778,0.00000000
2119.00000000,51.71214294,4.09454298,380.76339722,55.58395386,10.92519569,380.52227783,0.00000000
2120.00000000,44.51551819,4.00268126,380.68713379,48.28394318,10.88973808,380.46932983,0.00000000
2121.00000000,37.16596222,3.80267191,380.61230469,40.79846954,10.74549389,380.44268799,0.00000000
2122.00000000,29.66996956,3.48264289,380.54650879,33.21289444,10.47967911,380.39352417,0.00000000
2123.00000000,22.06331253,3.03091192,380.46704102,25.48735046,10.08607483,380.34887695,0.00000000
2124.00000000,14.34188271,2.44500923,380.37979126,17.62453270,9.54911041,380.30587769,0.00000000
2125.00000000,6.49401569,1.71286535,380.27816772,9.67113876,8.86857414,380.24487305,0.00000000
2126.00000000,-1.44038045,0.83805329,380.15667725,1.61192238,8.04068756,380.17053223,0.00000000
2127.00000000,-9.49000263,-0.18196984,380.02722168,-6.57313871,7.07370329,380.08587646,0.00000000
2128.00000000,-17.56212997,-1.33619797,379.84982300,-14.78256130,5.96972132,379.95193481,0.00000000
2129.00000000,-25.64903831,-2.61024714,379.63745117,-23.00927162,4.73470354,379.78677368,0.00000000
2130.00000000,-33.69662476,-4.00528526,379.38537598,-31.18441200,3.38887358,379.56976318,0.00000000
2131.00000000,-41.64567947,-5.50641584,379.09774780,-39.28005600,1.92498803,379.32241821,0.00000000
2132.00000000,-49.47945404,-7.11429262,378.79751587,-47.25524521,0.35839230,379.06054688,0.00000000
2133.00000000,-57.19856262,-8.81387615,378.50906372,-55.10967636,-1.30715370,378.79986572,0.00000000
2134.00000000,-64.75025940,-10.59303379,378.22308350,-62.82837296,-3.05647326,378.56311035,0.00000000
2135.00000000,-72.13446045,-12.44492245,377.97726440,-70.35161591,-4.87748146,378.35107422,0.00000000
2136.00000000,-79.30691528,-14.35594654,377.76361084,-77.63651276,-6.76117325,378.16049194,0.00000000
2137.00000000,-86.20459747,-16.31259727,377.59552002,-84.68885040,-8.69567680,378.03012085,0.00000000
2138.00000000,-92.84716797,-18.30703354,377.48690796,-91.43806458,-10.66554356,377.94033813,0.00000000
2139.00000000,-99.20919037,-20.32114983,377.43634033,-97.92603302,-12.66735458,377.92578125,0.00000000
2140.00000000,-105.30548096,-22.35763741,377.46325684,-104.13362122,-14.68598366,377.97946167,0.00000000
2141.00000000,-111.07565308,-24.39343262,377.55792236,-110.03519440,-16.70984268,378.11221313,0.00000000
2142.00000000,-116.57488251,-26.42799187,377.73406982,-115.61484528,-18.73335838,378.31143188,0.00000000
2143.00000000,-121.78480530,-28.45135307,377.99465942,-120.90616608,-20.74779320,378.59466553,0.00000000
2144.00000000,-126.70616150,-30.45809364,378.31784058,-125.93887329,-22.74806976,378.96023560,0.00000000
2145.00000000,-131.34413147,-32.43668747,378.70181274,-130.66770935,-24.71714592,379.37487793,0.00000000
2146.00000000,-135.70451355,-34.36436081,379.13146973,-135.08210754,-26.64072037,379.82037354,0.00000000
2147.00000000,-139.77282715,-36.23157883,379.59643555,-139.22994995,-28.50471497,380.31460571,0.00000000
2148.00000000,-143.51780701,-38.02248001,380.08068848,-143.06703186,-30.29421806,380.83377075,0.00000000
2149.00000000,-146.97404480,-39.72015381,380.58544922,-146.58506775,-31.98828506,381.36257935,0.00000000
2150.00000000,-150.12051392,-41.30882263,381.11398315,-149.79510498,-33.57561874,381.90972900,0.00000000
2151.00000000,-152.94573975,-42.77129364,381.64492798,-152.68202209,-35.04114151,382.46453857,0.00000000
2152.00000000,-155.46591187,-44.09937286,382.18634033,-155.25099182,-36.36652756,383.02127075,0.00000000
2153.00000000,-157.64521790,-45.27698517,382.71536255,-157.49148560,-37.54104233,383.57519531,0.00000000
2154.00000000,-159.50807190,-46.29528046,383.24420166,-159.38839722,-38.56047440,384.11181641,0.00000000
2155.00000000,-161.04649353,-47.14933395,383.76669312,-160.96597290,-39.41493607,384.64514160,0.00000000
2156.00000000,-162.27046204,-47.83563614,384.27694702,-162.22616577,-40.10139465,385.16690063,0.00000000
2157.00000000,-163.18579102,-48.35307312,384.77685547,-163.15255737,-40.62006378,385.66561890,0.00000000
2158.00000000,-163.78367615,-48.70064163,385.26101685,-163.77124023,-40.96641922,386.15985107,0.00000000
2159.00000000,-164.06561279,-48.87299728,385.73400879,-164.05984497,-41.13997650,386.63842773,0.00000000
2160.00000000,-164.03430176,-48.87690735,386.18841553,-164.02726746,-41.14554977,387.09646606,0.00000000
2161.00000000,-163.69116211,-48.72272873,386.61871338,-163.68522644,-40.99266815,387.53277588,0.00000000
2162.00000000,-163.05148315,-48.41975403,387.02053833,-163.04212952,-40.68968964,387.94552612,0.00000000
2163.00000000,-162.11929321,-47.97842789,387.38314819,-162.09054565,-40.24805450,388.31268311,0.00000000
2164.00000000,-160.92628479,-47.40220261,387.71841431,-160.86230469,-39.67531204,388.64486694,0.00000000
2165.00000000,-159.44506836,-46.70545197,388.00131226,-159.36685181,-38.97943497,388.93698120,0.00000000
2166.00000000,-157.70108032,-45.89196777,388.23501587,-157.60350037,-38.16698074,389.18090820,0.00000000
2167.00000000,-155.71144104,-44.97212982,388.42510986,-155.56915283,-37.24708176,389.36334229,0.00000000
2168.00000000,-153.45852661,-43.94288254,388.54745483,-153.28390503,-36.22298050,389.49917603,0.00000000
2169.00000000,-150.97079468,-42.81636429,388.63034058,-150.74488831,-35.09825516,389.57333374,0.00000000
2170.00000000,-148.21577454,-41.59412384,388.65002441,-147.96003723,-33.87603760,389.59140015,0.00000000
2171.00000000,-145.24282837,-40.28305054,388.62023926,-144.94233704,-32.56689453,389.55899048,0.00000000
2172.00000000,-142.05664063,-38.88884735,388.54116821,-141.69245911,-31.17580605,389.47055054,0.00000000
2173.00000000,-138.64193726,-37.41179657,388.40521240,-138.20890808,-29.70127106,389.32165527,0.00000000
2174.00000000,-135.01261902,-35.86239243,388.22698975,-134.51889038,-28.15224648,389.13211060,0.00000000
2175.00000000,-131.15597534,-34.23477554,387.99826050,-130.60205078,-26.52874947,388.88580322,0.00000000
2176.00000000,-127.09204865,-32.54768372,387.72363281,-126.46776581,-24.84178162,388.59597778,0.00000000
2177.00000000,-122.82901001,-30.79417992,387.41830444,-122.11705780,-23.09675217,388.27139282,0.00000000
2178.00000000,-118.34318542,-28.99248886,387.07327271,-117.55625916,-21.30312347,387.90512085,0.00000000
2179.00000000,-113.65257263,-27.14804459,386.70712280,-112.79405212,-19.46645546,387.51782227,0.00000000
2180.00000000,-108.75637054,-25.26895142,386.32202148,-107.80867767,-17.59477615,387.11160278,0.00000000
2181.00000000,-103.64318848,-23.36846733,385.93005371,-102.60770416,-15.70413971,386.70327759,0.00000000
2182.00000000,-98.34166718,-21.45298195,385.54824829,-97.19767761,-13.79994392,386.29345703,0.00000000
2183.00000000,-92.82012939,-19.53229904,385.15670776,-91.58431244,-11.89403629,385.88265991,0.00000000
2184.00000000,-87.11685944,-17.62373352,384.77435303,-85.77462006,-9.99582672,385.47515869,0.00000000
2185.00000000,-81.25399780,-15.73784828,384.41543579,-79.78848267,-8.12688541,385.08547974,0.00000000
2186.00000000,-75.21625519,-13.88097858,384.05776978,-73.65116119,-6.29120302,384.71240234,0.00000000
2187.00000000,-69.02017212,-12.07116508,383.70874023,-67.36352539,-4.50185871,384.35028076,0.00000000
2188.00000000,-62.70969009,-10.30863667,383.38604736,-60.92129517,-2.76340914,383.99389648,0.00000000
2189.00000000,-56.28025818,-8.61251163,383.05834961,-54.36964417,-1.09219182,383.64074707,0.00000000
2190.00000000,-49.74370956,-6.98423147,382.74029541,-47.73000717,0.50645798,383.30294800,0.00000000
2191.00000000,-43.11728668,-5.42877960,382.41827393,-40.97933960,2.03581262,382.95248413,0.00000000
2192.00000000,-36.40213394,-3.94865179,382.09173584,-34.12451935,3.48428965,382.58935547,0.00000000
2193.00000000,-29.61061478,-2.56009579,381.76904297,-27.20572472,4.84144783,382.23242188,0.00000000
2194.00000000,-22.76950264,-1.26574898,381.45080566,-20.24006844,6.10131931,381.88034058,0.00000000
2195.00000000,-15.87241745,-0.06608953,381.13177490,-13.24348164,7.26615906,381.54568481,0.00000000
2196.00000000,-8.94280052,1.03369915,380.82214355,-6.19685221,8.32741928,381.20419312,0.00000000
2197.00000000,-2.03362060,2.03283620,380.53723145,0.84650528,9.28748608,380.87844849,0.00000000
2198.00000000,4.87328148,2.93040371,380.25341797,7.88161325,10.14434338,380.56518555,0.00000000
2199.00000000,11.76652050,3.72953820,379.97634888,14.90052891,10.89597511,380.25512695,0.00000000
2200.00000000,18.58684540,4.42229319,379.71536255,21.85017776,11.54357624,379.95938110,0.00000000
2201.00000000,25.33759308,5.01661587,379.45483398,28.68925095,12.08612442,379.68252563,0.00000000
2202.00000000,31.97569084,5.50749779,379.19918823,35.44134903,12.53162193,379.40142822,0.00000000
2203.00000000,38.51292419,5.90661621,378.93054199,42.08601379,12.88183403,379.10992432,0.00000000
2204.00000000,44.92267227,6.21756744,378.65209961,48.61189651,13.14134312,378.80279541,0.00000000
2205.00000000,51.15214157,6.44583321,378.37344360,54.95586777,13.31726646,378.49612427,0.00000000
2206.00000000,57.20954895,6.59596205,378.08724976,61.09722900,13.41635036,378.19137573,0.00000000
2207.00000000,63.05732346,6.67650414,377.80044556,67.04523468,13.44999218,377.87701416,6.00000000
2208.00000000,68.70702362,6.70141506,377.50122070,72.77484894,13.42801189,377.56182861,0.00000000
2209.00000000,74.17667389,6.68357754,377.19631958,78.33123779,13.36457634,377.23187256,0.00000000
2210.00000000,79.49546051,6.62364578,376.88409424,83.73585510,13.26108360,376.88513184,0.00000000
2211.00000000,84.62117004,6.53417683,376.58462524,88.93266296,13.12659740,376.56027222,0.00000000
2212.00000000,89.55115509,6.42149258,376.29907227,93.93638611,12.96892548,376.24359131,0.00000000
2213.00000000,94.25446320,6.29674053,376.03741455,98.71451569,12.80325317,375.94918823,0.00000000
2214.00000000,98.73559570,6.15835238,375.79708862,103.24854279,12.62760448,375.68505859,0.00000000
