1903.00000000,186.99081421,69.15132141,255.00193787,183.19401550,63.24686432,254.78338623,0.00000000
1908.00000000,186.59060669,69.65529633,253.88151550,182.75869751,63.75214767,253.70935059,5.00000000
1909.00000000,186.51622009,69.75820160,253.64314270,182.67932129,63.84828949,253.47850037,0.00000000
1910.00000000,186.43928528,69.85530090,253.39620972,182.61283875,63.94818497,253.22929382,0.00000000
1911.00000000,186.38656616,69.95175171,253.14619446,182.55009460,64.04271698,252.98258972,0.00000000
1912.00000000,186.30235291,70.03822327,252.91047668,182.52488708,64.13207245,252.72462463,0.00000000
1913.00000000,186.25558472,70.12376404,252.66233826,182.46649170,64.21408844,252.48333740,0.00000000
1914.00000000,186.21678162,70.19705200,252.41593933,182.40649414,64.29036713,252.25549316,0.00000000
1915.00000000,186.18301392,70.26613617,252.17089844,182.35995483,64.35778809,252.02412415,0.00000000
1916.00000000,186.11247253,70.32468414,251.96206665,182.31063843,64.41628265,251.79937744,0.00000000
1917.00000000,186.08934021,70.37885284,251.73204041,182.27836609,64.47313690,251.57960510,0.00000000
1918.00000000,186.07603455,70.42066956,251.50971985,182.25247192,64.51587677,251.36357117,0.00000000
1919.00000000,186.06030273,70.45230103,251.30137634,182.24203491,64.53974152,251.16065979,0.00000000
1920.00000000,186.06346130,70.47197723,251.11032104,182.24455261,64.56790161,250.96426392,0.00000000
1921.00000000,186.06135559,70.48251343,250.94097900,182.26483154,64.57982635,250.77836609,0.00000000
1922.00000000,186.07987976,70.48583984,250.77790833,182.26837158,64.57669830,250.62648010,0.00000000
1923.00000000,186.12350464,70.47537231,250.62083435,182.29145813,64.55850220,250.47726440,0.00000000
1924.00000000,186.14956665,70.44720459,250.49566650,182.35067749,64.53749084,250.33369446,0.00000000
1925.00000000,186.21153259,70.40519714,250.36470032,182.40631104,64.50028229,250.20759583,0.00000000
1926.00000000,186.29046631,70.35621643,250.24279785,182.47210693,64.44960022,250.09286499,0.00000000
1927.00000000,186.35604858,70.29407501,250.15051270,182.53564453,64.38896179,250.00491333,0.00000000
1928.00000000,186.44410706,70.22313690,250.05850220,182.63688660,64.32216644,249.90571594,0.00000000
1929.00000000,186.54524231,70.14208984,249.98031616,182.71330261,64.24177551,249.83946228,0.00000000
1930.00000000,186.66271973,70.05755615,249.91612244,182.80003357,64.15537262,249.78791809,0.00000000
1931.00000000,186.72700500,69.96520996,249.89102173,182.91107178,64.06846619,249.74134827,0.00000000
1932.00000000,186.85282898,69.87524414,249.85470581,183.01957703,63.97573090,249.71487427,0.00000000
1933.00000000,186.95085144,69.78184509,249.84921265,183.14077759,63.88589478,249.69021606,0.00000000
1934.00000000,187.06364441,69.69888306,249.83880615,183.24063110,63.79604721,249.68727112,0.00000000
1935.00000000,187.18251038,69.61458588,249.82853699,183.36117554,63.71664810,249.67495728,0.00000000
1936.00000000,187.33460999,69.54913330,249.79907227,183.51101685,63.64982224,249.64994812,0.00000000
1937.00000000,187.50076294,69.48732758,249.77038574,183.65830994,63.59241104,249.63325500,0.00000000
1938.00000000,187.66467285,69.43887329,249.74534607,183.82382202,63.54973602,249.60772705,0.00000000
1939.00000000,187.83494568,69.40581512,249.71199036,184.01428223,63.52305984,249.56838989,0.00000000
1940.00000000,188.06597900,69.39714050,249.66093445,184.22221375,63.50974655,249.52693176,0.00000000
1941.00000000,188.28962708,69.39561462,249.62837219,184.44619751,63.51037216,249.50535583,0.00000000
1942.00000000,188.54281616,69.40898895,249.60478210,184.71368408,63.52737427,249.47825623,0.00000000
1943.00000000,188.85104370,69.43886566,249.59461975,185.01232910,63.55979919,249.46655273,0.00000000
1944.00000000,189.17173767,69.48048401,249.60684204,185.31848145,63.60626221,249.49327087,0.00000000
1945.00000000,189.50273132,69.54092407,249.64328003,185.66215515,63.67252731,249.52021790,0.00000000
1946.00000000,189.87019348,69.61973572,249.68440247,186.02732849,63.75407410,249.56411743,0.00000000
1947.00000000,190.24923706,69.70986176,249.73210144,186.38792419,63.85102463,249.62036133,0.00000000
1948.00000000,190.62692261,69.82099152,249.78981018,186.76091003,63.96744537,249.67396545,0.00000000
1949.00000000,190.98130798,69.94915771,249.87207031,187.10787964,64.09926605,249.75303650,0.00000000
1950.00000000,191.32250977,70.09587097,249.95434570,187.43899536,64.24605560,249.84681702,0.00000000
1951.00000000,191.68560791,70.25892639,250.02978516,187.79049683,64.41538239,249.93124390,0.00000000
1952.00000000,192.01335144,70.43692780,250.12106323,188.13113403,64.59945679,250.01156616,0.00000000
1953.00000000,192.34501648,70.63653564,250.21047974,188.46200562,64.79903412,250.10028076,0.00000000
1954.00000000,192.64971924,70.84913635,250.31033325,188.72901917,65.01226044,250.21890259,0.00000000
1955.00000000,192.94711304,71.07197571,250.40470886,189.00843811,65.24587250,250.33210754,0.00000000
1956.00000000,193.23925781,71.30631256,250.51199341,189.30262756,65.48078156,250.43925476,0.00000000
1957.00000000,193.50613403,71.55235291,250.64846802,189.58181763,65.72470093,250.55793762,0.00000000
1958.00000000,193.79600525,71.80648804,250.77322388,189.87716675,65.98103333,250.69337463,0.00000000
1959.00000000,194.09091187,72.05625916,250.94058228,190.16151428,66.24029541,250.86260986,0.00000000
1960.00000000,194.41464233,72.31468964,251.10636902,190.44802856,66.50249481,251.04299927,0.00000000
1961.00000000,194.68852234,72.58532715,251.30323792,190.74961853,66.77259064,251.22856140,0.00000000
1962.00000000,194.99594116,72.85498810,251.50125122,191.06213379,67.04381561,251.42294312,0.00000000
1963.00000000,195.34765625,73.12166595,251.71357727,191.36291504,67.31427002,251.65985107,0.00000000
1964.00000000,195.66131592,73.38989258,251.97128296,191.67735291,67.58698273,251.90812683,0.00000000
1965.00000000,195.95825195,73.65524292,252.24737549,191.97703552,67.85540009,252.17829895,0.00000000
1966.00000000,196.28442383,73.91967010,252.51835632,192.28712463,68.12317657,252.44964600,0.00000000
1967.00000000,196.63154602,74.18631744,252.77149963,192.60632324,68.39394379,252.71725464,0.00000000
1968.00000000,196.93777466,74.45292664,253.03688049,192.92034912,68.66497803,252.97000122,0.00000000
1969.00000000,197.26338196,74.71916199,253.27450562,193.21702576,68.93647766,253.21249390,0.00000000
1970.00000000,197.54933167,74.98635864,253.50753784,193.53160095,69.20564270,253.42019653,0.00000000
1971.00000000,197.86186218,75.26469421,253.69526672,193.79598999,69.48493958,253.62345886,0.00000000
1972.00000000,198.09681702,75.54148865,253.87503052,194.06417847,69.77178955,253.78302002,0.00000000
1973.00000000,198.34094238,75.84315491,254.00737000,194.28350830,70.07654572,253.92300415,0.00000000
1974.00000000,198.50808716,76.16496277,254.11500549,194.45944214,70.40046692,254.02032471,0.00000000
1975.00000000,198.62908936,76.50980377,254.17254639,194.57429504,70.75177002,254.08357239,0.00000000
1976.00000000,198.68545532,76.90065002,254.17471313,194.61437988,71.14083099,254.09933472,0.00000000
1977.00000000,198.60920715,77.32881927,254.12805176,194.54435730,71.57398224,254.05946350,0.00000000
1978.00000000,198.41310120,77.81382751,254.02638245,194.37919617,72.05841827,253.95402527,0.00000000
1979.00000000,198.08750916,78.34443665,253.87078857,194.04962158,72.58748627,253.82052612,0.00000000
1980.00000000,197.60968018,78.92213440,253.67887878,193.60107422,73.16771698,253.63487244,0.00000000
1981.00000000,196.96646118,79.55101013,253.46273804,192.94853210,73.79253387,253.45210266,0.00000000
1982.00000000,196.16253662,80.21577454,253.24084473,192.13360596,74.45082092,253.24523926,0.00000000
1983.00000000,195.15830994,80.91525269,253.02197266,191.14149475,75.14736938,253.03688049,0.00000000
1984.00000000,193.97355652,81.64778137,252.79797363,189.96595764,75.87299347,252.83720398,0.00000000
1985.00000000,192.57933044,82.39822388,252.60400391,188.57078552,76.61948395,252.66502380,0.00000000
1986.00000000,190.93750000,83.16772461,252.46315002,186.91941833,77.37531281,252.55360413,0.00000000
1987.00000000,189.07929993,83.96082306,252.37593079,185.07302856,78.15265656,252.47868347,0.00000000
1988.00000000,186.95234680,84.77296448,252.36853027,182.99177551,78.95302582,252.47474670,0.00000000
1989.00000000,184.63420105,85.61187744,252.39427185,180.65748596,79.77465057,252.52589417,0.00000000
1990.00000000,182.02896118,86.48095703,252.48460388,178.10269165,80.62115479,252.60923767,0.00000000
1991.00000000,179.19848633,87.37445068,252.60490417,175.32600403,81.49570465,252.72077942,0.00000000
1992.00000000,176.14787292,88.30155182,252.74137878,172.31750488,82.39325714,252.85842896,0.00000000
1993.00000000,172.88732910,89.25296021,252.88694763,169.08036804,83.32477570,253.01551819,0.00000000
1994.00000000,169.39862061,90.23940277,253.06098938,165.63249207,84.27868652,253.18974304,0.00000000
1995.00000000,165.71250916,91.25724030,253.23681641,162.00091553,85.26879120,253.36216736,0.00000000
1996.00000000,161.82009888,92.30563354,253.41877747,158.16477966,86.28569031,253.54203796,0.00000000
1997.00000000,157.79341125,93.38216400,253.56840515,154.15357971,87.32980347,253.70567322,0.00000000
1998.00000000,153.56860352,94.47777557,253.71343994,150.04174805,88.39899445,253.82543945,0.00000000
1999.00000000,149.22985840,95.58441925,253.82604980,145.74096680,89.47243500,253.95001221,0.00000000
2000.00000000,144.76269531,96.70442200,253.91223145,141.30131531,90.55835724,254.05511475,0.00000000
2001.00000000,140.14537048,97.82350159,253.98396301,136.74488831,91.64509583,254.13771057,0.00000000
2002.00000000,135.40078735,98.94293976,254.06076050,132.03303528,92.72377777,254.22688293,0.00000000
2003.00000000,130.53660583,100.03904724,254.13537598,127.21703339,93.79039001,254.30702209,0.00000000
2004.00000000,125.54399109,101.11422729,254.22537231,122.31344604,94.83753967,254.39105225,0.00000000
2005.00000000,120.50791168,102.15942383,254.29461670,117.32259369,95.85214233,254.46339417,0.00000000
2006.00000000,115.34840393,103.16580200,254.37452698,112.20787811,96.82439423,254.55627441,0.00000000
2007.00000000,110.10052490,104.12794495,254.45869446,107.01387787,97.75752258,254.64601135,0.00000000
2008.00000000,104.75961304,105.04688263,254.55674744,101.77433014,98.64796448,254.72244263,0.00000000
2009.00000000,99.35239410,105.92314911,254.64662170,96.40821075,99.48989105,254.82785034,0.00000000
2010.00000000,93.84576416,106.74575806,254.75349426,90.95118713,100.28713226,254.93569946,0.00000000
2011.00000000,88.17950439,107.51129150,254.87806702,85.35728455,101.02344513,255.05775452,0.00000000
2012.00000000,82.37297058,108.21961975,255.00732422,79.60957336,101.69948578,255.18771362,0.00000000
2013.00000000,76.44442749,108.86770630,255.11135864,73.76101685,102.31903076,255.29016113,0.00000000
2014.00000000,70.35899353,109.44124603,255.20755005,67.75005341,102.86499023,255.38769531,0.00000000
2015.00000000,64.06974030,109.93518066,255.30342102,61.52233887,103.32960510,255.48284912,0.00000000
2016.00000000,57.59157944,110.33573151,255.38125610,55.12545776,103.70304871,255.55580139,0.00000000
2017.00000000,50.91814423,110.62303162,255.44499207,48.50350952,103.95848846,255.62309265,0.00000000
2018.00000000,43.99625397,110.78318024,255.51011658,41.66415787,104.09188080,255.67478943,0.00000000
2019.00000000,36.84395981,110.80403137,255.55625916,34.58097076,104.07912445,255.72354126,0.00000000
2020.00000000,29.47112274,110.66848755,255.58699036,27.29058647,103.91410065,255.73150635,0.00000000
2021.00000000,21.88551903,110.36449432,255.60032654,19.81148338,103.57965851,255.72174072,0.00000000
2022.00000000,14.14302254,109.89775085,255.58358765,12.17421436,103.08070374,255.68238831,0.00000000
2023.00000000,6.28686905,109.26248169,255.55018616,4.43046188,102.41748810,255.62338257,0.00000000
2024.00000000,-1.65102017,108.46197510,255.52207947,-3.42068052,101.59237671,255.59300232,0.00000000
2025.00000000,-9.68052006,107.50737762,255.52827454,-11.32662392,100.60794830,255.56863403,0.00000000
2026.00000000,-17.71746635,106.40727234,255.52815247,-19.23923302,99.48114014,255.54785156,0.00000000
2027.00000000,-25.74536896,105.17410278,255.54875183,-27.14114380,98.22325134,255.55079651,0.00000000
2028.00000000,-33.70594406,103.81325531,255.57267761,-35.04611588,96.83527374,255.58903503,0.00000000
2029.00000000,-41.65868378,102.32102203,255.65632629,-42.86478424,95.32778168,255.63920593,0.00000000
2030.00000000,-49.55181503,100.71345520,255.77998352,-50.64671326,93.70185852,255.75326538,0.00000000
2031.00000000,-57.37552643,98.98776245,255.93093872,-58.37432861,91.95664978,255.89694214,0.00000000
2032.00000000,-65.14047241,97.15254974,256.11431885,-66.04036713,90.10594177,256.06518555,0.00000000
2033.00000000,-72.84071350,95.21580505,256.32122803,-73.63749695,88.15553284,256.25289917,0.00000000
2034.00000000,-80.47514343,93.16857147,256.53771973,-81.18138123,86.10150909,256.45123291,0.00000000
2035.00000000,-88.06921387,91.03296661,256.78042603,-88.67794800,83.95467377,256.67019653,0.00000000
2036.00000000,-95.56484222,88.81674194,256.99432373,-96.07943726,81.72648621,256.85327148,0.00000000
2037.00000000,-102.98051453,86.52446747,257.17260742,-103.39147186,79.42574310,257.00646973,0.00000000
2038.00000000,-110.29288483,84.15428162,257.30151367,-110.61138153,77.05725861,257.10998535,0.00000000
2039.00000000,-117.49278259,81.71697235,257.38406372,-117.73625946,74.61192322,257.18469238,0.00000000
2040.00000000,-124.60517883,79.20121765,257.44644165,-124.75241089,72.08840942,257.21560669,0.00000000
2041.00000000,-131.62016296,76.60565186,257.48559570,-131.65911865,69.49379730,257.23492432,0.00000000
2042.00000000,-138.51486206,73.93563843,257.51715088,-138.47016907,66.82803345,257.24728394,0.00000000
2043.00000000,-145.31127930,71.19502258,257.55758667,-145.17324829,64.08808136,257.26409912,0.00000000
2044.00000000,-151.97871399,68.39897919,257.59475708,-151.74961853,61.29706573,257.28784180,0.00000000
2045.00000000,-158.49403381,65.57048798,257.63497925,-158.15989685,58.47350311,257.29162598,0.00000000
2046.00000000,-164.81410217,62.74345398,257.66033936,-164.37731934,55.65171432,257.28417969,0.00000000
2047.00000000,-170.89379883,59.94012833,257.65182495,-170.37132263,52.85828018,257.25878906,0.00000000
2048.00000000,-176.74902344,57.18734741,257.63107300,-176.13674927,50.11505890,257.22506714,0.00000000
2049.00000000,-182.35244751,54.49421692,257.59411621,-181.64636230,47.43535995,257.17477417,0.00000000
2050.00000000,-187.66825867,51.88546371,257.54788208,-186.88175964,44.83010483,257.11444092,0.00000000
2051.00000000,-192.72425842,49.35137177,257.52917480,-191.85589600,42.31205750,257.08224487,0.00000000
2052.00000000,-197.52009583,46.91593552,257.52990723,-196.57502747,39.88510895,257.07043457,0.00000000
2053.00000000,-202.04573059,44.58124542,257.54507446,-201.03079224,37.55860519,257.07293701,0.00000000
2054.00000000,-206.29872131,42.34847260,257.56466675,-205.22454834,35.33826447,257.08944702,0.00000000
2055.00000000,-210.30514526,40.22554398,257.59881592,-209.16392517,33.22394180,257.11114502,0.00000000
2056.00000000,-214.06033325,38.20051956,257.66497803,-212.86439514,31.21406746,257.16333008,0.00000000
2057.00000000,-217.57774353,36.26895523,257.73425293,-216.33076477,29.29211426,257.22616577,0.00000000
2058.00000000,-220.88189697,34.41753769,257.82095337,-219.58758545,27.44664955,257.29602051,0.00000000
2059.00000000,-223.98645020,32.63214874,257.91519165,-222.66166687,25.67214012,257.38092041,0.00000000
2060.00000000,-226.91416931,30.90896797,258.01004028,-225.54925537,23.95424652,257.46649170,0.00000000
2061.00000000,-229.66909790,29.24334145,258.10473633,-228.25175476,22.29736519,257.54190063,0.00000000
2062.00000000,-232.23408508,27.64279938,258.18432617,-230.78709412,20.70934296,257.60354614,0.00000000
2063.00000000,-234.64082336,26.11986732,258.23239136,-233.13568115,19.19516373,257.63311768,0.00000000
2064.00000000,-236.84344482,24.67998505,258.25961304,-235.30516052,17.76611710,257.64624023,0.00000000
2065.00000000,-238.84390259,23.34366035,258.25567627,-237.25877380,16.43947983,257.62731934,0.00000000
2066.00000000,-240.61798096,22.12163925,258.22256470,-239.01019287,15.22317123,257.58959961,0.00000000
2067.00000000,-242.19657898,21.01024818,258.19403076,-240.55731201,14.12020111,257.54864502,0.00000000
2068.00000000,-243.57032776,20.01289368,258.17135620,-241.89581299,13.13155270,257.51629639,0.00000000
2069.00000000,-244.71604919,19.14484596,258.15914917,-243.01197815,12.27039528,257.50268555,0.00000000
2070.00000000,-245.63685608,18.41218567,258.17218018,-243.91416931,11.54518318,257.51177979,0.00000000
2071.00000000,-246.33451843,17.82570648,258.21023560,-244.58880615,10.96021461,257.54293823,0.00000000
2072.00000000,-246.77307129,17.38423538,258.25003052,-245.02362061,10.52051449,257.57757568,0.00000000
2073.00000000,-246.99977112,17.08645630,258.31945801,-245.23544312,10.22445583,257.63989258,0.00000000
2074.00000000,-246.99806213,16.92949867,258.40542603,-245.22459412,10.06743431,257.72137451,0.00000000
2075.00000000,-246.76031494,16.91281319,258.50271606,-244.99412537,10.05176544,257.82965088,0.00000000
2076.00000000,-246.29556274,17.03136444,258.61212158,-244.53231812,10.17337608,257.93612671,0.00000000
2077.00000000,-245.61012268,17.29166985,258.72735596,-243.86506653,10.42926502,258.06201172,0.00000000
2078.00000000,-244.69570923,17.68619347,258.84960938,-242.95748901,10.82140255,258.17367554,0.00000000
2079.00000000,-243.56724548,18.20610046,258.97164917,-241.84580994,11.33501625,258.29397583,0.00000000
2080.00000000,-242.22119141,18.83847237,259.08380127,-240.53030396,11.96341801,258.41302490,0.00000000
2081.00000000,-240.68974304,19.58401299,259.19409180,-239.01966858,12.70300388,258.52224731,0.00000000
2082.00000000,-238.95370483,20.43298340,259.28399658,-237.31713867,13.54379749,258.61013794,0.00000000
2083.00000000,-237.03733826,21.38005447,259.35507202,-235.42689514,14.48541069,258.67593384,0.00000000
2084.00000000,-234.96008301,22.41830254,259.39840698,-233.35826111,15.52053165,258.71292114,0.00000000
2085.00000000,-232.68203735,23.55901146,259.39126587,-231.11756897,16.65081596,258.70120239,0.00000000
2086.00000000,-230.22865295,24.79478645,259.32843018,-228.69308472,17.88142967,258.63653564,0.00000000
2087.00000000,-227.60154724,26.12849808,259.21057129,-226.11387634,19.20599747,258.53329468,0.00000000
2088.00000000,-224.81938171,27.55118942,259.03817749,-223.38186646,20.61976051,258.37039185,0.00000000
2089.00000000,-221.89106750,29.05966377,258.81973267,-220.47750854,22.12432098,258.14004517,0.00000000
2090.00000000,-218.78305054,30.66418076,258.52078247,-217.42437744,23.71585464,257.85687256,0.00000000
2091.00000000,-215.52844238,32.35709000,258.17077637,-214.20022583,25.40476418,257.50775146,0.00000000
2092.00000000,-212.09129333,34.14946747,257.76354980,-210.80366516,27.18659782,257.10882568,0.00000000
2093.00000000,-208.45565796,36.04502869,257.30545044,-207.22358704,29.07152176,256.66317749,0.00000000
2094.00000000,-204.63322449,38.04291916,256.81286621,-203.44226074,31.06095314,256.17449951,0.00000000
2095.00000000,-200.59109497,40.14759445,256.28549194,-199.46640015,33.15394592,255.66062927,0.00000000
2096.00000000,-196.34236145,42.35855865,255.74186707,-195.28788757,35.34897232,255.12771606,0.00000000
2097.00000000,-191.88401794,44.66208267,255.17570496,-190.89099121,37.64170456,254.58309937,0.00000000
2098.00000000,-187.21151733,47.04878235,254.61874390,-186.31350708,40.01757813,254.05168152,0.00000000
2099.00000000,-182.34410095,49.50525665,254.04716492,-181.52095032,42.46104050,253.50219727,0.00000000
2100.00000000,-177.31085205,52.01412964,253.48320007,-176.55659485,44.96006012,252.94641113,0.00000000
2101.00000000,-172.09727478,54.56671524,252.91368103,-171.43911743,47.50267410,252.39932251,0.00000000
2102.00000000,-166.73178101,57.15072632,252.33250427,-166.14410400,50.08106613,251.83001709,0.00000000
2103.00000000,-161.22097778,59.75740814,251.74000549,-160.70930481,52.67881775,251.25154114,0.00000000
2104.00000000,-155.56648254,62.36791611,251.13597107,-155.14807129,55.28070450,250.66659546,0.00000000
2105.00000000,-149.78244019,64.97360992,250.51889038,-149.44973755,57.87767792,250.06880188,0.00000000
2106.00000000,-143.87854004,67.56201172,249.89985657,-143.63716125,60.46509552,249.46946716,0.00000000
2107.00000000,-137.87849426,70.12650299,249.28871155,-137.70788574,63.02288437,248.85980225,0.00000000
2108.00000000,-131.72657776,72.66201019,248.64720154,-131.65534973,65.55441284,248.23768616,0.00000000
2109.00000000,-125.48326111,75.15300751,248.01406860,-125.49732971,68.04523468,247.61474609,0.00000000
2110.00000000,-119.12318420,77.59579468,247.38156128,-119.22975159,70.48688507,246.99856567,0.00000000
2111.00000000,-112.64927673,79.98683167,246.74885559,-112.84089661,72.87662506,246.37405396,0.00000000
2112.00000000,-106.07569122,82.31250763,246.12141418,-106.35740662,75.20866394,245.75541687,0.00000000
2113.00000000,-99.39775085,84.57444000,245.49839783,-99.76552582,77.47496796,245.13865662,0.00000000
2114.00000000,-92.63651276,86.76695251,244.89132690,-93.08002472,79.67090607,244.53477478,0.00000000
2115.00000000,-85.79779053,88.88778687,244.28869629,-86.34592438,81.79642487,243.94807434,0.00000000
2116.00000000,-78.87547302,90.94129181,243.68125916,-79.49936676,83.86231995,243.33724976,0.00000000
2117.00000000,-71.86233521,92.94559479,243.05278015,-72.57839966,85.87610626,242.71960449,0.00000000
2118.00000000,-64.76779175,94.88613129,242.42053223,-65.58818817,87.82780457,242.10021973,0.00000000
2119.00000000,-57.61000443,96.76285553,241.78192139,-58.51170349,89.71598816,241.46444702,0.00000000
2120.00000000,-50.37266159,98.58007813,241.13911438,-51.35671616,91.54582977,240.82536316,0.00000000
2121.00000000,-43.08190918,100.32264709,240.50987244,-44.16031647,93.30449677,240.20539856,0.00000000
2122.00000000,-35.74888611,101.98802185,239.90376282,-36.90320969,94.98776245,239.60299683,0.00000000
2123.00000000,-28.36143494,103.57698822,239.32406616,-29.62058258,96.59754944,239.03523254,0.00000000
2124.00000000,-20.94866753,105.08080292,238.78347778,-22.30217934,98.12137604,238.50137329,0.00000000
2125.00000000,-13.49015331,106.49715424,238.27587891,-14.94282436,99.55979919,237.99797058,0.00000000
2126.00000000,-5.99719286,107.82921600,237.81352234,-7.54458666,100.91240692,237.54061890,0.00000000
2127.00000000,1.52465510,109.06511688,237.40318298,-0.12167662,102.17722321,237.13208008,0.00000000
2128.00000000,9.07868767,110.20336914,237.03266907,7.33318520,103.33911133,236.76083374,0.00000000
2129.00000000,16.63697624,111.23751831,236.71276855,14.78018761,104.39826965,236.44462585,0.00000000
2130.00000000,24.18920135,112.15586090,236.44088745,22.22798538,105.35163879,236.17393494,0.00000000
2131.00000000,31.74305153,112.96030426,236.19323730,29.69672203,106.19389343,235.91613770,0.00000000
2132.00000000,39.26750565,113.65500641,235.98934937,37.15202332,106.91979218,235.68907166,0.00000000
2133.00000000,46.79659653,114.23236084,235.80055237,44.57439041,107.53430939,235.49723816,0.00000000
2134.00000000,54.30114365,114.70675659,235.63769531,51.98379517,108.04637909,235.31729126,0.00000000
2135.00000000,61.77746582,115.08283234,235.47425842,59.36839676,108.46663666,235.14089966,0.00000000
2136.00000000,69.22774506,115.36889648,235.29238892,66.70424652,108.78816986,234.96966553,0.00000000
2137.00000000,76.60720062,115.56816101,235.10433960,73.97879791,109.02533722,234.77975464,0.00000000
2138.00000000,83.92414856,115.68437195,234.88623047,81.20910645,109.18778992,234.55555725,0.00000000
2139.00000000,91.17070007,115.72204590,234.64134216,88.35601807,109.26994324,234.31585693,0.00000000
2140.00000000,98.31227112,115.69208527,234.37322998,95.41368866,109.27588654,234.05299377,0.00000000
2141.00000000,105.34709930,115.58712006,234.08027649,102.34484863,109.21630096,233.77670288,0.00000000
2142.00000000,112.25544739,115.41859436,233.77163696,109.17607880,109.09287262,233.47749329,0.00000000
2143.00000000,119.05731201,115.19378662,233.44920349,115.88047791,108.90767670,233.16764832,0.00000000
2144.00000000,125.70817566,114.90970612,233.10379028,122.45182037,108.67308807,232.84851074,0.00000000
2145.00000000,132.19946289,114.57469940,232.75352478,128.85441589,108.38238525,232.51150513,0.00000000
2146.00000000,138.48498535,114.18537140,232.41960144,135.06669617,108.04281616,232.19664001,0.00000000
2147.00000000,144.58737183,113.74739075,232.09664917,141.07965088,107.65014648,231.89222717,0.00000000
2148.00000000,150.48519897,113.26789093,231.79313660,146.87907410,107.21371460,231.61952209,0.00000000
2149.00000000,156.15168762,112.74499512,231.52574158,152.49357605,106.72985840,231.35826111,0.00000000
2150.00000000,161.60058594,112.18573761,231.29438782,157.86616516,106.21148682,231.14440918,0.00000000
2151.00000000,166.79136658,111.59830475,231.11154175,163.01974487,105.67088318,230.95875549,0.00000000
2152.00000000,171.74951172,110.99093628,230.96630859,167.90756226,105.10420227,230.81857300,0.00000000
2153.00000000,176.49002075,110.36741638,230.84268188,172.58580017,104.52249146,230.69998169,0.00000000
2154.00000000,180.98219299,109.73458862,230.74621582,177.04431152,103.93219757,230.60063171,0.00000000
2155.00000000,185.24035645,109.10913086,230.66691589,181.18917847,103.34943390,230.56462097,0.00000000
2156.00000000,189.18576050,108.49404144,230.64392090,185.10632324,102.77407837,230.53771973,0.00000000
2157.00000000,192.87777710,107.90468597,230.63789368,188.74517822,102.21896362,230.53384399,0.00000000
2158.00000000,196.26826477,107.34332275,230.67027283,192.11709595,101.69018555,230.55780029,0.00000000
2159.00000000,199.37274170,106.81040955,230.71000671,195.18305969,101.19412994,230.61526489,0.00000000
2160.00000000,202.18507385,106.32953644,230.77357483,197.90383911,100.74063873,230.70474243,0.00000000
2161.00000000,204.64056396,105.90313721,230.85890198,200.34501648,100.34391022,230.79598999,0.00000000
2162.00000000,206.79808044,105.52841187,230.95208740,202.47251892,99.99880219,230.90419006,0.00000000
2163.00000000,208.60339355,105.22635651,231.07070923,204.26850891,99.70942688,231.02299500,0.00000000
2164.00000000,210.02911377,104.98764801,231.23126221,205.69421387,99.48429871,231.19395447,0.00000000
2165.00000000,211.14916992,104.81272888,231.40631104,206.77700806,99.32340240,231.39634705,0.00000000
2166.00000000,211.92285156,104.70915222,231.62106323,207.52484131,99.23159027,231.62612915,0.00000000
2167.00000000,212.30299377,104.68035889,231.89608765,207.92425537,99.20921326,231.91271973,0.00000000
2168.00000000,212.35812378,104.73965454,232.21730042,207.96734619,99.26598358,232.23912048,0.00000000
2169.00000000,212.02928162,104.87364197,232.59974670,207.62635803,99.40739441,232.64158630,0.00000000
2170.00000000,211.35115051,105.08943176,233.03424072,206.96411133,99.62088776,233.08628845,0.00000000
2171.00000000,210.26956177,105.38832092,233.54406738,205.87004089,99.90633392,233.61408997,0.00000000
2172.00000000,208.86915588,105.76682281,234.07455444,204.45553589,100.27350616,234.16737366,0.00000000
2173.00000000,207.06996155,106.22605896,234.66891479,202.69898987,100.72239685,234.74563599,0.00000000
2174.00000000,204.89447021,106.76253510,235.30654907,200.54341125,101.24322510,235.37527466,0.00000000
2175.00000000,202.38549805,107.37416077,235.96890259,198.07203674,101.82749176,236.02926636,0.00000000
2176.00000000,199.51544189,108.05105591,236.66343689,195.23043823,102.47962189,236.71546936,0.00000000
2177.00000000,196.28309631,108.78228760,237.37962341,192.03674316,103.18638611,237.42135620,0.00000000
2178.00000000,192.69909668,109.56909180,238.11990356,188.47935486,103.94657898,238.14697266,0.00000000
2179.00000000,188.79731750,110.39004517,238.87663269,184.58967590,104.73958588,238.90197754,0.00000000
2180.00000000,184.59790039,111.24971771,239.65310669,180.40423584,105.55934143,239.68043518,0.00000000
2181.00000000,180.04431152,112.12107849,240.48397827,175.90768433,106.40078735,240.48075867,0.00000000
2182.00000000,175.19371033,113.00414276,241.34939575,171.15771484,107.25422668,241.29402161,0.00000000
2183.00000000,170.05691528,113.89236450,242.25190735,166.10589600,108.10691833,242.15638733,0.00000000
2184.00000000,164.69462585,114.77463531,243.17155457,160.76708984,108.94871521,243.06321716,0.00000000
2185.00000000,159.04211426,115.63800812,244.12960815,155.16007996,109.77011871,244.01393127,0.00000000
2186.00000000,153.13859558,116.47728729,245.11851501,149.32208252,110.56526947,244.97315979,0.00000000
2187.00000000,146.97689819,117.27614594,246.14529419,143.28239441,111.32750702,245.93861389,0.00000000
2188.00000000,140.63619995,118.03205872,247.15769958,136.98020935,112.04347229,246.94960022,0.00000000
2189.00000000,134.09771729,118.74834442,248.19493103,130.49699402,112.71097565,247.95730591,0.00000000
2190.00000000,127.35112000,119.40007782,249.23184204,123.81641388,113.32086945,248.97573853,0.00000000
2191.00000000,120.38306427,119.98880005,250.28799438,116.95455933,113.86985016,249.98979187,0.00000000
2192.00000000,113.26623535,120.50827026,251.33493042,109.89769745,114.34678650,251.01271057,0.00000000
2193.00000000,105.92712402,120.95632935,252.40531921,102.63356781,114.74729156,252.05854797,0.00000000
2194.00000000,98.46086884,121.32292938,253.44712830,95.23700714,115.06583405,253.08386230,0.00000000
2195.00000000,90.83877563,121.60045624,254.49319458,87.67102814,115.29634094,254.11970520,0.00000000
2196.00000000,83.07204437,121.77349091,255.54074097,80.00499725,115.43144226,255.12112427,0.00000000
2197.00000000,75.20404816,121.85023499,256.57073975,72.22292328,115.46045685,256.12948608,0.00000000
2198.00000000,67.20618439,121.80696869,257.62466431,64.32444763,115.37522888,257.15280151,0.00000000
2199.00000000,59.12549973,121.64623260,258.67404175,56.34303665,115.17480469,258.18020630,0.00000000
2200.00000000,50.97349930,121.36415863,259.74810791,48.28223038,114.85066986,259.22293091,0.00000000
2201.00000000,42.78703308,120.95972443,260.80932617,40.18011093,114.40116119,260.27239990,0.00000000
2202.00000000,34.53265381,120.41859436,261.90020752,32.02725601,113.82456207,261.33483887,0.00000000
2203.00000000,26.25024414,119.75431061,263.00454712,23.83896065,113.11867523,262.41000366,0.00000000
2204.00000000,17.94243050,118.95954895,264.10888672,15.66622353,112.29097748,263.46997070,0.00000000
2205.00000000,9.67051029,118.04898834,265.18927002,7.46823692,111.34419250,264.54113770,6.00000000
2206.00000000,1.40029025,117.01944733,266.27078247,-0.68598616,110.28060913,265.58535767,0.00000000
2207.00000000,-6.80128717,115.88469696,267.31350708,-8.79257393,109.11458588,266.60977173,0.00000000
2208.00000000,-14.94614601,114.64753723,268.34170532,-16.84901810,107.84513092,267.62130737,0.00000000
2209.00000000,-23.02837181,113.31042480,269.36004639,-24.84801865,106.47718048,268.62860107,0.00000000
2210.00000000,-31.01082420,111.87596130,270.37777710,-32.72871017,105.02223206,269.62216187,0.00000000
2211.00000000,-38.88245392,110.35948944,271.38946533,-40.49176407,103.47939301,270.60632324,0.00000000
2212.00000000,-46.63164139,108.76136780,272.39358521,-48.12156296,101.86421204,271.58551025,0.00000000
2213.00000000,-54.20935440,107.09888458,273.38183594,-55.61367416,100.18108368,272.56872559,0.00000000
2214.00000000,-61.65137863,105.36141205,274.36996460,-62.96921158,98.42302704,273.54022217,0.00000000
2215.00000000,-68.94042206,103.55867004,275.34863281,-70.16028595,96.60454559,274.50524902,0.00000000
2216.00000000,-76.06668854,101.69342041,276.31094360,-77.21128845,94.71770477,275.45202637,0.00000000
2217.00000000,-83.05926514,99.76174164,277.25958252,-84.11640930,92.77703094,276.38705444,0.00000000
2218.00000000,-89.87773132,97.78085327,278.16915894,-90.86211395,90.77947998,277.28924561,0.00000000
2219.00000000,-96.58157349,95.74678802,279.06301880,-97.44313812,88.73800659,278.14584351,0.00000000
2220.00000000,-103.10065460,93.67342377,279.90658569,-103.87197113,86.65901947,278.97155762,0.00000000
2221.00000000,-109.41167450,91.57214355,280.69271851,-110.13951874,84.54586792,279.75967407,0.00000000
2222.00000000,-115.57628632,89.44631958,281.45480347,-116.19745636,82.41240692,280.49203491,0.00000000
2223.00000000,-121.54425812,87.29412842,282.18359375,-122.07623291,80.25853729,281.19415283,0.00000000
2224.00000000,-127.29781342,85.13721466,282.87677002,-127.76066589,78.10064697,281.87963867,0.00000000
2225.00000000,-132.84841919,82.98943329,283.55035400,-133.22949219,75.94242859,282.53976440,0.00000000
2226.00000000,-138.13894653,80.85665894,284.19226074,-138.45379639,73.81236267,283.16348267,0.00000000
2227.00000000,-143.18571472,78.75950623,284.81402588,-143.42393494,71.71567535,283.76412964,0.00000000
2228.00000000,-147.97161865,76.70165253,285.41647339,-148.13998413,69.65532684,284.34887695,0.00000000
2229.00000000,-152.49021912,74.68062592,285.99847412,-152.58506775,67.63701630,284.91427612,0.00000000
2230.00000000,-156.75085449,72.70262146,286.56253052,-156.80215454,65.65972137,285.47521973,0.00000000
2231.00000000,-160.77101135,70.76590729,287.11886597,-160.73332214,63.73247910,286.00659180,0.00000000
2232.00000000,-164.51860046,68.88319397,287.66021729,-164.43632507,61.85153580,286.53857422,0.00000000
2233.00000000,-168.01829529,67.06540680,288.21121216,-167.88088989,60.03977585,287.07055664,0.00000000
2234.00000000,-171.23159790,65.34172821,288.75482178,-171.02960205,58.31875229,287.59759521,0.00000000
2235.00000000,-174.14962769,63.72087860,289.28985596,-173.89622498,56.70035172,288.10940552,0.00000000
2236.00000000,-176.75733948,62.21279526,289.79013062,-176.47413635,55.19654465,288.60424805,0.00000000
2237.00000000,-179.06271362,60.82167435,290.27493286,-178.73400879,53.80653763,289.07739258,0.00000000
2238.00000000,-181.08361816,59.54010773,290.76086426,-180.70750427,52.53411484,289.54794312,0.00000000
2239.00000000,-182.80967712,58.37817764,291.23132324,-182.42376709,51.37268829,290.02545166,0.00000000
2240.00000000,-184.26065063,57.34069824,291.72015381,-183.83993530,50.33714676,290.49575806,0.00000000
2241.00000000,-185.43458557,56.42065430,292.19702148,-184.99493408,49.42004395,290.96759033,0.00000000
2242.00000000,-186.31939697,55.62923050,292.66668701,-185.86389160,48.63219833,291.42794800,0.00000000
2243.00000000,-186.90812683,54.96714401,293.11953735,-186.44973755,47.97237396,291.87936401,0.00000000
2244.00000000,-187.23628235,54.43842697,293.56527710,-186.75186157,47.44475937,292.30938721,0.00000000
2245.00000000,-187.28688049,54.03715515,293.99398804,-186.79841614,47.04710007,292.72937012,0.00000000
2246.00000000,-187.05667114,53.76878357,294.39779663,-186.58412170,46.77780151,293.13635254,0.00000000
2247.00000000,-186.58328247,53.62951279,294.79348755,-186.10482788,46.63925552,293.52365112,0.00000000
2248.00000000,-185.84809875,53.62304306,295.16128540,-185.36659241,46.63486099,293.87921143,0.00000000
2249.00000000,-184.85365295,53.74995422,295.49456787,-184.38809204,46.76159286,294.21237183,0.00000000
2250.00000000,-183.59181213,54.00760269,295.78512573,-183.14814758,47.02060699,294.50262451,0.00000000
2251.00000000,-182.08789063,54.39880753,296.03369141,-181.66465759,47.40753555,294.75256348,0.00000000
2252.00000000,-180.33071899,54.91380310,296.23590088,-179.92938232,47.92214203,294.96026611,0.00000000
2253.00000000,-178.34585571,55.55038452,296.40255737,-177.96290588,48.55725479,295.12252808,0.00000000
2254.00000000,-176.13995361,56.29378128,296.53247070,-175.79083252,49.29678345,295.25173950,0.00000000
2255.00000000,-173.72271729,57.13835526,296.60897827,-173.41220093,50.13986588,295.33700562,0.00000000
2256.00000000,-171.11683655,58.07666016,296.65808105,-170.82580566,51.07788467,295.38546753,0.00000000
2257.00000000,-168.27485657,59.12046814,296.65087891,-168.03506470,52.11486053,295.38919067,0.00000000
2258.00000000,-165.22251892,60.25779343,296.60226440,-165.03875732,53.25153732,295.35333252,0.00000000
2259.00000000,-161.97378540,61.48514557,296.50521851,-161.81721497,54.47906876,295.25323486,0.00000000
2260.00000000,-158.51020813,62.79832458,296.36364746,-158.40655518,55.78657532,295.11901855,0.00000000
2261.00000000,-154.85328674,64.18659210,296.17864990,-154.80792236,57.16810989,294.94522095,0.00000000
2262.00000000,-151.01268005,65.64125061,295.97030640,-151.00242615,58.62675095,294.73181152,0.00000000
2263.00000000,-146.91604614,67.17219543,295.70684814,-146.99362183,60.15481949,294.49084473,0.00000000
2264.00000000,-142.64433289,68.76158905,295.42401123,-142.76947021,61.74614716,294.20480347,0.00000000
2265.00000000,-138.13334656,70.40512085,295.11071777,-138.33724976,63.38690567,293.90985107,0.00000000
2266.00000000,-133.46722412,72.08039093,294.79910278,-133.72328186,65.06547546,293.59753418,0.00000000
2267.00000000,-128.62283325,73.77567291,294.47787476,-128.93309021,66.76398468,293.27615356,0.00000000
2268.00000000,-123.57398224,75.48830414,294.13168335,-123.97963715,68.47596741,292.95651245,0.00000000
2269.00000000,-118.37744904,77.20530701,293.78890991,-118.84356689,70.19182587,292.61911011,0.00000000
2270.00000000,-113.02252197,78.91873932,293.43280029,-113.56401062,71.91057587,292.27352905,0.00000000
2271.00000000,-107.52438354,80.63105011,293.06921387,-108.13297272,73.62520599,291.91302490,0.00000000
2272.00000000,-101.85275269,82.33318329,292.67077637,-102.55281830,75.33451080,291.53680420,0.00000000
2273.00000000,-96.04677582,84.02634430,292.25674438,-96.80479431,77.03819275,291.11376953,0.00000000
2274.00000000,-90.11775208,85.69865417,291.82025146,-90.94473267,78.71822357,290.68148804,0.00000000
2275.00000000,-84.03686523,87.35195160,291.34582520,-84.96427155,80.37532806,290.23263550,0.00000000
2276.00000000,-77.86740875,88.96681976,290.86007690,-78.85008240,82.00660706,289.74703979,0.00000000
2277.00000000,-71.58295441,90.54664612,290.35714722,-72.64183044,83.59458160,289.24752808,0.00000000
2278.00000000,-65.19641876,92.08740997,289.83172607,-66.33197784,85.14736938,288.72253418,0.00000000
2279.00000000,-58.70605469,93.58354950,289.27050781,-59.93141556,86.65720367,288.18124390,0.00000000
2280.00000000,-52.11174011,95.03590393,288.69079590,-53.42617416,88.12648773,287.60726929,0.00000000
2281.00000000,-45.42502594,96.44295502,288.09051514,-46.81796646,89.54740906,287.01678467,0.00000000
2282.00000000,-38.62600327,97.80250549,287.47656250,-40.11103821,90.92435455,286.41317749,0.00000000
2283.00000000,-31.71789360,99.11453247,286.83300781,-33.29684067,92.25572205,285.78894043,0.00000000
2284.00000000,-24.73141670,100.37042236,286.18722534,-26.39147568,93.53139496,285.14974976,0.00000000
2285.00000000,-17.66418076,101.57315063,285.52072144,-19.40393448,94.75737762,284.49258423,0.00000000
2286.00000000,-10.53041363,102.71337891,284.85162354,-12.34696198,95.92604065,283.82751465,0.00000000
2287.00000000,-3.33651161,103.78837585,284.17813110,-5.25165844,97.02944183,283.17730713,0.00000000
2288.00000000,3.91499138,104.80190277,283.52120972,1.92456150,98.06708527,282.52423096,0.00000000
2289.00000000,11.25341511,105.75296021,282.86257935,9.15607834,99.04135895,281.89028931,0.00000000
2290.00000000,18.65382767,106.62361908,282.22573853,16.47639847,99.94470215,281.26562500,0.00000000
2291.00000000,26.13877296,107.41925049,281.61361694,23.86411476,100.76849365,280.66363525,0.00000000
2292.00000000,33.71510315,108.12506866,281.00970459,31.31534958,101.51496887,280.08480835,0.00000000
2293.00000000,41.28636551,108.74057770,280.45727539,38.80217361,102.16815948,279.53341675,0.00000000
2294.00000000,48.86059570,109.26042175,279.92724609,46.27544022,102.72843170,279.02059937,0.00000000
2295.00000000,56.41403580,109.68721008,279.41357422,53.72434235,103.19633484,278.51834106,0.00000000
2296.00000000,63.88548279,110.01285553,278.90753174,61.10566711,103.56515503,278.01867676,0.00000000
2297.00000000,71.23545074,110.24756622,278.40176392,68.40578461,103.84916687,277.50491333,0.00000000
2298.00000000,78.46209717,110.39936066,277.88409424,75.51527405,104.03744507,277.01947021,0.00000000
2299.00000000,85.52307129,110.47304535,277.34335327,82.47792053,104.15017700,276.49957275,0.00000000
2300.00000000,92.37038422,110.46780396,276.79116821,89.25621796,104.18972015,275.95629883,0.00000000
2301.00000000,99.00402832,110.39614105,276.22470093,95.81295776,104.15662384,275.40594482,0.00000000
2302.00000000,105.39211273,110.26261902,275.65618896,102.14524078,104.06426239,274.84353638,0.00000000
2303.00000000,111.55133820,110.06739044,275.07290649,108.21743774,103.91000366,274.28741455,0.00000000
2304.00000000,117.47730255,109.82401276,274.49114990,114.05175781,103.69506073,273.73986816,0.00000000
2305.00000000,123.14524078,109.53015900,273.92709351,119.66946411,103.43391418,273.18673706,0.00000000
2306.00000000,128.57244873,109.18650055,273.38259888,125.04315948,103.12817383,272.64828491,0.00000000
2307.00000000,133.77792358,108.80694580,272.85150146,130.19026184,102.77971649,272.13284302,0.00000000
2308.00000000,138.79902649,108.38632965,272.32281494,135.14834595,102.39762878,271.62356567,0.00000000
2309.00000000,143.58979797,107.94073486,271.83538818,139.89720154,101.98616028,271.13333130,0.00000000
2310.00000000,148.15716553,107.47264862,271.38644409,144.42958069,101.55249023,270.68307495,0.00000000
2311.00000000,152.54263306,106.99145508,270.96145630,148.76882935,101.09954834,270.26974487,0.00000000
2312.00000000,156.69566345,106.50170135,270.59204102,152.88034058,100.63759613,269.89733887,0.00000000
2313.00000000,160.63786316,106.00802612,270.24560547,156.77291870,100.17038727,269.56384277,0.00000000
2314.00000000,164.39817810,105.52076721,269.90554810,160.47367859,99.71182251,269.23422241,0.00000000
2315.00000000,167.88645935,105.04472351,269.60061646,163.94680786,99.26499176,268.92300415,0.00000000
2316.00000000,171.16670227,104.58309174,269.30386353,167.18829346,98.82559204,268.64318848,0.00000000
2317.00000000,174.22262573,104.12775421,269.03698730,170.19302368,98.39717865,268.39523315,0.00000000
2318.00000000,177.03805542,103.68715668,268.82107544,172.93986511,97.97703552,268.19671631,0.00000000
2319.00000000,179.60960388,103.25605774,268.64068604,175.50408936,97.56714630,268.00695801,0.00000000
2320.00000000,181.94125366,102.83776093,268.49682617,177.81709290,97.16283417,267.86926270,0.00000000
2321.00000000,184.03161621,102.42181396,268.39855957,179.89006042,96.76884460,267.77539063,0.00000000
2322.00000000,185.88343811,102.01911926,268.34280396,181.72042847,96.38085938,267.72256470,0.00000000
2323.00000000,187.49382019,101.62883759,268.33917236,183.32388306,96.00079346,267.70938110,0.00000000
2324.00000000,188.82752991,101.24764252,268.40417480,184.65914917,95.63192749,267.76403809,0.00000000
2325.00000000,189.99226379,100.88656616,268.46142578,185.75216675,95.27622223,267.86404419,0.00000000
2326.00000000,190.91477966,100.54763794,268.57501221,186.68391418,94.94093323,267.96359253,0.00000000
2327.00000000,191.62434387,100.22206879,268.73339844,187.41685486,94.62648773,268.10385132,0.00000000
2328.00000000,192.19593811,99.92536163,268.89364624,187.93356323,94.32810211,268.28649902,0.00000000
2329.00000000,192.55911255,99.64820099,269.09127808,188.29621887,94.05141449,268.48056030,0.00000000
2330.00000000,192.76460266,99.39997864,269.31393433,188.51457214,93.80471039,268.68817139,0.00000000
2331.00000000,192.84056091,99.17601013,269.53344727,188.59738159,93.58666229,268.89938354,0.00000000
2332.00000000,192.82313538,98.99168396,269.75332642,188.55982971,93.39679718,269.11550903,0.00000000
2333.00000000,192.67413330,98.83470154,269.98208618,188.40727234,93.24076080,269.33697510,0.00000000
2334.00000000,192.42433167,98.70827484,270.20642090,188.16448975,93.11090851,269.55685425,0.00000000
2335.00000000,192.06132507,98.61286163,270.44342041,187.83076477,93.01791382,269.77233887,0.00000000
2336.00000000,191.62020874,98.54364014,270.66384888,187.42196655,92.95178223,269.97686768,0.00000000
2337.00000000,191.13250732,98.50605774,270.87271118,186.92468262,92.90662384,270.17700195,0.00000000
2338.00000000,190.58395386,98.49502563,271.06198120,186.37823486,92.88925171,270.36517334,0.00000000
2339.00000000,189.97560120,98.50655365,271.25515747,185.76361084,92.89296722,270.55584717,0.00000000
2340.00000000,189.31541443,98.53968048,271.43203735,185.09638977,92.92377472,270.73196411,0.00000000
2341.00000000,188.62265015,98.59912109,271.59024048,184.41906738,92.97882843,270.87539673,0.00000000
2342.00000000,187.87010193,98.67565155,271.74758911,183.70526123,93.04838562,271.01391602,0.00000000
2343.00000000,187.10081482,98.76272583,271.87420654,182.93870544,93.13549805,271.13732910,0.00000000
2344.00000000,186.33856201,98.87757111,271.96386719,182.15135193,93.23775482,271.23846436,0.00000000
2345.00000000,185.52586365,99.00463104,272.04046631,181.37051392,93.35862732,271.30007935,0.00000000
2346.00000000,184.68504333,99.14351654,272.09722900,180.53350830,93.49240875,271.35937500,0.00000000
2347.00000000,183.87037659,99.29647064,272.11236572,179.71186829,93.64183044,271.37991333,0.00000000
2348.00000000,182.99339294,99.46512604,272.13705444,178.88192749,93.80249786,271.37826538,0.00000000
2349.00000000,182.14172363,99.63893890,272.12628174,178.01640320,93.96754456,271.38766479,0.00000000
2350.00000000,181.30265808,99.81839752,272.09735107,177.17109680,94.14070129,271.36700439,0.00000000
2351.00000000,180.42846680,100.00497437,272.07821655,176.34167480,94.31935883,271.32946777,0.00000000
2352.00000000,179.61161804,100.19602203,272.01882935,175.50740051,94.50387573,271.28384399,0.00000000
2353.00000000,178.76737976,100.39818573,271.96719360,174.70664978,94.69824219,271.21917725,0.00000000
2354.00000000,177.96522522,100.60047150,271.88790894,173.90878296,94.89250183,271.15203857,0.00000000
2355.00000000,177.20100403,100.80599213,271.79367065,173.11976624,95.09049225,271.07757568,0.00000000
2356.00000000,176.40602112,101.00782776,271.71749878,172.35989380,95.29241180,270.98101807,0.00000000
2357.00000000,175.64599609,101.21291351,271.61212158,171.59422302,95.49214935,270.89114380,0.00000000
2358.00000000,174.89736938,101.42124176,271.50363159,170.87875366,95.69342804,270.77084351,0.00000000
2359.00000000,174.17596436,101.62831879,271.38027954,170.16816711,95.89817810,270.64776611,0.00000000
2360.00000000,173.48858643,101.83370972,271.23248291,169.49768066,96.10134125,270.49890137,0.00000000
2361.00000000,172.77593994,102.03963470,271.09793091,168.79040527,96.29772949,270.37350464,0.00000000
2362.00000000,172.09362793,102.23815155,270.94326782,168.06987000,96.49192810,270.24987793,0.00000000
2363.00000000,171.40380859,102.43894958,270.79995728,167.41479492,96.68463898,270.09216309,0.00000000
2364.00000000,170.73193359,102.63851166,270.64270020,166.76203918,96.88002014,269.93487549,0.00000000
2365.00000000,170.08959961,102.83301544,270.48361206,166.11825562,97.07171631,269.78128052,0.00000000
2366.00000000,169.46090698,103.02327728,270.32583618,165.49124146,97.26033783,269.62484741,0.00000000
2367.00000000,168.84458923,103.20872498,270.18353271,164.88664246,97.43583679,269.47518921,0.00000000
2368.00000000,168.25929260,103.38297272,270.03933716,164.28416443,97.61090851,269.34005737,0.00000000
2369.00000000,167.68424988,103.54950714,269.89648438,163.73252869,97.77626801,269.19430542,0.00000000
2370.00000000,167.14024353,103.71657562,269.75411987,163.20112610,97.93710327,269.05316162,0.00000000
2371.00000000,166.62803650,103.87525177,269.60842896,162.68954468,98.09405518,268.90988159,0.00000000
2372.00000000,166.14306641,104.02726746,269.46685791,162.18919373,98.24553680,268.77673340,0.00000000
2373.00000000,165.68188477,104.17372894,269.32516479,161.73254395,98.38450623,268.63729858,0.00000000
2374.00000000,165.24346924,104.31137848,269.19195557,161.30175781,98.51811218,268.50515747,0.00000000
2375.00000000,164.83209229,104.44232178,269.05947876,160.91055298,98.65187836,268.37551880,0.00000000
2376.00000000,164.47778320,104.56359100,268.92718506,160.54489136,98.76943207,268.24987793,0.00000000
2377.00000000,164.15736389,104.68134308,268.80249023,160.20437622,98.88639832,268.13442993,0.00000000
2378.00000000,163.82357788,104.79023743,268.70538330,159.92578125,98.99420166,268.01336670,0.00000000
2379.00000000,163.54652405,104.89080811,268.59518433,159.63659668,99.08937836,267.91827393,0.00000000
2380.00000000,163.30717468,104.98770142,268.50170898,159.37252808,99.18376923,267.83334351,0.00000000
2381.00000000,163.08221436,105.06805420,268.41497803,159.15658569,99.27056122,267.74624634,0.00000000
2382.00000000,162.87284851,105.14447021,268.33224487,158.93830872,99.34625244,267.68362427,0.00000000
2383.00000000,162.67857361,105.21398926,268.26855469,158.74465942,99.41539764,267.62268066,0.00000000
2384.00000000,162.51249695,105.27329254,268.21249390,158.59909058,99.47623444,267.55023193,0.00000000
2385.00000000,162.32844543,105.33197784,268.18307495,158.44633484,99.52934265,267.50564575,0.00000000
2386.00000000,162.17463684,105.38244629,268.15667725,158.27407837,99.57855988,267.48974609,0.00000000
2387.00000000,162.03160095,105.42337036,268.14004517,158.13088989,99.62051392,267.47048950,0.00000000
2388.00000000,161.93475342,105.46504974,268.10330200,158.01086426,99.65963745,267.45318604,0.00000000
2389.00000000,161.81028748,105.50032806,268.09466553,157.90640259,99.69598389,267.43493652,0.00000000
2390.00000000,161.70320129,105.53073120,268.08038330,157.78839111,99.72310638,267.42770386,0.00000000
2391.00000000,161.59826660,105.55665588,268.07760620,157.70532227,99.74915314,267.41818237,0.00000000
2392.00000000,161.51013184,105.57257080,268.07583618,157.61376953,99.77239227,267.41845703,0.00000000
2393.00000000,161.41714478,105.58924866,268.08517456,157.50939941,99.78295898,267.42956543,0.00000000
2394.00000000,161.34561157,105.60167694,268.09185791,157.42230225,99.79441833,267.43872070,0.00000000
2395.00000000,161.25793457,105.60865021,268.10006714,157.33276367,99.79827881,267.45632935,0.00000000
2396.00000000,161.16220093,105.60801697,268.12536621,157.24778748,99.80281830,267.47552490,0.00000000
2397.00000000,161.08511353,105.60271454,268.14376831,157.19294739,99.79863739,267.47567749,0.00000000
2398.00000000,161.01005554,105.59835052,268.16265869,157.10414124,99.79162598,267.49725342,0.00000000
2399.00000000,160.94020081,105.59025574,268.17639160,157.02018738,99.78157806,267.52618408,0.00000000
2400.00000000,160.87019348,105.57862854,268.19348145,156.95278931,99.76987457,267.54043579,0.00000000
2401.00000000,160.79837036,105.56584930,268.21044922,156.88633728,99.75517273,267.55050659,0.00000000
2402.00000000,160.75390625,105.54669952,268.21685791,156.81651306,99.73526001,267.57461548,0.00000000
2403.00000000,160.69569397,105.52420807,268.24386597,156.78645325,99.71233368,267.58422852,0.00000000
2404.00000000,160.65632629,105.49432373,268.27133179,156.76383972,99.68423462,267.60433960,0.00000000
2405.00000000,160.63887024,105.46480560,268.30053711,156.72239685,99.64957428,267.64385986,0.00000000
2406.00000000,160.60597229,105.42955017,268.34100342,156.70574951,99.61606598,267.67297363,0.00000000
2407.00000000,160.59487915,105.39565277,268.37332153,156.69537354,99.58013916,267.70324707,0.00000000
2408.00000000,160.55976868,105.35272980,268.41497803,156.68957520,99.54046631,267.73104858,0.00000000
2409.00000000,160.56037903,105.31169128,268.44735718,156.66952515,99.49633789,267.77804565,0.00000000
2410.00000000,160.56809998,105.26472473,268.47711182,156.65119934,99.44956970,267.82550049,0.00000000
2411.00000000,160.53967285,105.21486664,268.53332520,156.64997864,99.39981079,267.86215210,0.00000000
2412.00000000,160.53614807,105.16007996,268.57980347,156.65280151,99.34506226,267.90634155,0.00000000
2413.00000000,160.53150940,105.10424042,268.63372803,156.65780640,99.28818512,267.95205688,0.00000000
2414.00000000,160.53843689,105.04407501,268.67901611,156.66195679,99.22640228,267.99331665,0.00000000
2415.00000000,160.54356384,104.98355865,268.72753906,156.64533997,99.16438293,268.05093384,0.00000000
2416.00000000,160.54577637,104.92437744,268.76904297,156.65386963,99.10478210,268.09463501,0.00000000
2417.00000000,160.54649353,104.85923767,268.81518555,156.64636230,99.04035950,268.14318848,0.00000000
2418.00000000,160.55923462,104.80187988,268.85070801,156.64978027,98.97940826,268.18093872,0.00000000
2419.00000000,160.56614685,104.74311829,268.88107300,156.66502380,98.92420959,268.20870972,0.00000000
2420.00000000,160.58720398,104.69110870,268.90484619,156.67263794,98.86954498,268.24194336,0.00000000
2421.00000000,160.57145691,104.63522339,268.94503784,156.68299866,98.81725311,268.27139282,0.00000000
2422.00000000,160.60606384,104.58695221,268.95706177,156.69497681,98.76666260,268.29611206,0.00000000
2423.00000000,160.61271667,104.54177856,268.98825073,156.72422791,98.71782684,268.31991577,0.00000000
2424.00000000,160.63883972,104.49775696,269.00967407,156.77978516,98.67787170,268.32913208,0.00000000
2425.00000000,160.71348572,104.46093750,269.01361084,156.81216431,98.63921356,268.34881592,0.00000000
2426.00000000,160.75091553,104.42895508,269.03933716,156.85787964,98.60237122,268.36813354,0.00000000
2427.00000000,160.78688049,104.39389038,269.07049561,156.90844727,98.57132721,268.40237427,0.00000000
2428.00000000,160.84712219,104.36740112,269.10339355,156.98510742,98.54615021,268.42840576,0.00000000
2429.00000000,160.92645264,104.33780670,269.14599609,157.04241943,98.51499176,268.47985840,0.00000000
2430.00000000,161.01792908,104.31322479,269.18893433,157.12657166,98.49050140,268.52859497,0.00000000
2431.00000000,161.07368469,104.28810120,269.25442505,157.19975281,98.46386719,268.58001709,0.00000000
2432.00000000,161.18444824,104.26394653,269.29852295,157.28526306,98.44208527,268.64126587,0.00000000
2433.00000000,161.25094604,104.24236298,269.35958862,157.37699890,98.42398834,268.68695068,0.00000000
2434.00000000,161.35745239,104.22031403,269.40487671,157.45611572,98.40200806,268.73767090,0.00000000
2435.00000000,161.42948914,104.19843292,269.45938110,157.53012085,98.37745667,268.79583740,0.00000000
2436.00000000,161.52766418,104.17705536,269.49969482,157.64199829,98.35823059,268.83337402,0.00000000
2437.00000000,161.64355469,104.15164185,269.54061890,157.74472046,98.33557129,268.88452148,0.00000000
2438.00000000,161.73785400,104.12622070,269.59347534,157.83894348,98.30873108,268.93518066,0.00000000
2439.00000000,161.81060791,104.09922028,269.65417480,157.91464233,98.28277588,268.99789429,0.00000000
2440.00000000,161.89678955,104.07476807,269.70718384,157.98457336,98.25608826,269.06182861,0.00000000
2441.00000000,161.97050476,104.04830170,269.76074219,158.04678345,98.22856903,269.11633301,0.00000000
2442.00000000,162.01609802,104.01908875,269.82098389,158.11273193,98.20178986,269.16778564,0.00000000
2443.00000000,162.05482483,103.98984528,269.87216187,158.14503479,98.16973114,269.22018433,0.00000000
2444.00000000,162.09599304,103.95677948,269.91036987,158.17265320,98.14083099,269.26632690,0.00000000
2445.00000000,162.13177490,103.92627716,269.94696045,158.21231079,98.11379242,269.29962158,0.00000000
2446.00000000,162.14196777,103.90009308,269.98632813,158.21475220,98.08287048,269.34841919,0.00000000
2447.00000000,162.14520264,103.87329865,270.03005981,158.23156738,98.05535889,269.38485718,0.00000000
2448.00000000,162.12939453,103.84746552,270.07882690,158.21786499,98.03109741,269.42977905,0.00000000
2449.00000000,162.11010742,103.82239532,270.12777710,158.19696045,98.00411224,269.47799683,0.00000000
2450.00000000,162.09083557,103.79837036,270.17089844,158.18617249,97.98262024,269.51348877,0.00000000
2451.00000000,162.07310486,103.77460480,270.20492554,158.16534424,97.95900726,269.54595947,0.00000000
2452.00000000,162.04267883,103.75290680,270.24172974,158.12953186,97.93243408,269.58969116,0.00000000
2453.00000000,162.01176453,103.73321533,270.27655029,158.11582947,97.91171265,269.61651611,0.00000000
2454.00000000,161.99089050,103.71324158,270.31521606,158.08750916,97.89579010,269.66259766,0.00000000
2455.00000000,161.96502686,103.69587708,270.35607910,158.04757690,97.87407684,269.70239258,0.00000000
2456.00000000,161.93690491,103.67413330,270.39285278,158.04235840,97.85484314,269.73736572,0.00000000
2457.00000000,161.93959045,103.65610504,270.42251587,158.03060913,97.83634186,269.76559448,0.00000000
2458.00000000,161.92013550,103.63437653,270.45745850,158.00801086,97.81674957,269.80694580,0.00000000
2459.00000000,161.91087341,103.61683655,270.49777222,157.99681091,97.79660034,269.84954834,0.00000000
2460.00000000,161.90190125,103.59619141,270.54241943,158.02468872,97.78041840,269.87661743,0.00000000
2461.00000000,161.91831970,103.57790375,270.58941650,158.03335571,97.76051331,269.93600464,0.00000000
2462.00000000,161.93513489,103.55955505,270.64556885,158.04563904,97.74346924,269.99185181,0.00000000
2463.00000000,161.94816589,103.54439545,270.71557617,158.06126404,97.73062897,270.05242920,0.00000000
2464.00000000,161.97874451,103.52877045,270.77389526,158.09286499,97.71376038,270.11483765,0.00000000
2465.00000000,161.98513794,103.51119232,270.84915161,158.09959412,97.69682312,270.18783569,0.00000000
2466.00000000,162.01683044,103.49633789,270.90759277,158.11456299,97.67990875,270.25366211,0.00000000
2467.00000000,162.00573730,103.47999573,270.98040771,158.12245178,97.66587067,270.31753540,0.00000000
2468.00000000,162.01782227,103.46810150,271.04635620,158.12617493,97.65341187,270.38186646,0.00000000
2469.00000000,162.01698303,103.45795441,271.10839844,158.13098145,97.64202881,270.44100952,0.00000000
2470.00000000,161.99290466,103.44488525,271.17907715,158.12161255,97.63315582,270.50680542,0.00000000
2471.00000000,162.01516724,103.43946838,271.22195435,158.08889771,97.62395477,270.57620239,0.00000000
2472.00000000,161.98731995,103.43531799,271.27526855,158.05668640,97.61927795,270.63558960,0.00000000
2473.00000000,161.91899109,103.43027496,271.33316040,158.03330994,97.61178589,270.68069458,0.00000000
2474.00000000,161.90635681,103.42829132,271.36621094,157.98782349,97.60935211,270.72717285,0.00000000
2475.00000000,161.84173584,103.42832947,271.41525269,157.93611145,97.61315155,270.76278687,0.00000000
2476.00000000,161.77632141,103.43090057,271.44506836,157.88180542,97.61182404,270.79272461,0.00000000
2477.00000000,161.70832825,103.43656921,271.47283936,157.82063293,97.61821747,270.81475830,0.00000000
2478.00000000,161.65803528,103.44093323,271.48446655,157.76049805,97.62141418,270.83419800,0.00000000
2479.00000000,161.60005188,103.44469452,271.49807739,157.72029114,97.62702179,270.84222412,0.00000000
2480.00000000,161.54653931,103.45001221,271.50961304,157.64646912,97.63287354,270.86248779,0.00000000
2481.00000000,161.48843384,103.45835876,271.52416992,157.58622742,97.63977814,270.87658691,0.00000000
2482.00000000,161.42030334,103.46436310,271.54183960,157.51081848,97.64694977,270.89852905,0.00000000
2483.00000000,161.38966370,103.47513580,271.53778076,157.46968079,97.65763092,270.90368652,0.00000000
2484.00000000,161.32743835,103.48584747,271.55621338,157.43295288,97.66670990,270.90734863,0.00000000
2485.00000000,161.27162170,103.49463654,271.56933594,157.38514709,97.67129517,270.91748047,0.00000000
2486.00000000,161.24459839,103.50279236,271.57330322,157.32725525,97.68390656,270.93917847,0.00000000
2487.00000000,161.18734741,103.50518799,271.59564209,157.27941895,97.68923187,270.95928955,0.00000000
2488.00000000,161.16923523,103.51231384,271.60488892,157.24247742,97.69262695,270.97399902,0.00000000
2489.00000000,161.13507080,103.51887512,271.62170410,157.23391724,97.70166779,270.97827148,0.00000000
2490.00000000,161.09403992,103.52560425,271.64007568,157.20211792,97.70395660,270.99227905,0.00000000
2491.00000000,161.09111023,103.53197479,271.64657593,157.16687012,97.70989227,271.01251221,0.00000000
2492.00000000,161.07000732,103.53723145,271.65850830,157.18153381,97.72333527,271.00558472,0.00000000
2493.00000000,161.05052185,103.54856110,271.65621948,157.13674927,97.72765350,271.02313232,0.00000000
2494.00000000,161.02137756,103.55739594,271.66070557,157.10671997,97.73863983,271.02386475,0.00000000
2495.00000000,161.00924683,103.56555176,271.64630127,157.11146545,97.75333405,271.00357056,0.00000000
2496.00000000,160.99945068,103.58027649,271.62377930,157.08256531,97.76185608,270.99151611,0.00000000
2497.00000000,160.96582031,103.59081268,271.60836792,157.06439209,97.77121735,270.96911621,0.00000000
2498.00000000,160.92187500,103.60238647,271.59402466,157.03709412,97.78264618,270.94427490,0.00000000
2499.00000000,160.88563538,103.61177826,271.56549072,156.98580933,97.79269409,270.92602539,0.00000000
2500.00000000,160.84587097,103.61978149,271.53491211,156.96977234,97.80247498,270.88522339,0.00000000
2501.00000000,160.78782654,103.63030243,271.50518799,156.90049744,97.80747986,270.85952759,0.00000000
2502.00000000,160.73089600,103.63885498,271.46575928,156.84019470,97.81525421,270.81900024,0.00000000
2503.00000000,160.67239380,103.64804840,271.42108154,156.77809143,97.82292938,270.78317261,0.00000000
2504.00000000,160.58543396,103.65287018,271.37954712,156.71078491,97.83232117,270.73593140,0.00000000
2505.00000000,160.52986145,103.66735077,271.31765747,156.63783264,97.84047699,270.68701172,0.00000000
2506.00000000,160.46800232,103.67575836,271.25924683,156.57548523,97.84536743,270.63333130,0.00000000
2507.00000000,160.38867188,103.68280029,271.21139526,156.52984619,97.85336304,270.56579590,0.00000000
2508.00000000,160.35914612,103.69131470,271.14038086,156.47009277,97.85771942,270.51025391,0.00000000
2509.00000000,160.32713318,103.70041656,271.07980347,156.43214417,97.86746979,270.45623779,0.00000000
2510.00000000,160.28619385,103.70137787,271.03210449,156.42584229,97.87248993,270.39178467,0.00000000
2511.00000000,160.26727295,103.70403290,270.97915649,156.41828918,97.87554169,270.33578491,0.00000000
2512.00000000,160.27816772,103.70942688,270.91464233,156.39076233,97.87844086,270.29690552,0.00000000
