0.01610868424,0.03606921434,0.9981687665,0.04570253193,-0.033203125,0.1064453125,-0.958984375,18946,18956,2828.92722,0
0.01663314551,0.03597276285,0.9981322289,0.04637895152,-0.041015625,0.1025390625,-1.017578125,18975,18975,2828.931413,5
0.01663314551,0.03597276285,0.9981322289,0.04637895152,-0.052734375,0.083984375,-0.9375,18975,18985,2828.942962,0
0.01681785658,0.03579873219,0.9981412292,0.04625403881,-0.103515625,0.14453125,-0.962890625,18985,18995,2828.944932,0
0.01681785658,0.03579873219,0.9981412292,0.04625403881,-0.09765625,0.1513671875,-0.9833984375,18985,19004,2828.962973,0
0.01682597026,0.03232937679,0.9982318878,0.04685662687,0.1962890625,-0.046875,-1.213867188,19004,19014,2828.963981,0
0.01703323051,0.03238206729,0.9982690811,0.04594806209,0.171875,-0.0361328125,-1.059570313,19014,19024,2828.982968,0
0.0173551701,0.03654042631,0.9983125329,0.04155921564,-0.078125,0.0361328125,-1.044921875,19024,19034,2828.983963,0
0.01466960274,0.03919158131,0.9983392358,0.03948894143,-0.1064453125,0.068359375,-0.943359375,19034,19043,2829.02296,0
0.01177890413,0.04015825316,0.9984880686,0.0355431363,0.0146484375,0.033203125,-0.927734375,19043,19053,2829.023954,0
0.009492302313,0.04241228849,0.9985327125,0.03220450133,0,0.08203125,-1.055664063,19053,19063,2829.025953,0
0.009492302313,0.04241228849,0.9985327125,0.03220450133,0.00390625,-0.0166015625,-1.032226563,19053,19082,2829.04297,0
0.001988492906,-0.04606586695,-0.9987105727,-0.02112420835,-0.0283203125,0.2470703125,-1.110351563,19082,19092,2829.04397,0
0.0008667632937,-0.04529967904,-0.9987710714,-0.01997477002,0.0146484375,0.025390625,-1.03125,19092,19101,2829.062972,0
4.4176355e-05,-0.04463157803,-0.9987899065,-0.02055300772,0.0703125,-0.0087890625,-0.9970703125,19101,19111,2829.063973,0
4.4176355e-05,-0.04463157803,-0.9987899065,-0.02055300772,0.0791015625,0.03515625,-0.986328125,19101,19121,2829.082987,0
0.001265320927,-0.04643443227,-0.9986898899,-0.02134575695,0.0654296875,0.0810546875,-1.0390625,19121,19131,2829.083977,0
0.002136861905,-0.04683835059,-0.9986820817,-0.02075057104,0.0078125,0.1025390625,-0.9775390625,19131,19140,2829.102967,0
0.00236711558,-0.04620704427,-0.9987475276,-0.01892000623,0.052734375,0.04296875,-1.022460938,19140,19150,2829.103978,0
0.001541103236,-0.04458941892,-0.9988447428,-0.01773785055,0.119140625,0.0146484375,-1.0078125,19150,19160,2829.122967,0
0.001075584441,-0.04262951389,-0.9989439249,-0.01700782776,0.0048828125,-0.0556640625,-1.008789063,19160,19169,2829.123967,0
0.001721706241,-0.04125198349,-0.9990241528,-0.01559694763,0.048828125,-0.048828125,-1.059570313,19169,19179,2829.142924,0
0.003008904867,-0.0404769145,-0.9990575314,-0.01529708412,-0.0478515625,-0.013671875,-1.123046875,19179,19189,2829.143917,0
0.005216135643,-0.04164743796,-0.9989876747,-0.01609063148,-0.12890625,0.056640625,-1.032226563,19189,19198,2829.162964,0
0.007161714137,-0.04422893003,-0.9988393188,-0.01756549627,-0.08984375,0.04296875,-1.0546875,19198,19208,2829.163945,0
0.00758541096,-0.04907907546,-0.9985550046,-0.02038259432,-0.04296875,0.041015625,-0.9970703125,19218,19218,2829.165941,0
0.00758541096,-0.04907907546,-0.9985550046,-0.02038259432,-0.0185546875,0.060546875,-0.9912109375,19218,19227,2829.182945,0
0.007155014202,-0.05219979584,-0.9983852506,-0.02104933932,0.02734375,0.041015625,-0.970703125,19227,19237,2829.20296,0
0.00736507494,-0.05606995896,-0.9981713295,-0.02111840062,0.0302734375,0.076171875,-0.9765625,19237,19247,2829.20396,0
0.007899519987,-0.06110566854,-0.9978713989,-0.02104499191,0.087890625,0.07421875,-0.990234375,19247,19257,2829.205951,0
0.007899519987,-0.06110566854,-0.9978713989,-0.02104499191,0.1435546875,0.041015625,-1.051757813,19247,19266,2829.222954,0
0.007160751149,-0.06948249042,-0.9973621368,-0.01921283826,0.14453125,0.0048828125,-1.06640625,19266,19276,2829.223956,0
0.005977783352,-0.07248751819,-0.9971888661,-0.01734458469,0.080078125,0.0146484375,-1.08203125,19276,19286,2829.242937,0
0.004450648092,-0.07567810267,-0.9969882369,-0.01551555097,-0.0322265625,0.060546875,-1.096679688,19286,19295,2829.243924,0
0.004450648092,-0.07567810267,-0.9969882369,-0.01551555097,-0.0595703125,0.0869140625,-1.086914063,19286,19305,2829.262966,0
0.0002462174743,-0.08168745041,-0.9965689182,-0.01195098739,-0.048828125,0.1083984375,-1.072265625,19305,19315,2829.263962,0
0.002028155141,0.08341730386,0.9964394569,0.01041898131,0.0224609375,0.0302734375,-1.095703125,19315,19324,2829.282983,0
0.003998034634,0.08484756947,0.9963248968,0.009047169238,0.099609375,0.0341796875,-1.120117188,19324,19334,2829.283979,0
0.0063001737,0.08719246089,0.9961163998,0.008097569458,0.064453125,0.0986328125,-1.107421875,19334,19344,2829.30299,0
0.008849275298,0.08995967358,0.9958549738,0.007170067169,0.052734375,0.0625,-1.10546875,19344,19354,2829.303991,0
0.01263234299,0.09151625633,0.9956740141,0.006597894244,0.03515625,0.087890625,-1.133789063,19354,19363,2829.322999,0
0.0174512323,0.09261289239,0.9955008626,0.006090668961,0.0205078125,0.0869140625,-1.181640625,19363,19373,2829.323989,0
0.02320026793,0.09226989746,0.9954167604,0.005658923648,-0.05078125,0.1171875,-1.224609375,19373,19383,2829.342961,0
0.02957738005,0.09040722996,0.9954218864,0.005061428994,-0.1005859375,0.1376953125,-1.32421875,19383,19392,2829.343961,0
0.0359358862,0.08769086003,0.9954580665,0.004658255726,-0.1318359375,0.158203125,-1.408203125,19392,19402,2829.362992,0
0.04278753698,0.08457663655,0.9954554439,0.004902461544,-0.099609375,0.185546875,-1.46484375,19402,19412,2829.363993,0
0.0498797819,0.08085425943,0.9954282045,0.006002412178,-0.0693359375,0.1298828125,-1.39453125,19412,19421,2829.382993,0
0.05713865906,0.07648748159,0.9953705072,0.007720233873,-0.0859375,0.083984375,-1.330078125,19421,19431,2829.383988,0
0.06473685801,0.07145915926,0.9952580929,0.009913004935,-0.0791015625,0.05859375,-1.297851563,19431,19441,2829.40299,0
0.07276707888,0.0655901134,0.995074749,0.01257958915,-0.0869140625,0.0625,-1.306640625,19441,19451,2829.403989,0
0.08085854352,0.05949372798,0.9948308468,0.01529689319,-0.11328125,0.0751953125,-1.338867188,19451,19460,2829.442996,0
0.08905427903,0.05300542712,0.9944514632,0.01805759594,-0.13671875,0.08203125,-1.336914063,19460,19470,2829.443995,0
0.09698928893,0.04669040814,0.9939756393,0.02062792331,-0.3408203125,0.1533203125,-1.327148438,19470,19499,2829.445996,0
0.1175550148,0.03251929209,0.9921669364,0.02698236331,-0.4140625,0.154296875,-1.310546875,19499,19509,2829.463014,0
0.1238862425,0.02868845686,0.9914473891,0.02934633195,-0.515625,0.1923828125,-1.34375,19509,19518,2829.503002,0
0.1301478148,0.02499069273,0.9906538725,0.03227876127,-0.5859375,0.185546875,-1.3359375,19518,19528,2829.504001,0
0.1301478148,0.02499069273,0.9906538725,0.03227876127,-0.5849609375,0.158203125,-1.263671875,19518,19538,2829.504999,0
0.1559482217,0.01110328455,0.9863963723,0.05078209564,-0.4599609375,0.0908203125,-1.139648438,19557,19567,2829.522993,0
0.162235111,0.008056605235,0.9851161242,0.05622044951,-0.484375,0.109375,-1.106445313,19567,19577,2829.523977,0
0.1682216227,0.005043896846,0.9838053584,0.06166512147,-0.50390625,0.080078125,-1.065429688,19577,19586,2829.542974,0
0.1737374216,0.002034897916,0.982509315,0.066977337,-0.525390625,0.07421875,-1.025390625,19586,19596,2829.543976,0
0.1737374216,0.002034897916,0.982509315,0.066977337,-0.564453125,0.1142578125,-1.016601563,19586,19606,2829.562974,0
0.1821263134,-0.001618991606,0.9803004265,0.07640362531,-0.6142578125,0.130859375,-1.021484375,19606,19615,2829.563985,0
0.1821263134,-0.001618991606,0.9803004265,0.07640362531,-0.6474609375,0.1591796875,-1.002929688,19606,19625,2829.583007,0
0.1884438843,-0.002633860335,0.9783559442,0.08544106781,-0.6435546875,0.166015625,-0.9873046875,19625,19635,2829.584001,0
0.1916792244,-0.003205713816,0.9772626758,0.09058027714,-0.673828125,0.1533203125,-0.9560546875,19635,19645,2829.602962,0
0.1951541305,-0.004072349519,0.9760223627,0.09631449729,-0.904296875,0.1630859375,-1.034179688,19645,19654,2829.603954,0
0.1951541305,-0.004072349519,0.9760223627,0.09631449729,-0.685546875,0.09375,-0.9267578125,19645,19664,2829.623002,0
0.2045798451,-0.006253802218,0.9726175666,0.1100888476,-0.7236328125,0.056640625,-0.919921875,19664,19674,2829.623997,0
0.2086759061,-0.006916953251,0.9708619714,0.1175969988,-0.7744140625,0.115234375,-0.931640625,19674,19683,2829.642997,0
0.2133326828,-0.007347476669,0.9688435793,0.1255846322,-0.701171875,0.0546875,-0.9013671875,19683,19693,2829.643997,0
0.2183851302,-0.008629148826,0.9666234255,0.1336601228,-0.560546875,0.044921875,-0.84765625,19693,19703,2829.663006,0
0.2224001884,-0.008992946707,0.9646986127,0.1407278776,-0.5908203125,0.0712890625,-0.8359375,19703,19712,2829.664007,0
0.2246006429,-0.00777743943,0.9632713199,0.1469397247,-0.546875,0.0087890625,-0.7822265625,19712,19722,2829.683005,0
0.2257677019,-0.006555013359,0.9621803761,0.152257666,-0.4951171875,0.0087890625,-0.7880859375,19722,19732,2829.685037,0
0.2264887542,-0.00514213182,0.9611892104,0.1574101597,-0.533203125,0.0556640625,-0.78125,19732,19742,2829.703007,0
0.2274857461,-0.002914201468,0.9600728154,0.1627467871,-0.587890625,-0.0078125,-0.787109375,19742,19751,2829.704017,0
0.2289008051,-0.0005998015404,0.958817482,0.1680944711,-0.5263671875,0.099609375,-0.748046875,19751,19761,2829.723016,0
0.2306634337,0.002601075917,0.9572859406,0.1742736399,-0.53515625,0.0517578125,-0.7041015625,19761,19771,2829.72401,0
0.2322208136,0.006249428727,0.9556840658,0.1807744354,-0.4267578125,0.087890625,-0.666015625,19771,19780,2829.743,0
0.2339022756,0.009266158566,0.9539632201,0.1874334663,-0.4931640625,0.0634765625,-0.607421875,19780,19790,2829.744,0
0.2366986722,0.01255884673,0.9518865943,0.1941553056,-0.4482421875,0.1181640625,-0.6396484375,19790,19800,2829.762971,0
0.2410814762,0.01504948642,0.9492737055,0.2012309879,-0.5048828125,0.1259765625,-0.59375,19800,19809,2829.763974,0
0.2463451624,0.01731469482,0.9464250803,0.2080715746,-0.4833984375,0.08203125,-0.580078125,19809,19819,2829.782944,0
0.2532175183,0.02256982215,0.9422760606,0.2179158181,-0.4033203125,0.115234375,-0.5849609375,19829,19829,2829.803985,0
0.2532175183,0.02256982215,0.9422760606,0.2179158181,-0.4814453125,0.169921875,-0.6455078125,19829,19839,2829.804986,0
0.2609636188,0.03409096599,0.9369488358,0.2299187481,-0.49609375,0.216796875,-0.6513671875,19858,19858,2829.805971,0
0.2609636188,0.03409096599,0.9369488358,0.2299187481,-0.4931640625,0.2236328125,-0.61328125,19858,19868,2829.843029,0
0.264346689,0.03773299605,0.9348160028,0.2341282517,-0.4970703125,0.20703125,-0.599609375,19868,19877,2829.844038,0
0.2676330209,0.04131704196,0.9327018261,0.2381863594,-0.5,0.2099609375,-0.568359375,19877,19887,2829.846031,0
0.2676330209,0.04131704196,0.9327018261,0.2381863594,-0.6474609375,0.2802734375,-0.5751953125,19877,19906,2829.863025,0
0.2748832703,0.05262002349,0.9274606109,0.247966066,-0.58984375,0.25,-0.5029296875,19906,19916,2829.864026,0
0.2789755762,0.05532767996,0.9252074361,0.2512025237,-0.49609375,0.2421875,-0.435546875,19916,19926,2829.883011,0
0.2836729586,0.05736564845,0.9228957295,0.2539729178,-0.498046875,0.2216796875,-0.373046875,19926,19936,2829.884012,0
0.2878769636,0.06015502661,0.9208672047,0.2559527755,-0.3837890625,0.1748046875,-0.375,19936,19945,2829.942995,0
0.2912653983,0.06385786086,0.9192045331,0.2571957409,-0.4404296875,0.1953125,-0.34375,19945,19955,2829.943998,0
0.2931934595,0.06920083612,0.9180189371,0.257856518,-0.462890625,0.2021484375,-0.337890625,19955,19965,2829.945962,0
0.2931934595,0.06920083612,0.9180189371,0.257856518,-0.4990234375,0.1669921875,-0.259765625,19955,20003,2829.962983,0
0.2990412116,0.1058913693,0.9135651588,0.2544798553,-0.419921875,0.1591796875,-0.2294921875,20003,20013,2829.963969,0
0.3009685576,0.1132606417,0.9126711488,0.2522325814,-0.3544921875,0.169921875,-0.2724609375,20013,20023,2829.982979,0
0.3032599986,0.1206254512,0.9117127657,0.2495248765,-0.2890625,0.181640625,-0.3251953125,20023,20033,2829.983958,0
0.3032599986,0.1206254512,0.9117127657,0.2495248765,-0.2919921875,0.1826171875,-0.3251953125,20023,20042,2830.002957,0
0.3062337041,0.1369511336,0.9100157619,0.2435907722,-0.2626953125,0.154296875,-0.2978515625,20042,20052,2830.003957,0
0.3072764575,0.1450751722,0.9091361165,0.2408438027,-0.150390625,0.1396484375,-0.21875,20052,20062,2830.023054,0
0.3074761629,0.1534057707,0.908483088,0.2378727943,0.0439453125,0.0869140625,-0.1416015625,20062,20071,2830.024025,0
0.3070648313,0.1621029377,0.9080271721,0.2343509644,0.2333984375,0.060546875,-0.0439453125,20071,20081,2830.04302,0
0.3057610095,0.171569407,0.9078405499,0.2299990505,0.2861328125,0.0625,0.009765625,20081,20091,2830.044023,0
0.303433001,0.1811794937,0.9082083702,0.2241870165,0.2861328125,0.0517578125,-0.013671875,20091,20100,2830.063019,0
0.3005757332,0.1901247352,0.9091097116,0.2168553323,0.2265625,0.0234375,-0.041015625,20100,20110,2830.06402,0
0.2971653342,0.197844401,0.9107102752,0.2077427208,0.212890625,0.0185546875,-0.16796875,20110,20120,2830.08302,0
0.2926446199,0.2051446587,0.9129323959,0.1970510781,0.2109375,0.01953125,-0.349609375,20120,20130,2830.084019,0
0.2870778441,0.2123929262,0.9155026078,0.1852847189,0.2314453125,0.0302734375,-0.4990234375,20130,20139,2830.103018,0
0.2813555002,0.2189459503,0.9180904627,0.1732384861,0.25,0.046875,-0.568359375,20139,20149,2830.104036,0
0.2708928883,0.2277931571,0.9232166409,0.1496608406,0.369140625,0.1142578125,-0.5888671875,20159,20159,2830.106036,0
0.2708928883,0.2277931571,0.9232166409,0.1496608406,0.4169921875,0.14453125,-0.634765625,20159,20168,2830.123038,0
0.2660874426,0.2307232171,0.9257420897,0.1377166063,0.4453125,0.140625,-0.66015625,20168,20178,2830.142964,0
0.2616887391,0.2325097471,0.9283043146,0.125336647,0.490234375,0.15625,-0.7431640625,20178,20188,2830.14396,0
0.2493418753,0.2329968214,0.9346642494,0.09971884638,0.541015625,0.1064453125,-0.8115234375,20198,20198,2830.145959,0
0.2493418753,0.2329968214,0.9346642494,0.09971884638,0.62890625,0.0458984375,-0.8447265625,20198,20207,2830.163022,0
0.2411469817,0.2315926552,0.9384657145,0.08657422662,0.75390625,0.044921875,-0.892578125,20207,20217,2830.164049,0
0.2411469817,0.2315926552,0.9384657145,0.08657422662,0.7998046875,0.05078125,-0.927734375,20207,20227,2830.183027,0
0.2222767919,0.2271298021,0.9462321997,0.06041260064,0.771484375,-0.0244140625,-0.8916015625,20227,20236,2830.184027,0
0.2110151947,0.223819375,0.950345099,0.04675385356,0.6552734375,-0.0458984375,-1.004882813,20236,20246,2830.20304,0
0.1992825717,0.219526127,0.9544839859,0.03208658844,0.5068359375,-0.05078125,-1.252929688,20246,20256,2830.204016,0
0.1992825717,0.219526127,0.9544839859,0.03208658844,0.4345703125,-0.0224609375,-1.50390625,20246,20265,2830.22303,0
0.1748954058,0.2076744735,0.962428987,0.001126757823,0.435546875,0.05078125,-1.689453125,20265,20275,2830.224029,0
0.1625786722,0.2009166032,0.9659238458,-0.01354574971,0.4208984375,0.0224609375,-1.653320313,20275,20285,2830.243033,0
0.1510717422,0.1924893409,0.9692291021,-0.02673068084,0.380859375,-0.064453125,-1.483398438,20285,20294,2830.24403,0
0.1411192566,0.1821697354,0.9722979069,-0.03914940357,0.341796875,-0.166015625,-1.399414063,20294,20304,2830.263038,0
0.1337812245,0.1706381738,0.9748161435,-0.05211620778,0.2529296875,-0.177734375,-1.692382813,20304,20314,2830.264029,0
0.128611967,0.1591061354,0.9766321778,-0.06581712514,0.109375,-0.0986328125,-1.995117188,20314,20324,2830.283025,0
0.1238665953,0.148732394,0.9778507352,-0.07963764668,0.0205078125,-0.064453125,-2.182617188,20324,20333,2830.284025,0
0.1195099801,0.1384484619,0.9787943363,-0.09224839509,0.01953125,-0.0400390625,-2.258789063,20333,20343,2830.303033,0
0.1160323918,0.1275722682,0.9796402454,-0.1027893722,-0.0341796875,-0.076171875,-2.126953125,20343,20353,2830.304031,0
0.1125478297,0.1160111427,0.9805313945,-0.1114971489,-0.0771484375,-0.1826171875,-1.924804688,20353,20362,2830.323047,0
0.1093751639,0.1040532291,0.9813420177,-0.1190672591,-0.1513671875,-0.2216796875,-1.872070313,20362,20372,2830.324026,0
0.1067625657,0.09204470366,0.9819456935,-0.1261407137,-0.2490234375,-0.2265625,-1.916015625,20372,20382,2830.343027,0
0.1047190726,0.0801557079,0.9823070168,-0.1329710484,-0.447265625,-0.21484375,-1.990234375,20382,20391,2830.344025,0
0.1031937152,0.06784370542,0.9825552106,-0.139043048,-0.53515625,-0.2265625,-2.052734375,20391,20401,2830.363034,0
0.1024022996,0.05486358702,0.9827199578,-0.144099623,-0.5283203125,-0.2041015625,-2.114257813,20401,20411,2830.364033,0
0.1024314836,0.04132899642,0.9828557372,-0.1476269662,-0.5146484375,-0.19921875,-2.09765625,20411,20421,2830.403033,0
0.1026292145,0.02777914703,0.9830083251,-0.149631694,-0.5458984375,-0.255859375,-2.021484375,20421,20430,2830.404033,0
0.1026292145,0.02777914703,0.9830083251,-0.149631694,-0.560546875,-0.2939453125,-1.8984375,20421,20440,2830.405051,0
0.1026292145,0.02777914703,0.9830083251,-0.149631694,-0.5859375,-0.333984375,-1.760742188,20421,20460,2830.423057,0
0.1040117294,-0.02334503084,0.983705759,-0.1447725147,-0.5830078125,-0.349609375,-1.7109375,20460,20469,2830.424058,0
0.1059970409,-0.04581055045,0.9837634563,-0.1373862773,-0.587890625,-0.365234375,-1.661132813,20479,20479,2830.426037,0
0.1059970409,-0.04581055045,0.9837634563,-0.1373862773,-0.6005859375,-0.349609375,-1.5703125,20479,20488,2830.443039,0
0.107234858,-0.05612961948,0.98372823,-0.1327721477,-0.619140625,-0.361328125,-1.486328125,20488,20498,2830.463061,0
0.1089659706,-0.06583138555,0.9836262465,-0.1275602132,-0.642578125,-0.3603515625,-1.453125,20498,20508,2830.464072,0
0.1113074273,-0.07470205426,0.9834594727,-0.1218080297,-0.654296875,-0.357421875,-1.421875,20508,20518,2830.466045,0
0.1113074273,-0.07470205426,0.9834594727,-0.1218080297,-0.66796875,-0.3486328125,-1.416015625,20508,20527,2830.483051,0
0.1167164966,-0.08862034976,0.9831970334,-0.1088429019,-0.681640625,-0.3525390625,-1.399414063,20527,20537,2830.48404,0
0.1197646484,-0.09404870123,0.9831203222,-0.1014157981,-0.6962890625,-0.3681640625,-1.373046875,20537,20547,2830.503048,0
0.1226857752,-0.09900277108,0.9830759168,-0.0933162272,-0.703125,-0.3623046875,-1.3125,20547,20556,2830.504065,0
0.1226857752,-0.09900277108,0.9830759168,-0.0933162272,-0.6923828125,-0.3671875,-1.266601563,20547,20566,2830.523066,0
0.1266979128,-0.1088122278,0.9830073714,-0.07618080825,-0.6806640625,-0.3798828125,-1.215820313,20566,20576,2830.524047,0
0.127390191,-0.1126397178,0.9831058383,-0.067722857,-0.681640625,-0.3701171875,-1.169921875,20576,20586,2830.543012,0
0.1278006136,-0.1161727235,0.9831969142,-0.05911147594,-0.708984375,-0.3583984375,-1.1640625,20586,20595,2830.544011,0
0.1282106191,-0.1192192286,0.9832707644,-0.05026784167,-0.728515625,-0.3681640625,-1.166015625,20595,20605,2830.563049,0
0.1286916584,-0.1214372665,0.9833577275,-0.04121371359,-0.775390625,-0.3408203125,-1.202148438,20605,20615,2830.564068,0
0.1307441443,-0.1233936697,0.9834693074,-0.02162422426,-0.7734375,-0.33984375,-1.213867188,20624,20624,2830.604071,0
0.1307441443,-0.1233936697,0.9834693074,-0.02162422426,-0.736328125,-0.3623046875,-1.203125,20624,20634,2830.605074,0
0.1319702566,-0.1230051517,0.9835284352,-0.01117711142,-0.720703125,-0.373046875,-1.125976563,20634,20663,2830.623075,0
0.1363131702,-0.1185185239,0.9832748175,0.02328585461,-0.7158203125,-0.373046875,-1.095703125,20663,20673,2830.624072,0
0.1375578046,-0.1171196848,0.9829090238,0.0353570804,-0.6796875,-0.3642578125,-1.032226563,20673,20683,2830.643079,0
0.1384634674,-0.115570493,0.9824624062,0.04731152207,-0.677734375,-0.3671875,-0.99609375,20683,20692,2830.644072,0
0.1391016841,-0.1135158464,0.9819761515,0.05905161053,-0.7001953125,-0.3505859375,-0.9833984375,20692,20702,2830.663058,0
0.139502123,-0.1113313735,0.9814136624,0.07050465792,-0.7060546875,-0.353515625,-0.998046875,20702,20712,2830.664075,0
0.1399761587,-0.1053407043,0.9801194072,0.09313943237,-0.666015625,-0.33984375,-1.014648438,20721,20721,2830.684054,0
0.1399761587,-0.1053407043,0.9801194072,0.09313943237,-0.646484375,-0.310546875,-0.9892578125,20721,20731,2830.685054,0
0.1400328279,-0.1015991569,0.9793720245,0.1043923199,-0.6748046875,-0.2890625,-0.9462890625,20731,20741,2830.703073,0
0.1401685178,-0.09747947007,0.9785058498,0.1156526282,-0.63671875,-0.259765625,-0.93359375,20741,20750,2830.704073,0
0.1405989379,-0.09306422621,0.977447927,0.1271413267,-0.634765625,-0.2490234375,-0.9013671875,20750,20760,2830.723063,0
0.1409703046,-0.08823541552,0.9762666225,0.1387206167,-0.6513671875,-0.2265625,-0.833984375,20760,20770,2830.724071,0
0.1417647451,-0.08347798884,0.9749964476,0.14937751,-0.6220703125,-0.2255859375,-0.7451171875,20770,20780,2830.743061,0
0.1428472698,-0.0786036551,0.9735575318,0.1599963158,-0.615234375,-0.21484375,-0.6640625,20780,20789,2830.744059,0
0.1462253332,-0.0670543313,0.9703780413,0.1802319139,-0.615234375,-0.177734375,-0.66015625,20799,20799,2830.746079,0
0.1462253332,-0.0670543313,0.9703780413,0.1802319139,-0.65234375,-0.125,-0.6328125,20799,20809,2830.763074,0
0.147558555,-0.06000906974,0.9688841105,0.1894284189,-0.69140625,-0.0869140625,-0.6689453125,20809,20819,2830.783086,0
0.1485546082,-0.05227079988,0.9674406052,0.1981187761,-0.7197265625,-0.029296875,-0.6640625,20819,20828,2830.784096,0
0.1498341262,-0.04396902397,0.965829432,0.2068371475,-0.69921875,0.0048828125,-0.6142578125,20828,20838,2830.786062,0
0.1498341262,-0.04396902397,0.965829432,0.2068371475,-0.6708984375,0.017578125,-0.5751953125,20828,20847,2830.803052,0
0.1530123502,-0.02633952722,0.9618962407,0.2250249535,-0.6494140625,0.025390625,-0.5244140625,20847,20857,2830.804053,0
0.1546411812,-0.01685046032,0.959657371,0.2341877222,-0.59765625,0.017578125,-0.4462890625,20857,20867,2830.823088,0
0.1566621214,-0.006985483691,0.9572479129,0.2430321276,-0.556640625,0.0263671875,-0.37109375,20867,20877,2830.831076,0
0.1566621214,-0.006985483691,0.9572479129,0.2430321276,-0.52734375,0.021484375,-0.3466796875,20867,20886,2830.843068,0
0.1624802947,0.01333293691,0.9520176053,0.2589470744,-0.51953125,0.048828125,-0.3544921875,20886,20896,2830.844074,0
0.1659911275,0.02373480797,0.9493268132,0.2657510042,-0.4951171875,0.072265625,-0.3369140625,20896,20906,2830.903111,0
0.1696920842,0.03435745463,0.9466563463,0.2717828155,-0.4697265625,0.076171875,-0.310546875,20906,20915,2830.904088,0
0.1733930707,0.04539352655,0.9439945221,0.2770353854,-0.4306640625,0.09375,-0.2900390625,20915,20925,2830.906083,0
0.1733930707,0.04539352655,0.9439945221,0.2770353854,-0.2236328125,0.130859375,-0.13671875,20915,20964,2830.923074,0
0.1967248768,0.1054399908,0.9286817908,0.2961956859,-0.1044921875,0.1474609375,-0.1376953125,20964,20973,2830.924081,0
0.20280011,0.1177328825,0.9251785278,0.2984220684,0.0009765625,0.119140625,-0.142578125,20973,20983,2830.943059,0
0.2080534846,0.1294907928,0.9220952392,0.2994766235,0.08203125,0.09765625,-0.1396484375,20983,20993,2830.963109,0
0.2149969041,0.1494874507,0.9177795053,0.2985139191,0.1875,0.072265625,-0.158203125,21003,21003,2830.964086,0
0.2149969041,0.1494874507,0.9177795053,0.2985139191,0.3154296875,0.0322265625,-0.115234375,21003,21012,2830.965075,0
0.2155831307,0.1579874605,0.9168350697,0.2966096997,0.4365234375,0.0205078125,-0.0322265625,21012,21022,2830.984083,0
0.213514477,0.1722401232,0.9169006944,0.2898930013,0.4619140625,0.0244140625,0.0556640625,21032,21032,2830.986082,0
0.213514477,0.1722401232,0.9169006944,0.2898930013,0.3388671875,0.0419921875,0.115234375,21032,21042,2831.003081,0
0.2120844126,0.1789396554,0.9176464081,0.2844746709,0.25,0.05859375,0.091796875,21042,21051,2831.004067,0
0.2122279257,0.1854734123,0.9184503555,0.2775027752,0.2470703125,0.126953125,-0.0146484375,21051,21061,2831.023099,0
0.2152421027,0.1917445064,0.9188631773,0.2694350779,0.2646484375,0.1650390625,-0.14453125,21061,21070,2831.02407,0
0.2201747,0.1975260377,0.9191393256,0.2601719201,0.3671875,0.14453125,-0.2724609375,21070,21080,2831.06308,0
0.2264251858,0.2025091648,0.9193841815,0.24990879,0.455078125,0.154296875,-0.38671875,21080,21090,2831.064076,0
0.2332473546,0.2066265047,0.9196654558,0.2389907837,0.62109375,0.0751953125,-0.5576171875,21090,21119,2831.066079,0
0.2473041266,0.2147545815,0.9224337935,0.2045410424,0.6171875,-0.0087890625,-0.53515625,21119,21129,2831.083079,0
0.2487794012,0.2151817381,0.9245594144,0.1923421025,0.6328125,-0.0419921875,-0.5341796875,21129,21138,2831.103081,0
0.2490856946,0.214576602,0.9271700382,0.1796353757,0.5849609375,-0.0634765625,-0.623046875,21138,21148,2831.104075,0
0.2490856946,0.214576602,0.9271700382,0.1796353757,0.556640625,-0.0419921875,-0.8212890625,21138,21158,2831.105087,0
0.2442934811,0.2123014927,0.9339870214,0.1513835788,0.4951171875,0.005859375,-0.966796875,21158,21168,2831.123069,0
0.2398596406,0.2108248621,0.9377144575,0.1367910802,0.466796875,0.078125,-1.12890625,21168,21177,2831.124065,0
0.2398596406,0.2108248621,0.9377144575,0.1367910802,0.462890625,0.166015625,-1.26953125,21168,21187,2831.143018,0
0.2323901057,0.2068937719,0.9440103769,0.1097008064,0.4072265625,0.18359375,-1.2109375,21187,21197,2831.144013,0
0.2292316258,0.203128159,0.9468951225,0.09788503498,0.33203125,0.1357421875,-1.099609375,21197,21206,2831.163085,0
0.226864472,0.1976311058,0.9496833086,0.08682456613,0.322265625,-0.0078125,-0.9736328125,21206,21216,2831.164084,0
0.226864472,0.1976311058,0.9496833086,0.08682456613,0.3369140625,-0.138671875,-0.8994140625,21206,21226,2831.183028,0
0.2209383696,0.1815872788,0.9561017156,0.06371473521,0.2998046875,-0.205078125,-0.955078125,21226,21235,2831.184023,0
0.2180182487,0.1711807847,0.9594951272,0.05018000305,0.20703125,-0.2705078125,-1.081054688,21235,21245,2831.203092,0
0.2169400156,0.159587279,0.9623658657,0.03617604077,0.1513671875,-0.2138671875,-1.3359375,21245,21255,2831.204083,0
0.2147422731,0.1482564509,0.9650939703,0.02214336768,0.1318359375,-0.2509765625,-1.4765625,21255,21264,2831.223107,0
0.2108314186,0.1365995705,0.9678897262,0.008581053466,0.1005859375,-0.2685546875,-1.485351563,21264,21274,2831.224092,0
0.2041510791,0.1255409122,0.9708431959,-0.004554666579,0.03515625,-0.2900390625,-1.374023438,21274,21284,2831.243072,0
0.1954062134,0.1147680059,0.9738221169,-0.01767170802,-0.0283203125,-0.357421875,-1.190429688,21284,21294,2831.244081,0
0.1865475774,0.103026703,0.9765421748,-0.03080580011,-0.0546875,-0.4248046875,-1.153320313,21294,21303,2831.263033,0
0.1773110181,0.09122747183,0.9788908958,-0.04482956231,-0.19140625,-0.4150390625,-1.274414063,21303,21313,2831.264032,0
0.1683980227,0.0800749734,0.9806363583,-0.05984609574,-0.34765625,-0.47265625,-1.385742188,21313,21323,2831.283094,0
0.1609018892,0.06787694246,0.9817610979,-0.07515151799,-0.3330078125,-0.4091796875,-1.698242188,21323,21332,2831.284084,0
0.155056566,0.05506109074,0.982270062,-0.08983667195,-0.3583984375,-0.4208984375,-2.0234375,21332,21342,2831.303051,0
0.1496898681,0.0408639349,0.9824668169,-0.1033507437,-0.384765625,-0.40625,-2.2265625,21342,21352,2831.304036,0
0.1437980384,0.02699084021,0.9825382829,-0.114941664,-0.390625,-0.43359375,-2.228515625,21352,21361,2831.323061,0
0.1376589388,0.01307911146,0.9825542569,-0.1243604571,-0.2021484375,-0.5,-2.1015625,21361,21371,2831.324057,0
0.1313594282,-0.001507556997,0.982570529,-0.1315179169,-0.0986328125,-0.56640625,-1.889648438,21371,21381,2831.34311,0
0.1241571754,-0.01577713713,0.9825226068,-0.1377851665,-0.078125,-0.5986328125,-1.66796875,21381,21391,2831.344093,0
0.1164030358,-0.02995299548,0.9822526574,-0.1439867616,-0.173828125,-0.6376953125,-1.518554688,21391,21400,2831.363088,0
0.108848989,-0.04464428499,0.9816095233,-0.150335744,-0.1318359375,-0.677734375,-1.604492188,21400,21410,2831.364079,0
0.09443950653,-0.07467381656,0.9792259932,-0.1631570905,-0.0302734375,-0.60546875,-1.81640625,21420,21420,2831.366093,0
0.09443950653,-0.07467381656,0.9792259932,-0.1631570905,-0.14453125,-0.55859375,-1.880859375,21420,21429,2831.383094,0
0.08687245846,-0.08923079818,0.9777508378,-0.1687981188,-0.18359375,-0.572265625,-1.89453125,21429,21439,2831.403101,0
0.07896783203,-0.1038411856,0.9762026668,-0.1732266247,-0.2158203125,-0.5810546875,-1.763671875,21439,21449,2831.404094,0
0.06490087509,-0.1359855384,0.9725385308,-0.1773726046,-0.2392578125,-0.67578125,-1.61328125,21459,21459,2831.42411,0
0.06490087509,-0.1359855384,0.9725385308,-0.1773726046,-0.154296875,-0.703125,-1.522460938,21459,21468,2831.425115,0
0.05909228325,-0.1533998698,0.9702089429,-0.1779500842,-0.1376953125,-0.8046875,-1.422851563,21468,21488,2831.443099,0
0.04786793888,-0.1888673604,0.964489758,-0.1782906651,-0.134765625,-0.806640625,-1.387695313,21488,21497,2831.444089,0
0.04272104427,-0.2084790468,0.9607089758,-0.178143695,-0.255859375,-0.7177734375,-1.4296875,21497,21507,2831.46312,0
0.03818909824,-0.228924796,0.9563888907,-0.1772955358,-0.6015625,-0.673828125,-1.381835938,21507,21517,2831.464123,0
0.03355097026,-0.2473567128,0.9520949125,-0.1765593141,-0.896484375,-0.5947265625,-1.3125,21517,21526,2831.503131,0
0.02787766978,-0.2622137666,0.9482295513,-0.1769957989,-0.9638671875,-0.5341796875,-1.1875,21526,21536,2831.504114,0
0.0225484632,-0.2752188146,0.9445883036,-0.1774799675,-0.8916015625,-0.5205078125,-1.15625,21536,21546,2831.506092,0
0.0225484632,-0.2752188146,0.9445883036,-0.1774799675,-0.9599609375,-0.4580078125,-1.1015625,21536,21565,2831.543072,0
0.01428711135,-0.3108925223,0.9343486428,-0.1735925376,-0.998046875,-0.423828125,-1.033203125,21565,21575,2831.544075,0
0.01327924337,-0.3221276104,0.9310157895,-0.171076104,-0.9228515625,-0.4130859375,-0.982421875,21575,21585,2831.546073,0
0.01327924337,-0.3221276104,0.9310157895,-0.171076104,-0.9140625,-0.3740234375,-0.8232421875,21575,21604,2831.563075,0
0.01060941629,-0.3550212979,0.9207745194,-0.1613119245,-1.087890625,-0.3642578125,-0.779296875,21604,21614,2831.564075,0
0.01060941629,-0.3550212979,0.9207745194,-0.1613119245,-1.140625,-0.322265625,-0.759765625,21604,21623,2831.583112,0
0.00662288256,-0.3656558394,0.9169003367,-0.1598301083,-1.030273438,-0.263671875,-0.7861328125,21623,21633,2831.584078,0
0.00455561094,-0.366791904,0.9163836241,-0.1602621973,-0.9931640625,-0.2529296875,-0.7353515625,21633,21643,2831.603097,0
0.003593588248,-0.3673146665,0.9162879586,-0.1596350968,-0.9990234375,-0.2568359375,-0.642578125,21643,21652,2831.611082,0
0.003593588248,-0.3673146665,0.9162879586,-0.1596350968,-1.059570313,-0.263671875,-0.556640625,21643,21662,2831.62308,0
0.005476153456,-0.3655442297,0.9174170494,-0.157141313,-1.056640625,-0.2646484375,-0.51171875,21662,21672,2831.624096,0
0.008491475135,-0.3630587757,0.9186336994,-0.1556542963,-1.005859375,-0.2822265625,-0.5576171875,21672,21682,2831.643134,0
0.01250585448,-0.3594062626,0.9202545285,-0.1542797834,-0.962890625,-0.267578125,-0.63671875,21682,21691,2831.644117,0
0.0216486454,-0.3473162651,0.9250673056,-0.1521617174,-0.9716796875,-0.2666015625,-0.69921875,21701,21701,2831.664122,0
0.0216486454,-0.3473162651,0.9250673056,-0.1521617174,-0.99609375,-0.263671875,-0.7255859375,21701,21711,2831.665106,0
0.02658145502,-0.3392585814,0.9281591177,-0.1507238299,-0.9853515625,-0.2900390625,-0.71875,21711,21721,2831.666106,0
0.03212826326,-0.3303842843,0.9315207601,-0.1486035734,-0.9560546875,-0.302734375,-0.763671875,21721,21730,2831.703093,0
0.03801631182,-0.3205132186,0.9351719022,-0.1458752751,-0.8916015625,-0.3564453125,-0.7255859375,21730,21740,2831.704079,0
0.04359975457,-0.3094722331,0.9390054941,-0.14350833,-0.865234375,-0.3916015625,-0.7080078125,21740,21749,2831.724038,0
0.04359975457,-0.3094722331,0.9390054941,-0.14350833,-0.8388671875,-0.3994140625,-0.697265625,21740,21759,2831.725063,0
0.05496196076,-0.2844034433,0.9469669461,-0.1390950382,-0.630859375,-0.4853515625,-0.7822265625,21759,21788,2831.7441,0
0.07284358144,-0.2435609102,0.9578086138,-0.1339984238,-0.5205078125,-0.4345703125,-1.046875,21788,21808,2831.763112,0
0.08073319495,-0.2113239914,0.9651005268,-0.1318944991,-0.5263671875,-0.3896484375,-1.131835938,21808,21817,2831.764086,0
0.08344225585,-0.1936529726,0.9688426256,-0.1299002767,-0.55859375,-0.404296875,-1.072265625,21817,21827,2831.783133,0
0.08563704044,-0.1759563386,0.9724068642,-0.1269918084,-0.5966796875,-0.4306640625,-1.005859375,21827,21837,2831.78412,0
0.09202645719,-0.1424314231,0.9784340858,-0.1179398,-0.5341796875,-0.4443359375,-0.974609375,21846,21846,2831.803142,0
0.09202645719,-0.1424314231,0.9784340858,-0.1179398,-0.408203125,-0.4697265625,-0.9638671875,21846,21856,2831.804109,0
0.09640233964,-0.1263068616,0.98084867,-0.1126417145,-0.3427734375,-0.4775390625,-0.9482421875,21856,21866,2831.82315,0
0.1009279191,-0.1099007279,0.9829025865,-0.1078763381,-0.302734375,-0.458984375,-0.978515625,21866,21876,2831.824126,0
0.1092598438,-0.07666054368,0.9858760834,-0.1011608094,-0.3076171875,-0.4296875,-1.1171875,21885,21885,2831.843115,0
0.1092598438,-0.07666054368,0.9858760834,-0.1011608094,-0.3876953125,-0.3818359375,-1.26953125,21885,21895,2831.844108,0
0.1152792051,-0.04020915926,0.9879626632,-0.09499259293,-0.439453125,-0.4111328125,-1.27734375,21905,21905,2831.863117,0
0.1152792051,-0.04020915926,0.9879626632,-0.09499259293,-0.3408203125,-0.431640625,-1.349609375,21905,21914,2831.864108,0
0.1191508025,-0.02294431627,0.9884983301,-0.09026389569,-0.2275390625,-0.4775390625,-1.397460938,21914,21924,2831.883133,0
0.1268926114,0.009809996001,0.9888448715,-0.07738041133,-0.154296875,-0.53515625,-1.3671875,21934,21934,2831.90407,0
0.1268926114,0.009809996001,0.9888448715,-0.07738041133,-0.107421875,-0.587890625,-1.23046875,21934,21943,2831.905088,0
0.1268926114,0.009809996001,0.9888448715,-0.07738041133,0.1650390625,-0.666015625,-1.1015625,21934,21963,2831.923119,0
0.128770873,0.05566482618,0.988429606,-0.05767421424,0.244140625,-0.6318359375,-1.095703125,21963,21973,2831.924131,0
0.1195033416,0.08795104921,0.9877621531,-0.04805519432,0.2578125,-0.6337890625,-1.07421875,21982,21982,2831.94314,0
0.1195033416,0.08795104921,0.9877621531,-0.04805519432,0.2265625,-0.6044921875,-1.051757813,21982,21992,2831.944122,0
0.1195033416,0.08795104921,0.9877621531,-0.04805519432,0.2197265625,-0.62890625,-0.99609375,21982,22002,2831.963083,0
0.106019184,0.1211383194,0.9861984849,-0.03870049492,0.2275390625,-0.615234375,-0.970703125,22002,22011,2831.964093,0
0.09928124398,0.1499665827,0.9832761288,-0.02864924446,0.28515625,-0.6298828125,-0.908203125,22021,22021,2831.983115,0
0.09928124398,0.1499665827,0.9832761288,-0.02864924446,0.3505859375,-0.6728515625,-0.7978515625,22021,22031,2831.984122,0
0.09974724054,0.161907196,0.9814582467,-0.02399036102,0.3984375,-0.671875,-0.7109375,22031,22041,2832.003116,0
0.1018635705,0.1719029397,0.9796044827,-0.02114628628,0.4619140625,-0.662109375,-0.677734375,22041,22050,2832.004101,0
0.1063504219,0.1804226339,0.9776319861,-0.01927016862,0.591796875,-0.6533203125,-0.6728515625,22050,22060,2832.005112,0
0.1140753031,0.1873907149,0.9754784107,-0.01763962954,0.6884765625,-0.6220703125,-0.681640625,22060,22070,2832.023114,0
0.1232006624,0.1925251633,0.9733753204,-0.01711801067,0.6904296875,-0.6025390625,-0.6767578125,22070,22079,2832.043102,0
0.1321146637,0.1963048577,0.9714373946,-0.01775796525,0.654296875,-0.5625,-0.7099609375,22079,22089,2832.044094,0
0.1399573386,0.1994500607,0.9696640968,-0.01943998784,0.6533203125,-0.5048828125,-0.7939453125,22089,22099,2832.046112,0
0.14855887,0.2054022253,0.9670098424,-0.02499684133,0.689453125,-0.46484375,-0.908203125,22108,22108,2832.063144,0
0.14855887,0.2054022253,0.9670098424,-0.02499684133,0.703125,-0.427734375,-1.025390625,22108,22118,2832.064134,0
0.1477589756,0.2100345492,0.9659634233,-0.03097114339,0.7373046875,-0.3876953125,-1.036132813,22128,22128,2832.083146,0
0.1477589756,0.2100345492,0.9659634233,-0.03097114339,0.7333984375,-0.38671875,-1.061523438,22128,22137,2832.084136,0
0.1477589756,0.2100345492,0.9659634233,-0.03097114339,0.6767578125,-0.41015625,-0.9873046875,22128,22147,2832.103167,0
0.1433406621,0.2095535994,0.9665526152,-0.03618199378,0.6259765625,-0.4560546875,-0.8798828125,22147,22157,2832.104138,0
0.1417295933,0.206776455,0.9672787189,-0.03900070116,0.57421875,-0.4755859375,-0.8046875,22157,22167,2832.123174,0
0.1395934522,0.2019559145,0.9684475064,-0.04278746992,0.544921875,-0.4736328125,-0.7578125,22167,22176,2832.124113,0
0.1380395442,0.187492907,0.9711166024,-0.0521504283,0.466796875,-0.462890625,-0.7158203125,22186,22186,2832.183143,0
0.1380395442,0.187492907,0.9711166024,-0.0521504283,0.44921875,-0.4794921875,-0.7177734375,22186,22196,2832.184131,0
0.1384170204,0.1778212339,0.9725705981,-0.05764774978,0.3955078125,-0.5,-0.7490234375,22196,22205,2832.185141,0
0.1384170204,0.1778212339,0.9725705981,-0.05764774978,0.19921875,-0.7158203125,-0.626953125,22196,22244,2832.203129,0
0.1434159428,0.1125859395,0.9789800048,-0.09139549732,0.1015625,-0.7177734375,-0.626953125,22244,22254,2832.204102,0
0.1449468583,0.09702177346,0.9795825481,-0.09997047484,-0.01171875,-0.68359375,-0.693359375,22254,22264,2832.223112,0
0.1471200138,0.08106824756,0.9797033668,-0.1093797013,-0.208984375,-0.6494140625,-0.7880859375,22264,22273,2832.224123,0
0.156983763,0.04728551954,0.9780346155,-0.1287130266,-0.34765625,-0.5859375,-1.008789063,22283,22283,2832.243157,0
0.156983763,0.04728551954,0.9780346155,-0.1287130266,-0.423828125,-0.4658203125,-1.279296875,22283,22293,2832.24414,0
0.1716041565,0.0105828261,0.9744461775,-0.1445406526,-0.4970703125,-0.40625,-1.443359375,22302,22302,2832.26316,0
0.1716041565,0.0105828261,0.9744461775,-0.1445406526,-0.625,-0.37109375,-1.512695313,22302,22312,2832.264127,0
0.1881792694,-0.02647011355,0.9696962237,-0.1535313278,-0.8427734375,-0.396484375,-1.388671875,22322,22322,2832.283136,0
0.1881792694,-0.02647011355,0.9696962237,-0.1535313278,-0.9013671875,-0.412109375,-1.280273438,22322,22332,2832.284134,0
0.1976984888,-0.0449121967,0.9667736888,-0.1556897461,-0.8681640625,-0.42578125,-1.182617188,22332,22341,2832.303139,0
0.20810242,-0.06309129298,0.9633464217,-0.1570527107,-0.845703125,-0.4208984375,-1.146484375,22341,22351,2832.304117,0
0.2338900417,-0.0985737294,0.9541741014,-0.1584430039,-1.02734375,-0.375,-1.114257813,22361,22361,2832.32317,0
0.2338900417,-0.0985737294,0.9541741014,-0.1584430039,-1.319335938,-0.330078125,-1.088867188,22361,22370,2832.324149,0
0.251265794,-0.1167322695,0.9477360845,-0.1582256407,-1.614257813,-0.232421875,-1.141601563,22370,22380,2832.325152,0
0.2959179282,-0.1551074088,0.9300794005,-0.1527305245,-1.759765625,-0.185546875,-1.28125,22390,22390,2832.343171,0
0.3221057355,-0.1741583198,0.9191090465,-0.1454487592,-1.743164063,-0.1181640625,-1.4140625,22399,22399,2832.363168,0
0.3221057355,-0.1741583198,0.9191090465,-0.1454487592,-1.721679688,-0.09375,-1.365234375,22399,22409,2832.364146,0
0.3493753076,-0.1936951131,0.9068184495,-0.1345333159,-1.65234375,-0.16015625,-1.166992188,22409,22419,2832.366117,0
0.3493753076,-0.1936951131,0.9068184495,-0.1345333159,-1.5625,-0.2236328125,-0.9755859375,22409,22429,2832.38314,0
0.4025030732,-0.2311671674,0.8793796897,-0.106034793,-1.456054688,-0.2763671875,-0.85546875,22429,22438,2832.384117,0
0.4248861074,-0.2467926294,0.8661833405,-0.09104658663,-1.393554688,-0.3173828125,-0.7158203125,22438,22448,2832.403154,0
0.4414315224,-0.2592892051,0.8554801345,-0.07782818377,-1.42578125,-0.361328125,-0.5712890625,22448,22458,2832.404142,0
0.4414315224,-0.2592892051,0.8554801345,-0.07782818377,-1.509765625,-0.373046875,-0.3837890625,22448,22467,2832.423168,0
0.4558823109,-0.2744213045,0.8447643518,-0.05684152246,-1.54296875,-0.392578125,-0.2138671875,22467,22477,2832.424133,0
0.4553215206,-0.2772392631,0.8446269035,-0.0491893962,-1.458007813,-0.380859375,-0.09765625,22477,22487,2832.443154,0
0.4509925246,-0.2771408558,0.8473011851,-0.043285124,-1.509765625,-0.33984375,-0.1162109375,22487,22496,2832.44414,0
0.4323607385,-0.2701406777,0.859493196,-0.0368309617,-1.42578125,-0.251953125,-0.2470703125,22506,22506,2832.46314,0
0.4323607385,-0.2701406777,0.859493196,-0.0368309617,-1.388671875,-0.1650390625,-0.421875,22506,22516,2832.464141,0
0.4012109637,-0.2581559122,0.8782244325,-0.03325685114,-1.38671875,-0.1171875,-0.5390625,22526,22526,2832.483183,0
0.4012109637,-0.2581559122,0.8782244325,-0.03325685114,-1.322265625,-0.1630859375,-0.572265625,22526,22535,2832.484152,0
0.3619092703,-0.2509601712,0.8973354697,-0.02880052477,-1.138671875,-0.263671875,-0.5400390625,22545,22545,2832.503181,0
0.3619092703,-0.2509601712,0.8973354697,-0.02880052477,-0.8388671875,-0.349609375,-0.4482421875,22545,22555,2832.504148,0
0.3162254989,-0.2504545152,0.9146254659,-0.02709594741,-0.591796875,-0.4033203125,-0.4228515625,22564,22564,2832.523177,0
0.3162254989,-0.2504545152,0.9146254659,-0.02709594741,-0.3662109375,-0.392578125,-0.525390625,22564,22574,2832.524143,0
0.2884359956,-0.2521497011,0.9232979417,-0.0273150634,-0.189453125,-0.3564453125,-0.6611328125,22574,22584,2832.543138,0
0.2563315034,-0.2541354001,0.9321283102,-0.02908855677,-0.02734375,-0.2890625,-0.7451171875,22584,22593,2832.544146,0
0.1760053039,-0.2558052242,0.9499334693,-0.03428244591,-0.041015625,-0.267578125,-0.80859375,22603,22603,2832.563177,0
0.1760053039,-0.2558052242,0.9499334693,-0.03428244591,-0.1533203125,-0.2509765625,-0.8203125,22603,22613,2832.564161,0
0.07283449918,-0.2458059341,0.9657095671,-0.04087924957,-0.193359375,-0.2314453125,-0.8515625,22623,22623,2832.58318,0
0.07283449918,-0.2458059341,0.9657095671,-0.04087924957,-0.07421875,-0.1845703125,-0.927734375,22623,22632,2832.58416,0
0.04281444848,0.2297978997,-0.9712610841,0.04480493069,-0.0419921875,-0.1689453125,-1.068359375,22642,22642,2832.603185,0
0.04281444848,0.2297978997,-0.9712610841,0.04480493069,-0.060546875,-0.0869140625,-1.111328125,22642,22652,2832.604145,0
0.1596088707,0.2192682773,-0.9617391229,0.03861739486,-0.068359375,-0.1572265625,-1.16796875,22662,22662,2832.623173,0
0.1596088707,0.2192682773,-0.9617391229,0.03861739486,0.0615234375,-0.1845703125,-1.069335938,22662,22671,2832.624163,0
0.2781114876,0.2143676132,-0.9361397028,0.01851861738,0.39453125,0.025390625,-1.018554688,22681,22681,2832.643145,0
0.2781114876,0.2143676132,-0.9361397028,0.01851861738,0.298828125,-0.1640625,-0.873046875,22681,22690,2832.644146,0
0.3380878568,0.2136624753,-0.9165216088,0.005747030489,0.2939453125,-0.1474609375,-0.6748046875,22690,22700,2832.645146,0
0.4585022926,0.2146503925,-0.8618849516,-0.0291959215,0.4755859375,-0.1767578125,-0.5302734375,22710,22710,2832.683095,0
0.4585022926,0.2146503925,-0.8618849516,-0.0291959215,0.5048828125,-0.1171875,-0.3662109375,22710,22720,2832.68409,0
0.5177794695,0.2135605663,-0.8270248771,-0.04802955687,0.49609375,-0.130859375,-0.3046875,22720,22729,2832.685103,0
0.6814088225,0.2013070285,-0.6972436309,-0.09491442144,0.4306640625,-0.0234375,-0.140625,22749,22749,2832.703125,0
0.6814088225,0.2013070285,-0.6972436309,-0.09491442144,0.2783203125,0.0380859375,-0.0517578125,22749,22758,2832.704121,0
0.7645637393,0.1896065325,-0.605787158,-0.1118559688,0.162109375,0.1376953125,-0.0126953125,22768,22768,2832.723166,0
0.7645637393,0.1896065325,-0.605787158,-0.1118559688,0.1298828125,0.16796875,0.05078125,22768,22778,2832.724149,0
0.820040524,0.1786017865,-0.5293976068,-0.1239884868,0.0185546875,0.1611328125,0.2001953125,22787,22787,2832.74316,0
0.820040524,0.1786017865,-0.5293976068,-0.1239884868,0.10546875,0.1669921875,0.4521484375,22787,22797,2832.744166,0
0.8624764085,0.1692791879,-0.4597631991,-0.1268730313,0.388671875,0.294921875,0.3681640625,22807,22807,2832.763175,0
0.8624764085,0.1692791879,-0.4597631991,-0.1268730313,0.5048828125,0.2919921875,0.4560546875,22807,22817,2832.764154,0
0.890576303,0.1637402475,-0.4022866189,-0.1350095123,0.5048828125,0.42578125,0.57421875,22826,22826,2832.783171,0
0.890576303,0.1637402475,-0.4022866189,-0.1350095123,0.5400390625,0.4970703125,0.5986328125,22826,22836,2832.784153,0
0.9059026837,0.159632504,-0.3619145453,-0.1512461901,0.55859375,0.5615234375,0.6904296875,22846,22846,2832.803152,0
0.9059026837,0.159632504,-0.3619145453,-0.1512461901,0.4873046875,0.5830078125,0.779296875,22846,22855,2832.804151,0
0.9174115062,0.1544337273,-0.3284004033,-0.1632772982,0.3740234375,0.5634765625,0.888671875,22865,22865,2832.823145,0
0.9174115062,0.1544337273,-0.3284004033,-0.1632772982,0.291015625,0.5517578125,0.953125,22865,22875,2832.824143,0
0.922465086,0.1487151384,-0.3118268847,-0.1723538637,0.3564453125,0.5859375,1.0546875,22885,22885,2832.843157,0
0.922465086,0.1487151384,-0.3118268847,-0.1723538637,0.4658203125,0.6064453125,1.072265625,22885,22894,2832.844143,0
0.916375339,0.1441062391,-0.3240205348,-0.185742721,0.625,0.625,1.05859375,22904,22904,2832.863156,0
0.916375339,0.1441062391,-0.3240205348,-0.185742721,0.7353515625,0.638671875,0.9921875,22904,22914,2832.864161,0
0.9106147885,0.1428063065,-0.3369059563,-0.1920358688,0.7470703125,0.611328125,0.96484375,22914,22923,2832.884179,0
0.9041335583,0.1423566639,-0.3512932658,-0.1971550733,0.8037109375,0.6494140625,0.8505859375,22923,22933,2832.88518,0
0.8893646598,0.1424953341,-0.3840941489,-0.2029711604,0.7783203125,0.6708984375,0.6640625,22943,22943,2832.903186,0
0.8893646598,0.1424953341,-0.3840941489,-0.2029711604,0.71875,0.68359375,0.517578125,22943,22952,2832.904155,0
0.8633467555,0.1439738572,-0.4362791181,-0.2087201327,0.6884765625,0.673828125,0.3798828125,22962,22962,2832.923171,0
0.8633467555,0.1439738572,-0.4362791181,-0.2087201327,0.70703125,0.65234375,0.2490234375,22962,22972,2832.924147,0
0.8165078163,0.1464176327,-0.5134471655,-0.219653964,0.609375,0.5888671875,0.2431640625,22982,22982,2832.943132,0
0.8165078163,0.1464176327,-0.5134471655,-0.219653964,0.5283203125,0.4765625,0.2314453125,22982,22991,2832.944145,0
0.7819158435,0.1492186189,-0.5608258843,-0.2276293933,0.5849609375,0.4267578125,0.1767578125,22991,23001,2832.945145,0
0.6796395779,0.1614800841,-0.6713050008,-0.2476782799,0.7646484375,0.4716796875,0.0322265625,23011,23011,2832.963142,0
0.613271594,0.1707844734,-0.7274287343,-0.256077379,0.9326171875,0.6025390625,-0.2080078125,23021,23021,2832.983184,0
0.613271594,0.1707844734,-0.7274287343,-0.256077379,0.9609375,0.6904296875,-0.3916015625,23021,23030,2832.984161,0
0.5397942662,0.1825680137,-0.7795415521,-0.2600110471,0.9462890625,0.767578125,-0.6982421875,23030,23040,2832.985159,0
0.3862287998,0.208049044,-0.8623919487,-0.2526271045,0.8466796875,0.806640625,-0.9013671875,23049,23049,2833.023183,0
0.3862287998,0.208049044,-0.8623919487,-0.2526271045,0.654296875,0.8359375,-1.107421875,23049,23059,2833.02417,0
0.2238689661,0.2315915972,-0.9184034467,-0.2297456563,0.4140625,0.763671875,-1.193359375,23069,23069,2833.025172,0
0.04616370425,0.2535462677,-0.9446477294,-0.2030366957,0.052734375,0.5634765625,-1.266601563,23088,23088,2833.043168,0
0.04616370425,0.2535462677,-0.9446477294,-0.2030366957,0.056640625,0.556640625,-1.153320313,23088,23098,2833.044153,0
0.1273966283,-0.278876394,0.9355722666,0.175221473,0.0546875,0.53125,-1.0625,23108,23108,2833.063145,0
0.1273966283,-0.278876394,0.9355722666,0.175221473,0.0146484375,0.455078125,-0.814453125,23108,23117,2833.064148,0
0.2744653225,-0.3079935014,0.899237752,0.1455334425,-0.013671875,0.396484375,-0.607421875,23127,23127,2833.083172,0
0.2744653225,-0.3079935014,0.899237752,0.1455334425,-0.1513671875,0.21484375,-0.4990234375,23127,23137,2833.084164,0
0.3834180832,-0.3355188966,0.8526998758,0.1153956726,-0.369140625,0.01171875,-0.3779296875,23147,23147,2833.103176,0
0.3834180832,-0.3355188966,0.8526998758,0.1153956726,-0.52734375,-0.171875,-0.349609375,23147,23156,2833.10417,0
0.4509852231,-0.3473109007,0.8173000216,0.08943516016,-0.6533203125,-0.212890625,-0.478515625,23166,23166,2833.143136,0
0.4509852231,-0.3473109007,0.8173000216,0.08943516016,-0.716796875,-0.18359375,-0.5263671875,23166,23176,2833.144136,0
0.531680584,-0.3586460352,0.7649888396,0.05899854749,-0.8427734375,-0.400390625,-0.4091796875,23205,23205,2833.163173,0
0.531680584,-0.3586460352,0.7649888396,0.05899854749,-0.7744140625,-0.34375,-0.3486328125,23205,23214,2833.164218,0
0.5582194924,-0.3720351458,0.7400806546,0.04736440256,-0.720703125,-0.29296875,-0.3056640625,23224,23224,2833.183184,0
0.5582194924,-0.3720351458,0.7400806546,0.04736440256,-0.7275390625,-0.330078125,-0.2744140625,23224,23234,2833.184193,0
0.5733433366,-0.3812475502,0.7241290212,0.03954271972,-0.7236328125,-0.36328125,-0.2197265625,23243,23243,2833.203176,0
0.5733433366,-0.3812475502,0.7241290212,0.03954271972,-0.72265625,-0.3173828125,-0.24609375,23243,23253,2833.2042,0
0.5762313604,-0.3841526508,0.7203994989,0.03752643615,-0.6767578125,-0.23046875,-0.2900390625,23253,23263,2833.223173,0
0.5757924318,-0.386446774,0.7195474505,0.03705519438,-0.6357421875,-0.17578125,-0.30078125,23263,23273,2833.225192,0
0.5618084073,-0.3903751969,0.7280854583,0.04321143031,-0.6435546875,-0.1689453125,-0.3603515625,23282,23282,2833.243189,0
0.5618084073,-0.3903751969,0.7280854583,0.04321143031,-0.6806640625,-0.2314453125,-0.3359375,23282,23292,2833.244187,0
0.5179674029,-0.386744231,0.7605230212,0.06118287891,-0.810546875,-0.3349609375,-0.3408203125,23302,23302,2833.263192,0
0.5179674029,-0.386744231,0.7605230212,0.06118287891,-0.9248046875,-0.412109375,-0.4130859375,23302,23311,2833.264195,0
0.4830406308,-0.3801964521,0.7853633165,0.07298164815,-0.970703125,-0.361328125,-0.49609375,23311,23321,2833.265202,0
0.4397070408,-0.3705766201,0.8136076331,0.08582654595,-0.9697265625,-0.271484375,-0.63671875,23321,23331,2833.28318,0
0.3892208934,-0.3582232594,0.8428184986,0.09916170686,-0.9072265625,-0.111328125,-0.830078125,23331,23341,2833.285206,0
0.2699317336,-0.3263873458,0.8971145749,0.1256712377,-0.7841796875,0.017578125,-0.8974609375,23350,23350,2833.303185,0
0.2699317336,-0.3263873458,0.8971145749,0.1256712377,-0.603515625,0.1923828125,-0.990234375,23350,23360,2833.304181,0
0.1315553784,-0.2946024537,0.9339936376,0.1534875631,-0.4677734375,0.2373046875,-1.048828125,23370,23370,2833.32322,0
0.1315553784,-0.2946024537,0.9339936376,0.1534875631,-0.4423828125,0.2021484375,-1.008789063,23370,23379,2833.324182,0
0.03475603461,0.2614599168,-0.9481196404,-0.1774821281,-0.3564453125,0.205078125,-0.947265625,23389,23389,2833.343175,0
0.03475603461,0.2614599168,-0.9481196404,-0.1774821281,-0.20703125,0.1806640625,-0.875,23389,23399,2833.344161,0
0.2236080915,0.2233133316,-0.9293982387,-0.1906554103,-0.0185546875,0.2978515625,-0.796875,23408,23408,2833.403151,0
0.2236080915,0.2233133316,-0.9293982387,-0.1906554103,0.169921875,0.3291015625,-0.69921875,23408,23418,2833.423164,0
0.4120185971,0.1837624013,-0.8712140322,-0.1935368776,0.3193359375,0.408203125,-0.6259765625,23428,23428,2833.443182,0
0.4120185971,0.1837624013,-0.8712140322,-0.1935368776,0.3720703125,0.29296875,0.19140625,23428,23467,2833.444189,0
0.4120185971,0.1837624013,-0.8712140322,-0.1935368776,0.58984375,0.3427734375,0.3427734375,23428,23486,2833.445188,0
0.8753685951,0.08243878186,-0.4651167393,-0.102956444,0.8818359375,0.3447265625,0.3359375,23505,23505,2833.463181,0
0.8753685951,0.08243878186,-0.4651167393,-0.102956444,0.890625,0.3291015625,0.3173828125,23505,23515,2833.464189,0
0.9198308587,0.06725551933,-0.3788991272,-0.07631082833,0.75390625,0.275390625,0.421875,23525,23525,2833.503191,0
0.9198308587,0.06725551933,-0.3788991272,-0.07631082833,0.5771484375,0.12109375,0.71875,23525,23534,2833.504174,0
0.9406986833,0.06059907004,-0.3279109895,-0.06235516071,0.3798828125,0.1162109375,1.016601563,23534,23544,2833.505181,0
0.9836579561,0.04648660496,-0.1721854955,-0.02465989813,-0.0166015625,0.2275390625,1.354492188,23564,23564,2833.523159,0
0.9836579561,0.04648660496,-0.1721854955,-0.02465989813,-0.00390625,0.279296875,1.439453125,23564,23573,2833.543155,0
0.9900687933,0.04533486813,-0.1324166805,-0.01320428029,0.0703125,0.28125,1.432617188,23573,23583,2833.544169,0
0.9938206673,0.04525244236,-0.1013290584,-0.00224589929,0.1455078125,0.2373046875,1.345703125,23583,23593,2833.546167,0
0.9968663454,0.0464762412,-0.06130576134,0.01841311716,0.1611328125,0.228515625,1.254882813,23602,23602,2833.563176,0
0.9968663454,0.0464762412,-0.06130576134,0.01841311716,0.1533203125,0.2255859375,1.204101563,23602,23612,2833.564155,0
0.997346282,0.0473312214,-0.04853397608,0.02654369175,0.107421875,0.224609375,1.23046875,23612,23622,2833.583192,0
0.9975007176,0.04951835796,-0.03642884642,0.0348309055,0.0625,0.244140625,1.276367188,23631,23631,2833.58519,0
0.9975007176,0.04951835796,-0.03642884642,0.0348309055,0.0751953125,0.2451171875,1.319335938,23631,23651,2833.603201,0
0.9953274131,0.05212977901,-0.07610481977,0.0285278596,0.0791015625,0.2490234375,1.291992188,23661,23661,2833.605192,0
0.9926011562,0.0531328544,-0.1066641286,0.02329191938,0.150390625,0.2275390625,1.272460938,23670,23670,2833.643185,0
0.9926011562,0.0531328544,-0.1066641286,0.02329191938,0.2529296875,0.2041015625,1.2109375,23670,23680,2833.644179,0
0.9878723025,0.05405392125,-0.1445131004,0.01738220453,0.353515625,0.2041015625,1.13671875,23680,23690,2833.645163,0
0.95174402,0.05529750511,-0.3016985655,-0.01014450844,0.537109375,0.146484375,0.8984375,23709,23709,2833.663193,0
0.95174402,0.05529750511,-0.3016985655,-0.01014450844,0.513671875,0.142578125,0.7548828125,23709,23719,2833.671176,0
0.899731338,0.05648384243,-0.4312042594,-0.03681492433,0.57421875,0.1455078125,0.6357421875,23728,23728,2833.723188,0
0.899731338,0.05648384243,-0.4312042594,-0.03681492433,0.662109375,0.1552734375,0.54296875,23728,23738,2833.724218,0
0.8649249673,0.05891733617,-0.4957607985,-0.05152408406,0.798828125,0.1728515625,0.3984375,23738,23748,2833.725204,0
0.6013888121,0.09259212017,-0.783605814,-0.1253783405,0.744140625,0.259765625,-0.3623046875,23787,23787,2833.763211,0
0.6013888121,0.09259212017,-0.783605814,-0.1253783405,0.697265625,0.291015625,-0.50390625,23787,23796,2833.76421,0
0.6013888121,0.09259212017,-0.783605814,-0.1253783405,0.62109375,0.333984375,-0.6455078125,23787,23806,2833.765212,0
0.277782023,0.1516851932,-0.9339900017,-0.1658054143,0.3955078125,0.3232421875,-0.796875,23825,23825,2833.783189,0
0.277782023,0.1516851932,-0.9339900017,-0.1658054143,0.28125,0.3125,-0.8720703125,23825,23835,2833.784206,0
0.08339100331,0.1961858869,-0.9606227875,-0.1781750768,0.232421875,0.353515625,-0.86328125,23845,23845,2833.803162,0
0.08339100331,0.1961858869,-0.9606227875,-0.1781750768,0.0673828125,0.3642578125,-0.8603515625,23845,23854,2833.804174,0
0.1036255211,-0.2411331981,0.9488824606,0.1752102673,-0.1591796875,0.265625,-0.8369140625,23864,23864,2833.823229,0
0.1036255211,-0.2411331981,0.9488824606,0.1752102673,-0.3828125,0.19921875,-0.8203125,23864,23874,2833.824206,0
0.257022053,-0.2701976597,0.9144362211,0.157286942,-0.5458984375,0.1474609375,-0.806640625,23884,23884,2833.843192,0
0.257022053,-0.2701976597,0.9144362211,0.157286942,-0.6337890625,0.2177734375,-0.9326171875,23884,23893,2833.844191,0
0.378228575,-0.2944745421,0.8662757874,0.1406840235,-0.65625,0.2109375,-0.9326171875,23903,23903,2833.863181,0
0.378228575,-0.2944745421,0.8662757874,0.1406840235,-0.5986328125,0.1162109375,-0.6591796875,23903,23913,2833.864166,0
0.4222265482,-0.3056097925,0.8429172635,0.1334572583,-0.5771484375,0.00390625,-0.4541015625,23913,23922,2833.88321,0
0.494862318,-0.3346946239,0.7927223444,0.1211647764,-0.615234375,-0.0888671875,-0.298828125,23932,23932,2833.885208,0
0.494862318,-0.3346946239,0.7927223444,0.1211647764,-0.6044921875,-0.1640625,-0.1591796875,23932,23942,2833.886208,0
0.5461291671,-0.3650443554,0.7462304235,0.1078227684,-0.677734375,-0.279296875,-0.060546875,23951,23951,2833.903219,0
0.5620764494,-0.3744629622,0.7304193377,0.1016405448,-0.796875,-0.3623046875,-0.0791015625,23961,23961,2833.923228,0
0.5620764494,-0.3744629622,0.7304193377,0.1016405448,-0.91796875,-0.423828125,-0.08203125,23961,23971,2833.924233,0
0.5741961598,-0.3808971941,0.7183116674,0.09614674002,-0.96875,-0.4306640625,-0.1318359375,23971,23981,2833.925232,0
0.5886058807,-0.3881567419,0.703602314,0.08823470771,-1.008789063,-0.3837890625,-0.2333984375,23990,23990,2833.943211,0
0.5886058807,-0.3881567419,0.703602314,0.08823470771,-1.034179688,-0.3642578125,-0.283203125,23990,24000,2833.944212,0
0.5924352407,-0.3927126825,0.6982240677,0.0853247121,-1.018554688,-0.388671875,-0.26953125,24010,24010,2833.963236,0
0.5924352407,-0.3927126825,0.6982240677,0.0853247121,-0.9814453125,-0.3681640625,-0.279296875,24010,24019,2833.964236,0
0.5924352407,-0.3927126825,0.6982240677,0.0853247121,-0.9814453125,-0.3681640625,-0.279296875,24010,24019,2833.965882,6
0.5850746632,-0.395696044,0.7023840547,0.08814169466,-0.962890625,-0.3828125,-0.248046875,24029,24029,2833.9832,0
