10026.00000000,0.04931527,-24.05629921,6.56278372,2411.46668338,0.00000000
10027.00000000,0.03908212,-24.03338814,6.55729771,2411.46776839,0.00000000
10028.00000000,0.03055012,-24.00981903,6.56222391,2411.47952444,0.00000000
10029.00000000,0.02031085,-23.98506546,6.56425524,2411.48048793,0.00000000
10030.00000000,0.00772162,-23.96148109,6.56481075,2411.48143729,0.00000000
10031.00000000,-0.00660554,-23.94116783,6.56489038,2411.48240117,0.00000000
10032.00000000,-0.01896851,-23.92523384,6.56374550,2411.49712667,0.00000000
10033.00000000,-0.02860049,-23.91355133,6.56361437,2411.49805458,0.00000000
10034.00000000,-0.03451674,-23.90598297,6.56389618,2411.49900466,0.00000000
10035.00000000,-0.03811065,-23.90229034,6.56370020,2411.49997931,0.00000000
10036.00000000,-0.03984901,-23.90059471,6.56391668,2411.51174530,0.00000000
10037.00000000,-0.04054506,-23.89995003,6.56451082,2411.51272100,0.00000000
10038.00000000,-0.04113083,-23.89987946,6.56542492,2411.51369039,0.00000000
10039.00000000,-0.04117895,-23.90020180,6.56597471,2411.52541918,0.00000000
10040.00000000,-0.04123994,-23.90039825,6.56634569,2411.52636091,0.00000000
10041.00000000,-0.04196701,-23.90046692,6.56606722,2411.52732393,0.00000000
10042.00000000,-0.04272826,-23.90023804,6.56542778,2411.52829871,0.00000000
10043.00000000,-0.04379833,-23.89995384,6.56464243,2411.54005724,0.00000000
10044.00000000,-0.04511764,-23.89947128,6.56408310,2411.54100839,0.00000000
10045.00000000,-0.04683090,-23.89891052,6.56309557,2411.54197165,0.00000000
10046.00000000,-0.04941554,-23.89809036,6.56298828,2411.55371927,0.00000000
10047.00000000,-0.05308507,-23.89758301,6.56251001,2411.55473581,0.00000000
10048.00000000,-0.05922321,-23.89726830,6.56154728,2411.55566925,0.00000000
10049.00000000,-0.06928416,-23.89577103,6.56178379,2411.57816446,0.00000000
10050.00000000,-0.08482019,-23.89318085,6.56159067,2411.57912515,0.00000000
10051.00000000,-0.10192347,-23.88862610,6.56249809,2411.58010805,0.00000000
10052.00000000,-0.12367409,-23.88296890,6.56251001,2411.58108819,0.00000000
10053.00000000,-0.14916828,-23.87649727,6.56146479,2411.58204176,0.00000000
10054.00000000,-0.17812242,-23.86951637,6.56033897,2411.58298530,0.00000000
10055.00000000,-0.20890939,-23.86295700,6.56004524,2411.58399088,0.00000000
10056.00000000,-0.23848112,-23.85663795,6.56004858,2411.60552506,0.00000000
10057.00000000,-0.26516122,-23.85142708,6.56034040,2411.60645616,0.00000000
10058.00000000,-0.28970245,-23.84732628,6.56032133,2411.60739990,0.00000000
10059.00000000,-0.31178534,-23.84455872,6.55968046,2411.60837403,0.00000000
10060.00000000,-0.33241409,-23.84248161,6.55963993,2411.60935033,0.00000000
10061.00000000,-0.35070592,-23.84195709,6.55945110,2411.61032615,0.00000000
10062.00000000,-0.36835155,-23.84263611,6.55840492,2411.62209133,0.00000000
10063.00000000,-0.38124728,-23.84353447,6.55914974,2411.62305664,0.00000000
10064.00000000,-0.39500827,-23.84488678,6.55970001,2411.62400189,0.00000000
10065.00000000,-0.40468955,-23.84637833,6.56000090,2411.62497663,0.00000000
10066.00000000,-0.41396049,-23.84794617,6.56013203,2411.63673621,0.00000000
10067.00000000,-0.42231736,-23.84946632,6.56050825,2411.63771807,0.00000000
10068.00000000,-0.42973095,-23.85120010,6.55969143,2411.63867021,0.00000000
10069.00000000,-0.43540308,-23.85239220,6.55925035,2411.65040567,0.00000000
10070.00000000,-0.44111204,-23.85292816,6.55995321,2411.65135692,0.00000000
10071.00000000,-0.44499364,-23.85301971,6.56003714,2411.65232079,0.00000000
10072.00000000,-0.44851908,-23.85267830,6.56021214,2411.65329591,0.00000000
10073.00000000,-0.45132539,-23.85225868,6.56009150,2411.66505071,0.00000000
10074.00000000,-0.45499572,-23.85153770,6.55937862,2411.66600456,0.00000000
10075.00000000,-0.45813403,-23.85060883,6.55831766,2411.66696820,0.00000000
10076.00000000,-0.46088147,-23.84904671,6.55881596,2411.67872085,0.00000000
10077.00000000,-0.46384063,-23.84770966,6.55843449,2411.67973574,0.00000000
10078.00000000,-0.46699053,-23.84627151,6.55804968,2411.68074351,0.00000000
10079.00000000,-0.47053498,-23.84366608,6.55772972,2411.70318132,0.00000000
10080.00000000,-0.47387686,-23.83993721,6.55881453,2411.70412543,0.00000000
10081.00000000,-0.47836030,-23.83590889,6.55814314,2411.70507797,0.00000000
10082.00000000,-0.48320958,-23.83205032,6.55744171,2411.70610610,0.00000000
10083.00000000,-0.48600459,-23.82842636,6.55716515,2411.70703778,0.00000000
10084.00000000,-0.48933631,-23.82475853,6.55702734,2411.70798290,0.00000000
10085.00000000,-0.49196151,-23.82169342,6.55737829,2411.70899193,0.00000000
10086.00000000,-0.49479547,-23.81856537,6.55810595,2411.73148312,0.00000000
10087.00000000,-0.49932367,-23.81586647,6.55817318,2411.73241350,0.00000000
10088.00000000,-0.50390714,-23.81292915,6.55888844,2411.73337361,0.00000000
10089.00000000,-0.50708753,-23.81077194,6.55839729,2411.73434870,0.00000000
10090.00000000,-0.51032251,-23.80891228,6.55863047,2411.73532565,0.00000000
10091.00000000,-0.51498318,-23.80718613,6.55857992,2411.73633009,0.00000000
10092.00000000,-0.51903319,-23.80560684,6.55854511,2411.73731515,0.00000000
10093.00000000,-0.52392662,-23.80479813,6.55833483,2411.74904057,0.00000000
10094.00000000,-0.52838874,-23.80374718,6.55920506,2411.74998899,0.00000000
10095.00000000,-0.53437042,-23.80327988,6.55972433,2411.75095217,0.00000000
10096.00000000,-0.54013228,-23.80336761,6.55924511,2411.76270396,0.00000000
10097.00000000,-0.54664707,-23.80352211,6.55943680,2411.76365858,0.00000000
10098.00000000,-0.55314440,-23.80422020,6.56067228,2411.76464968,0.00000000
10099.00000000,-0.55867201,-23.80495453,6.56127262,2411.76560115,0.00000000
10100.00000000,-0.56448793,-23.80560303,6.56125546,2411.77735327,0.00000000
10101.00000000,-0.57313651,-23.80702591,6.56069660,2411.77830723,0.00000000
10102.00000000,-0.58487844,-23.80812836,6.56122732,2411.77931545,0.00000000
10103.00000000,-0.60028291,-23.80892181,6.56104517,2411.79103080,0.00000000
10104.00000000,-0.61653394,-23.80984497,6.56065512,2411.79198056,0.00000000
10105.00000000,-0.63566893,-23.81058693,6.56098223,2411.79294344,0.00000000
10106.00000000,-0.65675998,-23.81164169,6.56056118,2411.80472421,0.00000000
10107.00000000,-0.67950422,-23.81268501,6.56018925,2411.80565065,0.00000000
10108.00000000,-0.70374733,-23.81344223,6.56039429,2411.80664146,0.00000000
10109.00000000,-0.72970551,-23.81422806,6.56071615,2411.80759198,0.00000000
10110.00000000,-0.75895673,-23.81499672,6.56039429,2411.82230404,0.00000000
10111.00000000,-0.78694671,-23.81547356,6.55973244,2411.82326712,0.00000000
10112.00000000,-0.81676525,-23.81558609,6.56029129,2411.82419520,0.00000000
10113.00000000,-0.84603393,-23.81556129,6.55920887,2411.82516694,0.00000000
10114.00000000,-0.87511259,-23.81513786,6.55938625,2411.83692605,0.00000000
10115.00000000,-0.90433228,-23.81476402,6.55966377,2411.83791527,0.00000000
10116.00000000,-0.93246120,-23.81427574,6.55955982,2411.83886074,0.00000000
10117.00000000,-0.95841765,-23.81350708,6.55985451,2411.85065984,0.00000000
10118.00000000,-0.98366702,-23.81288719,6.55987644,2411.85155289,0.00000000
10119.00000000,-1.00673103,-23.81258965,6.55947113,2411.85251240,0.00000000
10120.00000000,-1.02914143,-23.81233597,6.55916405,2411.85348824,0.00000000
10121.00000000,-1.05005765,-23.81223297,6.55918217,2411.87599324,0.00000000
10122.00000000,-1.07077682,-23.81241417,6.55890465,2411.87696952,0.00000000
10123.00000000,-1.08727372,-23.81279564,6.55929136,2411.87793087,0.00000000
10124.00000000,-1.10232663,-23.81375313,6.55827236,2411.87888159,0.00000000
10125.00000000,-1.11004436,-23.81490135,6.55838013,2411.87992959,0.00000000
10126.00000000,-1.11229753,-23.81602287,6.55793715,2411.88089145,0.00000000
10127.00000000,-1.11319709,-23.81697655,6.55741405,2411.90338599,0.00000000
10128.00000000,-1.11141777,-23.81797218,6.55747366,2411.90431678,0.00000000
10129.00000000,-1.10967231,-23.81908607,6.55669928,2411.90530420,0.00000000
10130.00000000,-1.10693061,-23.82007980,6.55571318,2411.90625171,0.00000000
10131.00000000,-1.10333943,-23.82093430,6.55607891,2411.90723028,0.00000000
10132.00000000,-1.09991539,-23.82160187,6.55642366,2411.90817486,0.00000000
10133.00000000,-1.09583044,-23.82248116,6.55635357,2411.90917887,0.00000000
10134.00000000,-1.09234202,-23.82337379,6.55614281,2411.92091101,0.00000000
10135.00000000,-1.08766353,-23.82442856,6.55547476,2411.92189515,0.00000000
10136.00000000,-1.08364987,-23.82517242,6.55562115,2411.92287383,0.00000000
10137.00000000,-1.07804596,-23.82601738,6.55563259,2411.93068351,0.00000000
10138.00000000,-1.07022119,-23.82728195,6.55541277,2411.93164897,0.00000000
10139.00000000,-1.05883241,-23.82880592,6.55540895,2411.93259164,0.00000000
10140.00000000,-1.04702902,-23.83024788,6.55556393,2411.94434525,0.00000000
10141.00000000,-1.03932917,-23.83153725,6.55578613,2411.94530247,0.00000000
10142.00000000,-1.03352642,-23.83284187,6.55599546,2411.94633244,0.00000000
10143.00000000,-1.02828455,-23.83391380,6.55565834,2411.96876343,0.00000000
10144.00000000,-1.02263284,-23.83510399,6.55548000,2411.96974049,0.00000000
10145.00000000,-1.01824081,-23.83613205,6.55596113,2411.97067478,0.00000000
10146.00000000,-1.01444960,-23.83720207,6.55616951,2411.97172711,0.00000000
10147.00000000,-1.01029468,-23.83839989,6.55567408,2411.97268626,0.00000000
10148.00000000,-1.00709593,-23.83929062,6.55599594,2411.97365124,0.00000000
10149.00000000,-1.00485170,-23.84019089,6.55573606,2411.97458242,0.00000000
10150.00000000,-1.00209272,-23.84105301,6.55599833,2411.99707903,0.00000000
10151.00000000,-0.99970120,-23.84193230,6.55593872,2411.99809988,0.00000000
10152.00000000,-0.99825150,-23.84345245,6.55460072,2411.99899749,0.00000000
10153.00000000,-0.99611992,-23.84463120,6.55532312,2411.99996918,0.00000000
10154.00000000,-0.99415046,-23.84643173,6.55528450,2412.00094384,0.00000000
10155.00000000,-0.99184793,-23.84838104,6.55558252,2412.00194996,0.00000000
10156.00000000,-0.98968989,-23.85033607,6.55627680,2412.01368264,0.00000000
10157.00000000,-0.98821127,-23.85247040,6.55626678,2412.01465443,0.00000000
10158.00000000,-0.98684400,-23.85455322,6.55576134,2412.01559720,0.00000000
10159.00000000,-0.98445666,-23.85634995,6.55591345,2412.01657078,0.00000000
10160.00000000,-0.98282331,-23.85849953,6.55579424,2412.02834350,0.00000000
10161.00000000,-0.98066944,-23.86058807,6.55551720,2412.02929051,0.00000000
10162.00000000,-0.97892749,-23.86213112,6.55563974,2412.03028475,0.00000000
10163.00000000,-0.97733980,-23.86397934,6.55625820,2412.03814508,0.00000000
10164.00000000,-0.97508365,-23.86590004,6.55573988,2412.03905915,0.00000000
10165.00000000,-0.97404522,-23.86752892,6.55629063,2412.06153781,0.00000000
10166.00000000,-0.97337782,-23.86895180,6.55654669,2412.06248315,0.00000000
10167.00000000,-0.97218537,-23.87013054,6.55592537,2412.06348447,0.00000000
10168.00000000,-0.97188008,-23.87067413,6.55592966,2412.06448820,0.00000000
10169.00000000,-0.97100651,-23.87085342,6.55681276,2412.06544922,0.00000000
10170.00000000,-0.97178090,-23.87110329,6.55681658,2412.06637691,0.00000000
10171.00000000,-0.97215742,-23.87133980,6.55622053,2412.06737946,0.00000000
10172.00000000,-0.97070646,-23.87135696,6.55609465,2412.07910538,0.00000000
10173.00000000,-0.97052872,-23.87147903,6.55606174,2412.08008924,0.00000000
10174.00000000,-0.97085994,-23.87142944,6.55599546,2412.08108604,0.00000000
10175.00000000,-0.97079557,-23.87133980,6.55643559,2412.09277460,0.00000000
10176.00000000,-0.97033978,-23.87132263,6.55639696,2412.09373110,0.00000000
10177.00000000,-0.97033960,-23.87129211,6.55662251,2412.09472425,0.00000000
10178.00000000,-0.97057295,-23.87143898,6.55645275,2412.09567042,0.00000000
10179.00000000,-0.97088480,-23.87154007,6.55607653,2412.10742983,0.00000000
10180.00000000,-0.97005272,-23.87158966,6.55594015,2412.10838043,0.00000000
10181.00000000,-0.97021955,-23.87153625,6.55603790,2412.10934387,0.00000000
10182.00000000,-0.97033429,-23.87149048,6.55617142,2412.12109726,0.00000000
10183.00000000,-0.97058004,-23.87143707,6.55630922,2412.12208559,0.00000000
10184.00000000,-0.97094858,-23.87146568,6.55630016,2412.12304122,0.00000000
10185.00000000,-0.97085351,-23.87143707,6.55636215,2412.12400042,0.00000000
10186.00000000,-0.97051078,-23.87140656,6.55640650,2412.13575056,0.00000000
10187.00000000,-0.97066689,-23.87136269,6.55623436,2412.13670062,0.00000000
10188.00000000,-0.97088253,-23.87135696,6.55605936,2412.13767494,0.00000000
10189.00000000,-0.97090518,-23.87136459,6.55597734,2412.15238398,0.00000000
10190.00000000,-0.97099292,-23.87137032,6.55598116,2412.15330392,0.00000000
10191.00000000,-0.97073197,-23.87130356,6.55615330,2412.15426412,0.00000000
10192.00000000,-0.97056383,-23.87135696,6.55605268,2412.15528193,0.00000000
10193.00000000,-0.97048295,-23.87134743,6.55614281,2412.16699861,0.00000000
10194.00000000,-0.97079778,-23.87137032,6.55602980,2412.16794862,0.00000000
10195.00000000,-0.97066724,-23.87138367,6.55605268,2412.16891335,0.00000000
10196.00000000,-0.97072023,-23.87134361,6.55612516,2412.16988830,0.00000000
10197.00000000,-0.97075945,-23.87135696,6.55619287,2412.18164938,0.00000000
10198.00000000,-0.97077805,-23.87136459,6.55613232,2412.18259818,0.00000000
10199.00000000,-0.97082907,-23.87136459,6.55604744,2412.18356054,0.00000000
10200.00000000,-0.97112089,-23.87130928,6.55621004,2412.19533497,0.00000000
10201.00000000,-0.97112525,-23.87128639,6.55622053,2412.19628492,0.00000000
10202.00000000,-0.97112304,-23.87129211,6.55629492,2412.19727100,0.00000000
10203.00000000,-0.97133315,-23.87130356,6.55614567,2412.21978423,0.00000000
10204.00000000,-0.97129273,-23.87127304,6.55625439,2412.22068747,0.00000000
10205.00000000,-0.97138602,-23.87129784,6.55616093,2412.22172439,0.00000000
10206.00000000,-0.97168785,-23.87127495,6.55607128,2412.22266977,0.00000000
10207.00000000,-0.97153729,-23.87129974,6.55597734,2412.22366251,0.00000000
10208.00000000,-0.97158402,-23.87122536,6.55618620,2412.22457682,0.00000000
10209.00000000,-0.97172821,-23.87115479,6.55641127,2412.22558200,0.00000000
10210.00000000,-0.97147226,-23.87118721,6.55619812,2412.24806096,0.00000000
10211.00000000,-0.97157371,-23.87122536,6.55605507,2412.24902047,0.00000000
10212.00000000,-0.97173870,-23.87122154,6.55615473,2412.24996688,0.00000000
10213.00000000,-0.97163302,-23.87126350,6.55597878,2412.25094093,0.00000000
10214.00000000,-0.97172332,-23.87123871,6.55602646,2412.25194612,0.00000000
10215.00000000,-0.97155589,-23.87125206,6.55604458,2412.25293533,0.00000000
10216.00000000,-0.97179765,-23.87123871,6.55621433,2412.25386939,0.00000000
10217.00000000,-0.97177762,-23.87124062,6.55619812,2412.26270569,0.00000000
10218.00000000,-0.97191650,-23.87121964,6.55623531,2412.26368337,0.00000000
10219.00000000,-0.97191405,-23.87124062,6.55616236,2412.27538792,0.00000000
10220.00000000,-0.97178423,-23.87121010,6.55621433,2412.27634551,0.00000000
10221.00000000,-0.97194779,-23.87123108,6.55604172,2412.27731076,0.00000000
10222.00000000,-0.97193646,-23.87124252,6.55591774,2412.27828460,0.00000000
10223.00000000,-0.97178721,-23.87121391,6.55613232,2412.29004196,0.00000000
10224.00000000,-0.97157222,-23.87119484,6.55615711,2412.29099495,0.00000000
10225.00000000,-0.97157860,-23.87114334,6.55628824,2412.29195678,0.00000000
10226.00000000,-0.97171795,-23.87109756,6.55621433,2412.30371652,0.00000000
10227.00000000,-0.97182339,-23.87113190,6.55603552,2412.30470424,0.00000000
10228.00000000,-0.97152835,-23.87116241,6.55582380,2412.30567036,0.00000000
10229.00000000,-0.97142905,-23.87115669,6.55581141,2412.32816140,0.00000000
10230.00000000,-0.97135687,-23.87113571,6.55582333,2412.32908191,0.00000000
10231.00000000,-0.97063768,-23.87120438,6.55570269,2412.33008175,0.00000000
10232.00000000,-0.97028732,-23.87124443,6.55557728,2412.33107055,0.00000000
10233.00000000,-0.97045797,-23.87119293,6.55569220,2412.33205089,0.00000000
10234.00000000,-0.97032934,-23.87113953,6.55555582,2412.33297488,0.00000000
10235.00000000,-0.96988958,-23.87113190,6.55582714,2412.33397644,0.00000000
10236.00000000,-0.97024173,-23.87111473,6.55556154,2412.35645046,0.00000000
10237.00000000,-0.97005165,-23.87108803,6.55572796,2412.35741976,0.00000000
10238.00000000,-0.96948159,-23.87103081,6.55579710,2412.35836359,0.00000000
10239.00000000,-0.96955550,-23.87109375,6.55558681,2412.35933782,0.00000000
10240.00000000,-0.96974623,-23.87108994,6.55561304,2412.36031953,0.00000000
10241.00000000,-0.96848178,-23.87060738,6.55575228,2412.36131947,0.00000000
10242.00000000,-0.95904225,-23.86928940,6.55603838,2412.36226769,0.00000000
10243.00000000,-0.95046693,-23.86876869,6.55594921,2412.37012635,0.00000000
10244.00000000,-0.94265836,-23.86853409,6.55616379,2412.37106955,0.00000000
10245.00000000,-0.93461239,-23.86851311,6.55621958,2412.38283744,0.00000000
10246.00000000,-0.92714560,-23.86827087,6.55614281,2412.38376696,0.00000000
10247.00000000,-0.91916639,-23.86814308,6.55599928,2412.38472872,0.00000000
10248.00000000,-0.91096926,-23.86785698,6.55630064,2412.40727521,0.00000000
10249.00000000,-0.90136051,-23.86824799,6.55587149,2412.40818164,0.00000000
10250.00000000,-0.89000666,-23.86825752,6.55632687,2412.40917073,0.00000000
10251.00000000,-0.87834316,-23.86886406,6.55668354,2412.41018736,0.00000000
10252.00000000,-0.86537749,-23.87003899,6.55684900,2412.41112463,0.00000000
10253.00000000,-0.85395294,-23.87122726,6.55644703,2412.41207007,0.00000000
10254.00000000,-0.84174740,-23.87246513,6.55685234,2412.41309767,0.00000000
10255.00000000,-0.82879907,-23.87379646,6.55673885,2412.43555418,0.00000000
10256.00000000,-0.81722456,-23.87524223,6.55692959,2412.43649959,0.00000000
10257.00000000,-0.80449891,-23.87688828,6.55648947,2412.43746183,0.00000000
10258.00000000,-0.79442060,-23.87799835,6.55703974,2412.43847030,0.00000000
10259.00000000,-0.78677487,-23.87887383,6.55735588,2412.43946759,0.00000000
10260.00000000,-0.78082353,-23.87934113,6.55775976,2412.44044816,0.00000000
10261.00000000,-0.77555722,-23.88020897,6.55687618,2412.44137667,0.00000000
10262.00000000,-0.77227473,-23.88047218,6.55733109,2412.45314886,0.00000000
10263.00000000,-0.77149689,-23.88062859,6.55710602,2412.45407692,0.00000000
10264.00000000,-0.77014816,-23.88060379,6.55726814,2412.45506607,0.00000000
10265.00000000,-0.76973075,-23.88082504,6.55683041,2412.46679739,0.00000000
10266.00000000,-0.77048922,-23.88067627,6.55710173,2412.46775480,0.00000000
10267.00000000,-0.77039641,-23.88047791,6.55724716,2412.46871025,0.00000000
10268.00000000,-0.76966846,-23.88047791,6.55729103,2412.46971516,0.00000000
10269.00000000,-0.77041328,-23.88033295,6.55719328,2412.47756057,0.00000000
10270.00000000,-0.77076226,-23.88048172,6.55683422,2412.47849032,0.00000000
10271.00000000,-0.76984304,-23.88059235,6.55673885,2412.50098215,0.00000000
10272.00000000,-0.76950318,-23.88061523,6.55682182,2412.50195818,0.00000000
10273.00000000,-0.76930833,-23.88069916,6.55630684,2412.50291855,0.00000000
10274.00000000,-0.76877964,-23.88080597,6.55616617,2412.50386569,0.00000000
10275.00000000,-0.76866996,-23.88059616,6.55650330,2412.50489282,0.00000000
10276.00000000,-0.76999843,-23.88046455,6.55584431,2412.50589076,0.00000000
10277.00000000,-0.76963019,-23.88048744,6.55618763,2412.52832979,0.00000000
10278.00000000,-0.76928437,-23.88040352,6.55623817,2412.52931405,0.00000000
10279.00000000,-0.76982051,-23.88039017,6.55619335,2412.53026713,0.00000000
10280.00000000,-0.77006829,-23.88043022,6.55621672,2412.53123604,0.00000000
10281.00000000,-0.76981974,-23.88042450,6.55636024,2412.53224307,0.00000000
10282.00000000,-0.77005190,-23.88043022,6.55618095,2412.53316511,0.00000000
10283.00000000,-0.77015609,-23.88030624,6.55649662,2412.53416825,0.00000000
10284.00000000,-0.76999325,-23.88029289,6.55657721,2412.54589469,0.00000000
10285.00000000,-0.77007717,-23.88034821,6.55633640,2412.54686876,0.00000000
10286.00000000,-0.76985222,-23.88039780,6.55602360,2412.54786347,0.00000000
10287.00000000,-0.76996303,-23.88043404,6.55602217,2412.55956917,0.00000000
10288.00000000,-0.76953501,-23.88038254,6.55632114,2412.56052163,0.00000000
10289.00000000,-0.76974881,-23.88034248,6.55649137,2412.56148355,0.00000000
10290.00000000,-0.76956105,-23.88037682,6.55643559,2412.56246163,0.00000000
10291.00000000,-0.76967061,-23.88043022,6.55632830,2412.57421752,0.00000000
10292.00000000,-0.76981455,-23.88037109,6.55649662,2412.57516762,0.00000000
10293.00000000,-0.76960760,-23.88033485,6.55669928,2412.57613210,0.00000000
10294.00000000,-0.76970524,-23.88037491,6.55654669,2412.58501255,0.00000000
10295.00000000,-0.76973677,-23.88034821,6.55662346,2412.58591095,0.00000000
10296.00000000,-0.76974165,-23.88033485,6.55663681,2412.58687517,0.00000000
10297.00000000,-0.76985669,-23.88033485,6.55652905,2412.60938210,0.00000000
10298.00000000,-0.76972610,-23.88035965,6.55655718,2412.61032570,0.00000000
10299.00000000,-0.76983166,-23.88036346,6.55654001,2412.61131863,0.00000000
10300.00000000,-0.76977932,-23.88035011,6.55661011,2412.61226255,0.00000000
10301.00000000,-0.76959634,-23.88037491,6.55656815,2412.61326745,0.00000000
10302.00000000,-0.76947081,-23.88040161,6.55648708,2412.61429035,0.00000000
10303.00000000,-0.76959848,-23.88037682,6.55649233,2412.62597967,0.00000000
10304.00000000,-0.76954591,-23.88038254,6.55649137,2412.62695584,0.00000000
10305.00000000,-0.76938814,-23.88040161,6.55635214,2412.62793509,0.00000000
10306.00000000,-0.76943123,-23.88042450,6.55637836,2412.62886426,0.00000000
10307.00000000,-0.76956594,-23.88035965,6.55638790,2412.64062850,0.00000000
10308.00000000,-0.76962692,-23.88034248,6.55646038,2412.64157253,0.00000000
10309.00000000,-0.76972347,-23.88031006,6.55645418,2412.64255999,0.00000000
10310.00000000,-0.76986372,-23.88032341,6.55641270,2412.65429085,0.00000000
10311.00000000,-0.76984751,-23.88032722,6.55641651,2412.65525950,0.00000000
10312.00000000,-0.77029347,-23.88032722,6.55651331,2412.65624597,0.00000000
10313.00000000,-0.77018237,-23.88033295,6.55641317,2412.65724272,0.00000000
10314.00000000,-0.76966834,-23.88037491,6.55640221,2412.66893936,0.00000000
10315.00000000,-0.76977676,-23.88040161,6.55641317,2412.66989505,0.00000000
10316.00000000,-0.76958585,-23.88043022,6.55643940,2412.67085611,0.00000000
10317.00000000,-0.76962155,-23.88043404,6.55651236,2412.68263316,0.00000000
10318.00000000,-0.76977688,-23.88035965,6.55669880,2412.68357027,0.00000000
10319.00000000,-0.76980597,-23.88043785,6.55643702,2412.68452814,0.00000000
10320.00000000,-0.76983839,-23.88044357,6.55640602,2412.69924659,0.00000000
10321.00000000,-0.76978606,-23.88049126,6.55644608,2412.70016733,0.00000000
10322.00000000,-0.77001661,-23.88043785,6.55660105,2412.70112977,0.00000000
10323.00000000,-0.76991636,-23.88045311,6.55657959,2412.70210494,0.00000000
10324.00000000,-0.76982683,-23.88048553,6.55653620,2412.70308071,0.00000000
10325.00000000,-0.76996726,-23.88048553,6.55655336,2412.71484606,0.00000000
10326.00000000,-0.76981640,-23.88052559,6.55643845,2412.71582578,0.00000000
10327.00000000,-0.76982164,-23.88051987,6.55644178,2412.71676202,0.00000000
10328.00000000,-0.76982814,-23.88049126,6.55657339,2412.72851077,0.00000000
10329.00000000,-0.76976132,-23.88051414,6.55657482,2412.72946312,0.00000000
10330.00000000,-0.76972497,-23.88049126,6.55676270,2412.73044945,0.00000000
10331.00000000,-0.76953399,-23.88049507,6.55667210,2412.74221061,0.00000000
10332.00000000,-0.76954609,-23.88044739,6.55682230,2412.74313974,0.00000000
10333.00000000,-0.76952565,-23.88047600,6.55677032,2412.74409726,0.00000000
10334.00000000,-0.76969606,-23.88049889,6.55666971,2412.74507323,0.00000000
10335.00000000,-0.76960683,-23.88045311,6.55677414,2412.75682799,0.00000000
10336.00000000,-0.76957393,-23.88047791,6.55681801,2412.75780381,0.00000000
10337.00000000,-0.76972812,-23.88048363,6.55673885,2412.75874798,0.00000000
10338.00000000,-0.76973218,-23.88048553,6.55675983,2412.78123971,0.00000000
10339.00000000,-0.76995564,-23.88047791,6.55657482,2412.78224036,0.00000000
10340.00000000,-0.76994520,-23.88047791,6.55657196,2412.78317379,0.00000000
10341.00000000,-0.76983994,-23.88049126,6.55656958,2412.78416828,0.00000000
10342.00000000,-0.76985049,-23.88048744,6.55648708,2412.78514057,0.00000000
10343.00000000,-0.76988029,-23.88040161,6.55657148,2412.78611489,0.00000000
10344.00000000,-0.76975900,-23.88041306,6.55649137,2412.78706420,0.00000000
10345.00000000,-0.76984972,-23.88038063,6.55647755,2412.80861686,0.00000000
10346.00000000,-0.76968282,-23.88038254,6.55654764,2412.80954082,0.00000000
10347.00000000,-0.76979733,-23.88036919,6.55647516,2412.81050151,0.00000000
10348.00000000,-0.76951736,-23.88039207,6.55635309,2412.81148499,0.00000000
10349.00000000,-0.76954651,-23.88040733,6.55621576,2412.81245783,0.00000000
10350.00000000,-0.76954329,-23.88041115,6.55622864,2412.81343401,0.00000000
10351.00000000,-0.76975185,-23.88037109,6.55630064,2412.82520438,0.00000000
10352.00000000,-0.76970100,-23.88038254,6.55617809,2412.82614230,0.00000000
10353.00000000,-0.76972061,-23.88035393,6.55623531,2412.82710327,0.00000000
10354.00000000,-0.76982343,-23.88035965,6.55598497,2412.82807856,0.00000000
10355.00000000,-0.76988095,-23.88033485,6.55606842,2412.83983303,0.00000000
10356.00000000,-0.76986736,-23.88033485,6.55604172,2412.84080956,0.00000000
10357.00000000,-0.76990706,-23.88032722,6.55618382,2412.84175303,0.00000000
10358.00000000,-0.76989436,-23.88033485,6.55621052,2412.85350682,0.00000000
10359.00000000,-0.76989734,-23.88032341,6.55639410,2412.85446018,0.00000000
10360.00000000,-0.76976240,-23.88026237,6.55673313,2412.85543920,0.00000000
10361.00000000,-0.76950872,-23.88027382,6.55668592,2412.86720411,0.00000000
10362.00000000,-0.76966733,-23.88032150,6.55651188,2412.86813198,0.00000000
10363.00000000,-0.76971269,-23.88036537,6.55636358,2412.86909447,0.00000000
10364.00000000,-0.76976621,-23.88039970,6.55631781,2412.87006960,0.00000000
10365.00000000,-0.76960200,-23.88041306,6.55629492,2412.88191737,0.00000000
10366.00000000,-0.76950681,-23.88042259,6.55636263,2412.88287805,0.00000000
10367.00000000,-0.76976454,-23.88044930,6.55627918,2412.88374957,0.00000000
10368.00000000,-0.76976573,-23.88048172,6.55624104,2412.90627300,0.00000000
10369.00000000,-0.76973337,-23.88044739,6.55639839,2412.90722838,0.00000000
10370.00000000,-0.76975495,-23.88045311,6.55651522,2412.90818409,0.00000000
10371.00000000,-0.76979923,-23.88043404,6.55652905,2412.90916290,0.00000000
10372.00000000,-0.76965362,-23.88046074,6.55653763,2412.91013654,0.00000000
10373.00000000,-0.76962328,-23.88044548,6.55657959,2412.91111847,0.00000000
10374.00000000,-0.76957357,-23.88046646,6.55653906,2412.91206086,0.00000000
10375.00000000,-0.76950908,-23.88044930,6.55660534,2412.93457780,0.00000000
10376.00000000,-0.76923847,-23.88044548,6.55653620,2412.93551682,0.00000000
10377.00000000,-0.76936096,-23.88045502,6.55635977,2412.93649434,0.00000000
10378.00000000,-0.76913619,-23.88045883,6.55639315,2412.93745308,0.00000000
10379.00000000,-0.76919210,-23.88044930,6.55641794,2412.93842782,0.00000000
10380.00000000,-0.76908785,-23.88039589,6.55646753,2412.93948181,0.00000000
10381.00000000,-0.76915288,-23.88039589,6.55639315,2412.95117336,0.00000000
10382.00000000,-0.76889807,-23.88040733,6.55637455,2412.95211560,0.00000000
10383.00000000,-0.76889241,-23.88036346,6.55645275,2412.95307683,0.00000000
10384.00000000,-0.76885879,-23.88035393,6.55659819,2412.95405212,0.00000000
10385.00000000,-0.76893884,-23.88033295,6.55665684,2412.96581702,0.00000000
10386.00000000,-0.76909840,-23.88034821,6.55658817,2412.96677360,0.00000000
10387.00000000,-0.76911002,-23.88039970,6.55649757,2412.96772703,0.00000000
10388.00000000,-0.76912659,-23.88043022,6.55640745,2412.97947487,0.00000000
10389.00000000,-0.76906073,-23.88041687,6.55640984,2412.98043466,0.00000000
10390.00000000,-0.76902956,-23.88042450,6.55640221,2412.98143824,0.00000000
10391.00000000,-0.76895905,-23.88041115,6.55644321,2412.98241277,0.00000000
10392.00000000,-0.76898158,-23.88039589,6.55659580,2412.99412632,0.00000000
10393.00000000,-0.76885819,-23.88041306,6.55643511,2412.99508338,0.00000000
10394.00000000,-0.76900095,-23.88040543,6.55642080,2412.99604617,0.00000000
10395.00000000,-0.76899892,-23.88044739,6.55634308,2413.00781010,0.00000000
10396.00000000,-0.76893961,-23.88042450,6.55650425,2413.00875508,0.00000000
10397.00000000,-0.76907551,-23.88042450,6.55644035,2413.00971827,0.00000000
10398.00000000,-0.76908886,-23.88045311,6.55636930,2413.02443914,0.00000000
10399.00000000,-0.76905423,-23.88041687,6.55639410,2413.02536334,0.00000000
10400.00000000,-0.76898265,-23.88047791,6.55625248,2413.02631880,0.00000000
10401.00000000,-0.76888359,-23.88050461,6.55627823,2413.02729433,0.00000000
10402.00000000,-0.76877093,-23.88053894,6.55616093,2413.02827014,0.00000000
10403.00000000,-0.76874721,-23.88058090,6.55596018,2413.04002664,0.00000000
10404.00000000,-0.76894641,-23.88063812,6.55596828,2413.04100378,0.00000000
10405.00000000,-0.76885289,-23.88062859,6.55591249,2413.04194969,0.00000000
10406.00000000,-0.76854241,-23.88062096,6.55616379,2413.05369923,0.00000000
10407.00000000,-0.76852423,-23.88063431,6.55624962,2413.05472551,0.00000000
10408.00000000,-0.76729363,-23.88067627,6.55654669,2413.05562807,0.00000000
10409.00000000,-0.76713634,-23.88074493,6.55630684,2413.07813030,0.00000000
10410.00000000,-0.76713890,-23.88080215,6.55632973,2413.07906747,0.00000000
10411.00000000,-0.76707721,-23.88085938,6.55607128,2413.08003334,0.00000000
10412.00000000,-0.76709527,-23.88082314,6.55615473,2413.08107402,0.00000000
10413.00000000,-0.76729107,-23.88082314,6.55619192,2413.08203284,0.00000000
10414.00000000,-0.76701438,-23.88082886,6.55619955,2413.08298501,0.00000000
10415.00000000,-0.76721215,-23.88091087,6.55620480,2413.08396621,0.00000000
10416.00000000,-0.76682043,-23.88095474,6.55616617,2413.10643169,0.00000000
10417.00000000,-0.76705879,-23.88095474,6.55615425,2413.10738440,0.00000000
10418.00000000,-0.76674414,-23.88089561,6.55630398,2413.10837464,0.00000000
10419.00000000,-0.76674294,-23.88082886,6.55646610,2413.10932572,0.00000000
10420.00000000,-0.76692760,-23.88081169,6.55634975,2413.11030641,0.00000000
10421.00000000,-0.76677865,-23.88078499,6.55640268,2413.11130366,0.00000000
10422.00000000,-0.76679295,-23.88076401,6.55650663,2413.11225768,0.00000000
10423.00000000,-0.76689333,-23.88075256,6.55651999,2413.12402140,0.00000000
10424.00000000,-0.76675063,-23.88080597,6.55642748,2413.12498408,0.00000000
10425.00000000,-0.76662081,-23.88082504,6.55634499,2413.12593545,0.00000000
10426.00000000,-0.76685733,-23.88080788,6.55634499,2413.13478118,0.00000000
10427.00000000,-0.76683831,-23.88083458,6.55623055,2413.13570628,0.00000000
10428.00000000,-0.76694202,-23.88082886,6.55616665,2413.13666807,0.00000000
10429.00000000,-0.76690948,-23.88079262,6.55627632,2413.14843048,0.00000000
10430.00000000,-0.76682949,-23.88076973,6.55633593,2413.14939342,0.00000000
10431.00000000,-0.76684827,-23.88076210,6.55630970,2413.15035354,0.00000000
10432.00000000,-0.76658344,-23.88075829,6.55623436,2413.17283423,0.00000000
10433.00000000,-0.76642919,-23.88074493,6.55615616,2413.17383858,0.00000000
10434.00000000,-0.76634181,-23.88075066,6.55618763,2413.17478322,0.00000000
10435.00000000,-0.76653481,-23.88075829,6.55629635,2413.17576056,0.00000000
10436.00000000,-0.76638889,-23.88076401,6.55630970,2413.17673539,0.00000000
10437.00000000,-0.76649517,-23.88077164,6.55616665,2413.17771045,0.00000000
10438.00000000,-0.76667207,-23.88078690,6.55617857,2413.17865776,0.00000000
10439.00000000,-0.76689798,-23.88072968,6.55628729,2413.20117913,0.00000000
10440.00000000,-0.76686388,-23.88070488,6.55641174,2413.20211283,0.00000000
10441.00000000,-0.76675463,-23.88070297,6.55630970,2413.20307379,0.00000000
10442.00000000,-0.76652920,-23.88067627,6.55639076,2413.20404820,0.00000000
10443.00000000,-0.76667863,-23.88065529,6.55654049,2413.20503115,0.00000000
10444.00000000,-0.76657355,-23.88074684,6.55628443,2413.20606593,0.00000000
10445.00000000,-0.76669186,-23.88076401,6.55626345,2413.21777994,0.00000000
10446.00000000,-0.76662534,-23.88073158,6.55638933,2413.21871749,0.00000000
10447.00000000,-0.76667929,-23.88072777,6.55637693,2413.21970357,0.00000000
10448.00000000,-0.76674306,-23.88072586,6.55623245,2413.22065109,0.00000000
10449.00000000,-0.76673192,-23.88070297,6.55643940,2413.23240735,0.00000000
10450.00000000,-0.76678693,-23.88076782,6.55624723,2413.23339259,0.00000000
10451.00000000,-0.76667786,-23.88076973,6.55618000,2413.23432485,0.00000000
10452.00000000,-0.76666331,-23.88078690,6.55615473,2413.24223879,0.00000000
10453.00000000,-0.76663017,-23.88078117,6.55621386,2413.24312791,0.00000000
10454.00000000,-0.76635861,-23.88081169,6.55619526,2413.26562590,0.00000000
10455.00000000,-0.76634139,-23.88081741,6.55630398,2413.26658512,0.00000000
10456.00000000,-0.76630896,-23.88085365,6.55621719,2413.26752733,0.00000000
10457.00000000,-0.76636982,-23.88088417,6.55617142,2413.26852793,0.00000000
10458.00000000,-0.76642048,-23.88086891,6.55625629,2413.26950464,0.00000000
10459.00000000,-0.76612484,-23.88087463,6.55634689,2413.27045531,0.00000000
10460.00000000,-0.76596445,-23.88088608,6.55626822,2413.27145810,0.00000000
10461.00000000,-0.76622862,-23.88084221,6.55639029,2413.29393181,0.00000000
10462.00000000,-0.76617461,-23.88080597,6.55659294,2413.29488418,0.00000000
10463.00000000,-0.76619434,-23.88084793,6.55653238,2413.29584355,0.00000000
10464.00000000,-0.76621151,-23.88083839,6.55651188,2413.29681975,0.00000000
10465.00000000,-0.76626641,-23.88084030,6.55658340,2413.29781464,0.00000000
10466.00000000,-0.76619619,-23.88079834,6.55661297,2413.29884180,0.00000000
10467.00000000,-0.76642972,-23.88081360,6.55649519,2413.29977816,0.00000000
10468.00000000,-0.76635319,-23.88080788,6.55644512,2413.31151375,0.00000000
10469.00000000,-0.76621717,-23.88079643,6.55638742,2413.31246443,0.00000000
10470.00000000,-0.76644319,-23.88080025,6.55638123,2413.31342640,0.00000000
10471.00000000,-0.76636940,-23.88078880,6.55638409,2413.32518655,0.00000000
10472.00000000,-0.76656926,-23.88076401,6.55648613,2413.32613442,0.00000000
10473.00000000,-0.76651627,-23.88073730,6.55653048,2413.32709575,0.00000000
10474.00000000,-0.76650202,-23.88071632,6.55660391,2413.32807217,0.00000000
10475.00000000,-0.76645011,-23.88073540,6.55663300,2413.33983214,0.00000000
10476.00000000,-0.76622343,-23.88076401,6.55649996,2413.34079104,0.00000000
10477.00000000,-0.76610953,-23.88079262,6.55652189,2413.34177111,0.00000000
10478.00000000,-0.76611435,-23.88079643,6.55659580,2413.35644936,0.00000000
10479.00000000,-0.76597720,-23.88082886,6.55661821,2413.35740146,0.00000000
10480.00000000,-0.76558059,-23.88077545,6.55659962,2413.35837151,0.00000000
10481.00000000,-0.76554894,-23.88088608,6.55643654,2413.35932216,0.00000000
10482.00000000,-0.76592875,-23.88086128,6.55627680,2413.37107219,0.00000000
10483.00000000,-0.76599914,-23.88090324,6.55602360,2413.37202882,0.00000000
10484.00000000,-0.76581258,-23.88079071,6.55642509,2413.37301569,0.00000000
10485.00000000,-0.76576418,-23.88078690,6.55660534,2413.37400029,0.00000000
10486.00000000,-0.76616734,-23.88078880,6.55671072,2413.38573921,0.00000000
10487.00000000,-0.76603889,-23.88079262,6.55662346,2413.38667542,0.00000000
10488.00000000,-0.76595014,-23.88081169,6.55655050,2413.38763898,0.00000000
10489.00000000,-0.76604253,-23.88081169,6.55646896,2413.39939874,0.00000000
10490.00000000,-0.76602572,-23.88079262,6.55659008,2413.40037342,0.00000000
10491.00000000,-0.76607686,-23.88076401,6.55654526,2413.40131499,0.00000000
10492.00000000,-0.76630718,-23.88078308,6.55660057,2413.41310865,0.00000000
10493.00000000,-0.76615107,-23.88078690,6.55646753,2413.41402160,0.00000000
10494.00000000,-0.76614332,-23.88080025,6.55647898,2413.41502295,0.00000000
10495.00000000,-0.76607943,-23.88081169,6.55644083,2413.41598137,0.00000000
10496.00000000,-0.76594639,-23.88081169,6.55626440,2413.43846412,0.00000000
10497.00000000,-0.76594752,-23.88082314,6.55633307,2413.43944071,0.00000000
10498.00000000,-0.76592237,-23.88084984,6.55621290,2413.44044382,0.00000000
10499.00000000,-0.76583570,-23.88088608,6.55609751,2413.44138883,0.00000000
10500.00000000,-0.76590681,-23.88081169,6.55645657,2413.44237725,0.00000000
10501.00000000,-0.76600474,-23.88081932,6.55641031,2413.44333344,0.00000000
10502.00000000,-0.76593608,-23.88084602,6.55631590,2413.46000932,0.00000000
10503.00000000,-0.76588273,-23.88085365,6.55647421,2413.46089751,0.00000000
10504.00000000,-0.76573604,-23.88083839,6.55652809,2413.46186400,0.00000000
10505.00000000,-0.76531154,-23.88092422,6.55635071,2413.46283252,0.00000000
10506.00000000,-0.76504511,-23.88095856,6.55639267,2413.46380928,0.00000000
10507.00000000,-0.76503509,-23.88095093,6.55664444,2413.47564560,0.00000000
10508.00000000,-0.76384002,-23.88095284,6.55692577,2413.47831360,5.00000000
10509.00000000,-0.76407778,-23.88096809,6.55667877,2413.47944970,0.00000000
10510.00000000,-0.76399696,-23.88099480,6.55646229,2413.48041317,0.00000000
10511.00000000,-0.76395625,-23.88106918,6.55626059,2413.49222689,0.00000000
10512.00000000,-0.76412797,-23.88101006,6.55634642,2413.49273731,0.00000000
10513.00000000,-0.76425368,-23.88108635,6.55619574,2413.49415627,0.00000000
10514.00000000,-0.76382536,-23.88106537,6.55628586,2413.49508422,0.00000000
10515.00000000,-0.76413161,-23.88103104,6.55628014,2413.50688701,0.00000000
10516.00000000,-0.76418376,-23.88099861,6.55638790,2413.50739596,0.00000000
10517.00000000,-0.76366037,-23.88099289,6.55642128,2413.50884222,0.00000000
10518.00000000,-0.76373762,-23.88097572,6.55637693,2413.53124706,0.00000000
10519.00000000,-0.76395226,-23.88090706,6.55649233,2413.53175353,0.00000000
10520.00000000,-0.76419789,-23.88093376,6.55654812,2413.53322709,0.00000000
10521.00000000,-0.76412326,-23.88094139,6.55654526,2413.53417191,0.00000000
10522.00000000,-0.76415545,-23.88097382,6.55652571,2413.53512792,0.00000000
10523.00000000,-0.76434076,-23.88096237,6.55660534,2413.53610349,0.00000000
10524.00000000,-0.76431757,-23.88100243,6.55646992,2413.53704898,0.00000000
10525.00000000,-0.76426196,-23.88101578,6.55646896,2413.55963016,0.00000000
10526.00000000,-0.76416868,-23.88107491,6.55636215,2413.56016824,0.00000000
10527.00000000,-0.76420176,-23.88106918,6.55637312,2413.56153265,0.00000000
10528.00000000,-0.76405281,-23.88107491,6.55632830,2413.56247485,0.00000000
10529.00000000,-0.76434225,-23.88106346,6.55637693,2413.56341845,0.00000000
10530.00000000,-0.76430225,-23.88107109,6.55639935,2413.56442120,0.00000000
10531.00000000,-0.76426065,-23.88103294,6.55646229,2413.57228864,0.00000000
10532.00000000,-0.76412368,-23.88105774,6.55651379,2413.57321606,0.00000000
10533.00000000,-0.76423556,-23.88103867,6.55659866,2413.57398842,0.00000000
10534.00000000,-0.76415259,-23.88105011,6.55649376,2413.58602014,0.00000000
10535.00000000,-0.76397049,-23.88106918,6.55647087,2413.58653916,0.00000000
10536.00000000,-0.76385194,-23.88103676,6.55660486,2413.58790510,0.00000000
10537.00000000,-0.76360565,-23.88104439,6.55660772,2413.61037907,0.00000000
10538.00000000,-0.76394236,-23.88107681,6.55659866,2413.61088791,0.00000000
10539.00000000,-0.76374084,-23.88108253,6.55654573,2413.61232534,0.00000000
10540.00000000,-0.76410043,-23.88098145,6.55671787,2413.61327148,0.00000000
10541.00000000,-0.76428545,-23.88105774,6.55644512,2413.61422762,0.00000000
10542.00000000,-0.76414502,-23.88107681,6.55639982,2413.61527681,0.00000000
10543.00000000,-0.76401854,-23.88105774,6.55642223,2413.61617881,0.00000000
10544.00000000,-0.76403797,-23.88103867,6.55650997,2413.63876645,0.00000000
10545.00000000,-0.76410049,-23.88105202,6.55644321,2413.63931002,0.00000000
10546.00000000,-0.76399511,-23.88106155,6.55639172,2413.64065283,0.00000000
10547.00000000,-0.76399845,-23.88106346,6.55636883,2413.64156626,0.00000000
10548.00000000,-0.76402903,-23.88110542,6.55634022,2413.64251842,0.00000000
10549.00000000,-0.76406211,-23.88110542,6.55631256,2413.64352201,0.00000000
10550.00000000,-0.76406687,-23.88111115,6.55628300,2413.65522520,0.00000000
10551.00000000,-0.76404762,-23.88113594,6.55628586,2413.65575703,0.00000000
10552.00000000,-0.76394594,-23.88111496,6.55639601,2413.65728432,0.00000000
10553.00000000,-0.76371533,-23.88110161,6.55637836,2413.65816122,0.00000000
10554.00000000,-0.76388782,-23.88111877,6.55629110,2413.66990033,0.00000000
10555.00000000,-0.76394463,-23.88108444,6.55636692,2413.67040356,0.00000000
10556.00000000,-0.76399207,-23.88105774,6.55633450,2413.67083629,0.00000000
10557.00000000,-0.76404017,-23.88102150,6.55651522,2413.67869909,0.00000000
10558.00000000,-0.76399165,-23.88102150,6.55648994,2413.67966781,0.00000000
10559.00000000,-0.76395690,-23.88099861,6.55638742,2413.70212710,0.00000000
10560.00000000,-0.76389408,-23.88100052,6.55640602,2413.70263607,0.00000000
10561.00000000,-0.76390469,-23.88103867,6.55631447,2413.70412597,0.00000000
10562.00000000,-0.76388526,-23.88097000,6.55651760,2413.70504938,0.00000000
10563.00000000,-0.76381499,-23.88094139,6.55668736,2413.70603422,0.00000000
10564.00000000,-0.76370227,-23.88101578,6.55651903,2413.70708239,0.00000000
10565.00000000,-0.76365101,-23.88108444,6.55637074,2413.70797552,0.00000000
10566.00000000,-0.76362950,-23.88109398,6.55637026,2413.71979243,0.00000000
10567.00000000,-0.76349902,-23.88106918,6.55646038,2413.72031080,0.00000000
10568.00000000,-0.76340532,-23.88113022,6.55627680,2413.72172156,0.00000000
10569.00000000,-0.76340443,-23.88114357,6.55637217,2413.73341454,0.00000000
10570.00000000,-0.76361418,-23.88113976,6.55635214,2413.73395020,0.00000000
10571.00000000,-0.76362550,-23.88111877,6.55635500,2413.73538462,0.00000000
10572.00000000,-0.76359391,-23.88113594,6.55631256,2413.74711740,0.00000000
10573.00000000,-0.76362109,-23.88112259,6.55630922,2413.74765343,0.00000000
10574.00000000,-0.76347536,-23.88109970,6.55631733,2413.74903498,0.00000000
10575.00000000,-0.76353449,-23.88109779,6.55628300,2413.74996275,0.00000000
10576.00000000,-0.76351076,-23.88112259,6.55631876,2413.76178709,0.00000000
10577.00000000,-0.76348639,-23.88109207,6.55645370,2413.76229441,0.00000000
10578.00000000,-0.76319826,-23.88108444,6.55640650,2413.76368137,0.00000000
10579.00000000,-0.76301515,-23.88111115,6.55632448,2413.77540709,0.00000000
10580.00000000,-0.76366526,-23.88113022,6.55624104,2413.77594509,0.00000000
10581.00000000,-0.76344460,-23.88118362,6.55628538,2413.77735459,0.00000000
10582.00000000,-0.76357490,-23.88111877,6.55637217,2413.77828193,0.00000000
10583.00000000,-0.76364291,-23.88112450,6.55641556,2413.79302448,0.00000000
10584.00000000,-0.76380932,-23.88108444,6.55636883,2413.79356157,0.00000000
10585.00000000,-0.76374131,-23.88107300,6.55633736,2413.79492229,0.00000000
10586.00000000,-0.76389372,-23.88109589,6.55628729,2413.79586030,0.00000000
10587.00000000,-0.76379502,-23.88113022,6.55611134,2413.80765992,0.00000000
10588.00000000,-0.76378745,-23.88101196,6.55639982,2413.80816743,0.00000000
10589.00000000,-0.76386315,-23.88101768,6.55636692,2413.80958129,0.00000000
10590.00000000,-0.76361197,-23.88102341,6.55623245,2413.82133942,0.00000000
10591.00000000,-0.76375872,-23.88097763,6.55636263,2413.82185104,0.00000000
10592.00000000,-0.76355499,-23.88100815,6.55638123,2413.82325055,0.00000000
10593.00000000,-0.76350224,-23.88097572,6.55652905,2413.82417560,0.00000000
10594.00000000,-0.76358265,-23.88098907,6.55645800,2413.83594736,0.00000000
10595.00000000,-0.76365715,-23.88100052,6.55640078,2413.83648231,0.00000000
10596.00000000,-0.76346254,-23.88104630,6.55622196,2413.83790562,0.00000000
10597.00000000,-0.76348376,-23.88106155,6.55614281,2413.86040015,0.00000000
10598.00000000,-0.76363921,-23.88109207,6.55608177,2413.86091895,0.00000000
10599.00000000,-0.76368952,-23.88106155,6.55625010,2413.86231122,0.00000000
10600.00000000,-0.76386046,-23.88102913,6.55626678,2413.86327165,0.00000000
10601.00000000,-0.76391757,-23.88101006,6.55622864,2413.86422398,0.00000000
10602.00000000,-0.76398951,-23.88097954,6.55633307,2413.86521190,0.00000000
10603.00000000,-0.76409209,-23.88099861,6.55632544,2413.86605825,0.00000000
10604.00000000,-0.76390159,-23.88101768,6.55622911,2413.88881493,0.00000000
10605.00000000,-0.76390523,-23.88103104,6.55620861,2413.88940281,0.00000000
10606.00000000,-0.76392651,-23.88105011,6.55619335,2413.89064607,0.00000000
10607.00000000,-0.76381874,-23.88105202,6.55613089,2413.89159549,0.00000000
10608.00000000,-0.76370853,-23.88108444,6.55601692,2413.89252389,0.00000000
10609.00000000,-0.76392454,-23.88107681,6.55613852,2413.89352440,0.00000000
10610.00000000,-0.76385832,-23.88101387,6.55635166,2413.90139923,0.00000000
10611.00000000,-0.76384270,-23.88105774,6.55637074,2413.90194200,0.00000000
10612.00000000,-0.76142985,-23.88135719,6.55632973,2413.90332688,0.00000000
10613.00000000,-0.75512332,-23.88201714,6.55653381,2413.91506010,0.00000000
10614.00000000,-0.74887377,-23.88296890,6.55683422,2413.91559847,0.00000000
10615.00000000,-0.73883587,-23.88492012,6.55743265,2413.91700883,0.00000000
10616.00000000,-0.72235620,-23.88941956,6.55894947,2413.92872522,0.00000000
10617.00000000,-0.69881070,-23.89825249,6.55997753,2413.92922582,0.00000000
10618.00000000,-0.66796345,-23.91359520,6.56168365,2413.93067883,0.00000000
10619.00000000,-0.63115543,-23.93725014,6.56432199,2413.95314130,0.00000000
10620.00000000,-0.58791625,-23.96910286,6.56587553,2413.95364479,0.00000000
10621.00000000,-0.54441839,-24.00610352,6.56991768,2413.95510633,0.00000000
10622.00000000,-0.50191242,-24.04299164,6.58286190,2413.95604156,0.00000000
10623.00000000,-0.46130168,-24.07477379,6.61917257,2413.95699803,0.00000000
10624.00000000,-0.42595747,-24.09425354,6.69053030,2413.95794141,0.00000000
10625.00000000,-0.39998841,-24.09574699,6.79307413,2413.95894503,0.00000000
10626.00000000,-0.38157865,-24.07634735,6.92974186,2413.98148055,0.00000000
10627.00000000,-0.37791893,-24.02920532,7.10982895,2413.98201475,0.00000000
10628.00000000,-0.39626741,-23.94889259,7.32697248,2413.98340881,0.00000000
10629.00000000,-0.43831775,-23.83774567,7.56498861,2413.98432806,0.00000000
10630.00000000,-0.50422168,-23.69303131,7.82665300,2413.98528744,0.00000000
10631.00000000,-0.56208825,-23.56015778,8.07928276,2413.98628508,0.00000000
10632.00000000,-0.74071288,-23.25099564,8.49808502,2413.98724445,0.00000000
10633.00000000,-0.84594989,-23.04294205,8.76675129,2413.99900277,0.00000000
10634.00000000,-0.99187028,-22.76860237,9.11693478,2413.99950658,0.00000000
10635.00000000,-1.15636981,-22.45908165,9.49703598,2414.00098958,0.00000000
10636.00000000,-1.33667648,-22.12041092,9.90108109,2414.00980689,0.00000000
10637.00000000,-1.53117788,-21.75653648,10.32392788,2414.01039316,0.00000000
10638.00000000,-1.73722231,-21.36973381,10.76385784,2414.01171908,0.00000000
10639.00000000,-1.95309627,-20.96233368,11.21713638,2414.02345957,0.00000000
10640.00000000,-2.17852497,-20.53519440,11.68339443,2414.02399972,0.00000000
10641.00000000,-2.41132092,-20.08987427,12.16106033,2414.02540110,0.00000000
10642.00000000,-2.65139699,-19.62808609,12.64758301,2414.04785374,0.00000000
10643.00000000,-2.89664745,-19.15176773,13.14173222,2414.04835989,0.00000000
10644.00000000,-3.14746547,-18.66279602,13.64208126,2414.04982659,0.00000000
10645.00000000,-3.40371180,-18.16362000,14.14686775,2414.05076779,0.00000000
10646.00000000,-3.66320491,-17.65525436,14.65713120,2414.05172089,0.00000000
10647.00000000,-3.92461467,-17.13808250,15.17319107,2414.05269538,0.00000000
10648.00000000,-4.18713140,-16.61274529,15.69475269,2414.05364209,0.00000000
10649.00000000,-4.45069838,-16.07896233,16.22224808,2414.07623154,0.00000000
10650.00000000,-4.71376038,-15.53669834,16.75554276,2414.07676710,0.00000000
10651.00000000,-4.97875166,-14.98637486,17.29250145,2414.07812369,0.00000000
10652.00000000,-5.24681282,-14.42697239,17.83230972,2414.07905954,0.00000000
10653.00000000,-5.51960039,-13.85771370,18.37372398,2414.08002016,0.00000000
10654.00000000,-5.80015182,-13.27938557,18.91314316,2414.08106000,0.00000000
10655.00000000,-6.09207201,-12.68936539,19.44945145,2414.09284783,0.00000000
10656.00000000,-6.39529085,-12.08939362,19.97950745,2414.09338591,0.00000000
10657.00000000,-6.71424866,-11.47816372,20.50120354,2414.09475639,0.00000000
10658.00000000,-7.04793358,-10.85587215,21.01344681,2414.09565721,0.00000000
10659.00000000,-7.39842653,-10.22360802,21.51336861,2414.10737964,0.00000000
10660.00000000,-7.76510143,-9.58211899,21.99958038,2414.10788143,0.00000000
10661.00000000,-8.14350605,-8.93502235,22.47172928,2414.10833149,0.00000000
10662.00000000,-8.53504658,-8.28275490,22.92912292,2414.11627304,0.00000000
10663.00000000,-8.93588543,-7.62892532,23.37046623,2414.11679756,0.00000000
10664.00000000,-9.34307957,-6.97354221,23.79500961,2414.13970468,0.00000000
10665.00000000,-9.75463867,-6.31690121,24.20181656,2414.14027367,0.00000000
10666.00000000,-10.16777515,-5.65946293,24.59162712,2414.14159917,0.00000000
10667.00000000,-10.58090591,-5.00169373,24.96565056,2414.14254074,0.00000000
10668.00000000,-10.99002457,-4.34760666,25.32383728,2414.14352226,0.00000000
10669.00000000,-11.39808369,-3.69305897,25.66646385,2414.14449173,0.00000000
10670.00000000,-11.80351353,-3.03993559,25.99362755,2414.14543886,0.00000000
10671.00000000,-12.20841408,-2.38725162,26.30448914,2414.15725733,0.00000000
10672.00000000,-12.60947990,-1.73528886,26.60083389,2414.15777127,0.00000000
10673.00000000,-13.00656319,-1.08344328,26.88180161,2414.15922446,0.00000000
10674.00000000,-13.40273952,-0.43422627,27.14688873,2414.17091132,0.00000000
10675.00000000,-13.79629040,0.21551786,27.39540291,2414.17144950,0.00000000
10676.00000000,-14.19115353,0.86637384,27.62622452,2414.17285581,0.00000000
10677.00000000,-14.58323002,1.51573050,27.84069824,2414.17380788,0.00000000
10678.00000000,-14.97985077,2.16652632,28.03583145,2414.18548601,0.00000000
10679.00000000,-15.37416744,2.81596136,28.21577835,2414.18601704,0.00000000
10680.00000000,-15.77441692,3.46715736,28.37807274,2414.18645423,0.00000000
10681.00000000,-16.17551613,4.11531115,28.52599716,2414.19829708,0.00000000
10682.00000000,-16.57759094,4.76333761,28.66222763,2414.19885077,0.00000000
10683.00000000,-16.97728920,5.40770864,28.78702545,2414.20019308,0.00000000
10684.00000000,-17.38809013,6.04707384,28.89381409,2414.21193665,0.00000000
10685.00000000,-17.79347992,6.68350840,28.99404526,2414.21245128,0.00000000
10686.00000000,-18.20124626,7.31579494,29.08252144,2414.21387286,0.00000000
10687.00000000,-18.60880470,7.94291878,29.16225243,2414.22856454,0.00000000
10688.00000000,-19.01041031,8.56477070,29.23642731,2414.22908063,0.00000000
10689.00000000,-19.41681290,9.17159462,29.29877281,2414.23046862,0.00000000
10690.00000000,-19.81880951,9.78216553,29.35028458,2414.23140001,0.00000000
10691.00000000,-20.21738815,10.37973976,29.39351463,2414.23235267,0.00000000
10692.00000000,-20.60644531,10.97004509,29.43052864,2414.24414160,0.00000000
10693.00000000,-20.99306297,11.55667496,29.45389175,2414.24467805,0.00000000
10694.00000000,-21.37332344,12.13007736,29.46990967,2414.24610187,0.00000000
10695.00000000,-21.75184250,12.70226669,29.47133255,2414.25782975,0.00000000
10696.00000000,-22.12846947,13.26250172,29.46346664,2414.25834451,0.00000000
10697.00000000,-22.50164986,13.81411743,29.44634819,2414.25977273,0.00000000
10698.00000000,-22.87919235,14.36166286,29.41146469,2414.28225587,0.00000000
10699.00000000,-23.25481796,14.89906025,29.36817360,2414.28276446,0.00000000
10700.00000000,-23.62010765,15.42731190,29.32345009,2414.28421590,0.00000000
10701.00000000,-23.98490334,15.94000721,29.27355766,2414.28513394,0.00000000
10702.00000000,-24.34938049,16.43918991,29.21435165,2414.28609243,0.00000000
10703.00000000,-24.69982529,16.92901039,29.15583801,2414.28703704,0.00000000
10704.00000000,-25.04522133,17.41029930,29.08654785,2414.28804278,0.00000000
10705.00000000,-25.38496590,17.86993408,29.01681137,2414.31048454,0.00000000
10706.00000000,-25.70452309,18.32108688,28.95543671,2414.31101539,0.00000000
10707.00000000,-26.01644325,18.75580978,28.89170074,2414.31146088,0.00000000
10708.00000000,-26.31266785,19.17762756,28.83384895,2414.31247711,0.00000000
10709.00000000,-26.60407448,19.58746338,28.77294350,2414.31345993,0.00000000
10710.00000000,-26.88925171,19.97499084,28.71446037,2414.31443233,0.00000000
10711.00000000,-27.15025330,20.35185814,28.67365456,2414.32623395,0.00000000
10712.00000000,-27.40119743,20.71682739,28.63497162,2414.32677346,0.00000000
10713.00000000,-27.63882828,21.06499290,28.60712051,2414.32813504,0.00000000
10714.00000000,-27.86449814,21.40467834,28.58692932,2414.32905645,0.00000000
10715.00000000,-28.08828735,21.72127724,28.57324791,2414.33791536,0.00000000
10716.00000000,-28.30149841,22.02473068,28.56996918,2414.33845194,0.00000000
10717.00000000,-28.50684166,22.32427216,28.56883430,2414.35064765,0.00000000
10718.00000000,-28.70246696,22.59893799,28.59402657,2414.35116220,0.00000000
10719.00000000,-28.89849472,22.86370659,28.60857773,2414.35254459,0.00000000
10720.00000000,-29.08222008,23.12619781,28.63127899,2414.35346864,0.00000000
10721.00000000,-29.25878525,23.38164711,28.65180397,2414.37595024,0.00000000
10722.00000000,-29.43127060,23.62003708,28.68222046,2414.37645375,0.00000000
10723.00000000,-29.60815048,23.84873390,28.70081711,2414.37796886,0.00000000
10724.00000000,-29.77756500,24.06405830,28.72957230,2414.37885049,0.00000000
10725.00000000,-29.92896461,24.28038025,28.76064110,2414.37984032,0.00000000
10726.00000000,-30.09621429,24.47554207,28.77626419,2414.38081419,0.00000000
10727.00000000,-30.24328995,24.67520332,28.79804611,2414.40324514,0.00000000
10728.00000000,-30.37331009,24.86435509,28.83090973,2414.40375069,0.00000000
10729.00000000,-30.51358795,25.04878998,28.83414650,2414.40422437,0.00000000
10730.00000000,-30.63067818,25.24538040,28.83560944,2414.40525075,0.00000000
10731.00000000,-30.73444366,25.42366982,28.84869957,2414.40622164,0.00000000
10732.00000000,-30.82582092,25.60354996,28.86124039,2414.40719593,0.00000000
10733.00000000,-30.90343857,25.77711678,28.87981033,2414.40813072,0.00000000
10734.00000000,-30.97337723,25.95476151,28.88422966,2414.41987200,0.00000000
10735.00000000,-31.02954865,26.11178207,28.90670586,2414.42037575,0.00000000
10736.00000000,-31.08255005,26.26346970,28.91966057,2414.42082425,0.00000000
10737.00000000,-31.12635994,26.41933632,28.92756462,2414.43257436,0.00000000
10738.00000000,-31.13896561,26.56961060,28.96688080,2414.43349312,0.00000000
10739.00000000,-31.15814018,26.70668983,28.99114990,2414.43455178,0.00000000
10740.00000000,-31.15702057,26.84577370,29.02324486,2414.44931052,0.00000000
