1345602881.48400000,-0.08254500,0.26531850,-0.17124000,-0.58150400,-0.41641600,-0.05836000,-0.01506000,-0.02208448,-0.32771200,-0.39688000,-0.01051000,-0.03106448,-0.27990400,-0.26820000,0.04204000,0.08521552,-0.21461700,-0.36400000,-0.05928000,0.10309552,-0.28210000,0.61273000,0.11760000,0.00000000
1345602881.50000000,-0.08254500,0.26531850,-0.17124000,-0.58150400,-0.41641600,-0.05836000,-0.01506000,-0.02208448,-0.32771200,-0.39688000,-0.01051000,-0.03106448,-0.27990400,-0.26820000,0.04204000,0.08521552,-0.21461700,-0.36400000,-0.05928000,0.10309552,-0.28210000,0.61273000,0.11760000,10.00000000
1345602881.51500010,-0.08254500,0.26531850,-0.17124000,-0.58150400,-0.41641600,-0.05836000,-0.01506000,-0.02208448,-0.32771200,-0.39688000,-0.01051000,-0.03106448,-0.27990400,-0.26820000,0.04204000,0.08521552,-0.21461700,-0.36400000,-0.05928000,0.10309552,-0.28210000,0.61273000,0.11760000,0.00000000
1345602881.53099990,-0.08254500,0.26531850,-0.17124000,-0.58150400,-0.41641600,-0.05836000,-0.01506000,-0.02208448,-0.32771200,-0.39688000,-0.01051000,-0.03106448,-0.27990400,-0.26820000,0.04204000,0.08521552,-0.21461700,-0.36400000,-0.05928000,0.10309552,-0.28210000,0.61273000,0.11760000,0.00000000
1345602881.54600000,-0.08254500,0.26531850,-0.17124000,-0.58150400,-0.41641600,-0.05836000,-0.01506000,-0.02208448,-0.32771200,-0.39688000,-0.01051000,-0.03106448,-0.27990400,-0.26820000,0.04204000,0.08521552,-0.21461700,-0.36400000,-0.05928000,0.10309552,-0.28210000,0.61273000,0.11760000,0.00000000
1345602881.56200000,-0.08254500,0.26531850,-0.17124000,-0.58150400,-0.41641600,-0.05836000,-0.01506000,-0.02208448,-0.32771200,-0.39688000,-0.01051000,-0.03106448,-0.27990400,-0.26820000,0.04204000,0.08521552,-0.21461700,-0.36400000,-0.05928000,0.10309552,-0.28210000,0.61273000,0.11760000,0.00000000
1345602881.57800010,-0.08254500,0.26531850,-0.17124000,-0.58150400,-0.41641600,-0.05836000,-0.01506000,-0.02208448,-0.32771200,-0.39688000,-0.01051000,-0.03106448,-0.27990400,-0.26820000,0.04204000,0.08521552,-0.21461700,-0.36400000,-0.05928000,0.10309552,-0.28210000,0.61273000,0.11760000,0.00000000
1345602881.59299990,-0.08254500,0.26531850,-0.17124000,-0.58150400,-0.41641600,-0.05836000,-0.01506000,-0.02208448,-0.32771200,-0.39688000,-0.01051000,-0.03106448,-0.27990400,-0.26820000,0.04204000,0.08521552,-0.21461700,-0.36400000,-0.05928000,0.10309552,-0.28210000,0.61273000,0.11760000,0.00000000
1345602881.60900000,-0.08254500,0.26531850,-0.17124000,-0.58150400,-0.41641600,-0.05836000,-0.01506000,-0.02208448,-0.32771200,-0.39688000,-0.01051000,-0.03106448,-0.27990400,-0.26820000,0.04204000,0.08521552,-0.21461700,-0.36400000,-0.05928000,0.10309552,-0.28210000,0.61273000,0.11760000,0.00000000
1345602881.62500000,-0.08254500,0.26531850,-0.17124000,-0.58150400,-0.41641600,-0.05836000,-0.01506000,-0.02208448,-0.32771200,-0.39688000,-0.01051000,-0.03106448,-0.27990400,-0.26820000,0.04204000,0.08521552,-0.21461700,-0.36400000,-0.05928000,0.10309552,-0.28210000,0.61273000,0.11760000,0.00000000
1345602881.64000010,-0.08254500,0.26531850,-0.17124000,-0.58150400,-0.41641600,-0.05836000,-0.01506000,-0.02208448,-0.32771200,-0.39688000,-0.01051000,-0.03106448,-0.27990400,-0.26820000,0.04204000,0.08521552,-0.21461700,-0.36400000,-0.05928000,0.10309552,-0.28210000,0.61273000,0.11760000,0.00000000
1345602881.65599990,-0.08254500,0.26531850,-0.17124000,-0.58150400,-0.41641600,-0.05836000,-0.01506000,-0.02208448,-0.32771200,-0.39688000,-0.01051000,-0.03106448,-0.27990400,-0.26820000,0.04204000,0.08521552,-0.21461700,-0.36400000,-0.05928000,0.10309552,-0.28210000,0.61273000,0.11760000,0.00000000
1345602881.67100000,-0.08254500,0.26531850,-0.17124000,-0.58150400,-0.41641600,-0.05836000,-0.01506000,-0.02208448,-0.32771200,-0.39688000,-0.01051000,-0.03106448,-0.27990400,-0.26820000,0.04204000,0.08521552,-0.21461700,-0.36400000,-0.05928000,0.10309552,-0.28210000,0.61273000,0.11760000,0.00000000
1345602881.68700000,-0.08254500,0.26531850,-0.17124000,-0.58150400,-0.41641600,-0.05836000,-0.01506000,-0.02208448,-0.32771200,-0.39688000,-0.01051000,-0.03106448,-0.27990400,-0.26820000,0.04204000,0.08521552,-0.21461700,-0.36400000,-0.05928000,0.10309552,-0.28210000,0.61273000,0.11760000,0.00000000
1345602881.70300010,-0.08254500,0.26531850,-0.17124000,-0.58150400,-0.41641600,-0.05836000,-0.01506000,-0.02208448,-0.32771200,-0.39688000,-0.01051000,-0.03106448,-0.27990400,-0.26820000,0.04204000,0.08521552,-0.21461700,-0.36400000,-0.05928000,0.10309552,-0.28210000,0.61273000,0.11760000,0.00000000
1345602881.71799990,-0.08254500,0.26531850,-0.19978000,-0.59136000,-0.41641600,-0.05836000,-0.01506000,-0.02208448,-0.32771200,-0.39688000,-0.01051000,-0.03106448,-0.27990400,-0.26820000,0.04204000,0.08521552,-0.21461700,-0.36400000,-0.05928000,0.10309552,-0.28210000,0.61273000,0.11760000,0.00000000
1345602881.73400000,-0.08254500,0.26531850,-0.19978000,-0.59136000,-0.41641600,-0.05836000,-0.01506000,-0.02208448,-0.32771200,-0.39688000,-0.01051000,-0.03106448,-0.27990400,-0.26820000,0.04204000,0.08521552,-0.21461700,-0.36400000,-0.05928000,0.10309552,-0.28210000,0.61273000,0.11760000,0.00000000
1345602881.75000000,-0.08254500,0.26531850,-0.19978000,-0.59136000,-0.41641600,-0.05836000,-0.01506000,-0.02208448,-0.29321600,-0.39688000,-0.01051000,-0.03106448,-0.27990400,-0.26820000,0.04204000,0.08521552,-0.18159900,-0.36400000,-0.05928000,0.10309552,-0.28210000,0.61273000,0.11760000,0.00000000
1345602881.76500010,-0.08254500,0.26531850,-0.19978000,-0.59136000,-0.41641600,-0.05836000,-0.01506000,-0.02208448,-0.29321600,-0.39688000,-0.01051000,-0.03106448,-0.27990400,-0.26820000,0.04204000,0.08521552,-0.18159900,-0.36400000,-0.05928000,0.10309552,-0.28210000,0.61273000,0.11760000,0.00000000
1345602881.78099990,-0.08254500,0.26531850,-0.19978000,-0.59136000,-0.38438400,-0.05836000,-0.01506000,-0.02208448,-0.29321600,-0.39688000,-0.01051000,-0.03106448,-0.27990400,-0.26820000,0.04204000,0.08521552,-0.18159900,-0.36400000,-0.05928000,0.10309552,-0.28210000,0.61273000,0.11760000,0.00000000
1345602881.79600000,-0.08254500,0.29439450,-0.19978000,-0.59136000,-0.38438400,-0.05836000,-0.01506000,-0.02208448,-0.29321600,-0.39688000,-0.01051000,-0.03106448,-0.24491600,-0.26820000,0.04204000,0.08521552,-0.18159900,-0.36400000,-0.05928000,0.10309552,-0.28210000,0.61273000,0.11760000,0.00000000
1345602881.81200000,-0.08254500,0.29439450,-0.19978000,-0.60121600,-0.38438400,-0.05836000,-0.01506000,-0.02208448,-0.25872000,-0.36080000,-0.01051000,-0.03106448,-0.24491600,-0.26820000,0.02102000,0.08521552,-0.18159900,-0.36400000,-0.05928000,0.10309552,-0.28210000,0.61273000,0.11760000,0.00000000
1345602881.82800010,-0.08254500,0.29439450,-0.19978000,-0.60121600,-0.35235200,-0.05836000,-0.01506000,-0.02208448,-0.25872000,-0.36080000,-0.01051000,-0.03106448,-0.24491600,-0.26820000,0.02102000,0.08521552,-0.18159900,-0.36400000,-0.05928000,0.10309552,-0.28210000,0.61273000,0.10976000,0.00000000
1345602881.84299990,-0.08254500,0.32347050,-0.19978000,-0.60121600,-0.35235200,-0.05836000,-0.01506000,-0.02208448,-0.22422400,-0.36080000,-0.01051000,-0.03106448,-0.24491600,-0.26820000,0.02102000,0.08521552,-0.14858100,-0.36400000,-0.05928000,0.10309552,-0.28210000,0.61273000,0.10976000,0.00000000
1345602881.85900000,-0.08254500,0.32347050,-0.19978000,-0.60121600,-0.35235200,-0.05836000,-0.01506000,-0.02208448,-0.22422400,-0.36080000,-0.01051000,-0.03106448,-0.20992800,-0.26820000,0.02102000,0.08521552,-0.14858100,-0.36400000,-0.05928000,0.10309552,-0.28210000,0.61273000,0.10976000,0.00000000
1345602881.87500000,-0.08254500,0.32347050,-0.19978000,-0.60121600,-0.32032000,-0.05836000,-0.01506000,-0.02208448,-0.22422400,-0.36080000,-0.01051000,-0.03106448,-0.20992800,-0.26820000,0.02102000,0.08521552,-0.14858100,-0.36400000,-0.05928000,0.10309552,-0.28210000,0.59547000,0.10976000,0.00000000
1345602881.89000010,-0.08254500,0.32347050,-0.19978000,-0.60121600,-0.32032000,-0.05836000,-0.01506000,-0.02208448,-0.22422400,-0.36080000,-0.01051000,-0.03106448,-0.20992800,-0.26820000,0.02102000,0.08521552,-0.14858100,-0.36400000,-0.05928000,0.10309552,-0.30030000,0.59547000,0.10976000,0.00000000
1345602881.90599990,-0.08254500,0.32347050,-0.19978000,-0.60121600,-0.32032000,-0.05836000,-0.01506000,-0.02208448,-0.22422400,-0.36080000,-0.01051000,-0.03106448,-0.20992800,-0.26820000,0.02102000,0.08521552,-0.14858100,-0.36400000,-0.05928000,0.10309552,-0.30030000,0.59547000,0.10976000,0.00000000
1345602881.92100000,-0.08254500,0.32347050,-0.19978000,-0.60121600,-0.32032000,-0.05836000,-0.00000000,-0.02208448,-0.22422400,-0.36080000,-0.01051000,-0.03106448,-0.20992800,-0.26820000,0.02102000,0.08521552,-0.14858100,-0.36400000,-0.05928000,0.11501552,-0.30030000,0.59547000,0.10976000,0.00000000
1345602881.93700000,-0.08254500,0.32347050,-0.19978000,-0.60121600,-0.32032000,-0.05836000,-0.00000000,-0.02208448,-0.18972800,-0.36080000,-0.01051000,-0.03106448,-0.20992800,-0.26820000,0.02102000,0.08521552,-0.14858100,-0.36400000,-0.05928000,0.11501552,-0.31850000,0.59547000,0.10976000,0.00000000
1345602881.95300010,-0.08254500,0.35254650,-0.19978000,-0.60121600,-0.32032000,-0.05836000,-0.00000000,-0.02883744,-0.18972800,-0.36080000,-0.01051000,-0.02883744,-0.17494000,-0.26820000,0.02102000,0.08744256,-0.11556300,-0.36400000,-0.05928000,0.11724256,-0.31850000,0.59547000,0.10192000,0.00000000
1345602881.96799990,-0.08254500,0.35254650,-0.19978000,-0.60121600,-0.32032000,-0.05836000,-0.00000000,-0.02883744,-0.18972800,-0.36080000,-0.01051000,-0.02883744,-0.17494000,-0.26820000,0.02102000,0.08744256,-0.11556300,-0.36400000,-0.05928000,0.11724256,-0.31850000,0.59547000,0.10192000,0.00000000
1345602881.98400000,-0.08254500,0.35254650,-0.19978000,-0.60121600,-0.32032000,-0.05836000,-0.00000000,-0.02883744,-0.18972800,-0.36080000,-0.01051000,-0.02883744,-0.17494000,-0.26820000,0.02102000,0.08744256,-0.11556300,-0.36400000,-0.05928000,0.11724256,-0.33670000,0.59547000,0.10192000,0.00000000
1345602882.00000000,-0.08254500,0.35254650,-0.19978000,-0.60121600,-0.28828800,-0.05836000,-0.00000000,-0.02883744,-0.18972800,-0.36080000,-0.01051000,-0.02883744,-0.17494000,-0.26820000,0.02102000,0.08744256,-0.11556300,-0.36400000,-0.05928000,0.11724256,-0.33670000,0.59547000,0.10192000,0.00000000
1345602882.01500010,-0.08254500,0.35254650,-0.19978000,-0.60121600,-0.28828800,-0.05836000,-0.00000000,-0.02883744,-0.18972800,-0.36080000,-0.01051000,-0.02883744,-0.17494000,-0.26820000,-0.00000000,0.08744256,-0.11556300,-0.32760000,-0.05928000,0.11724256,-0.33670000,0.59547000,0.10192000,0.00000000
1345602882.03099990,-0.08254500,0.35254650,-0.19978000,-0.61107200,-0.28828800,-0.05836000,-0.00000000,-0.02883744,-0.18972800,-0.36080000,-0.01051000,-0.02883744,-0.17494000,-0.26820000,-0.00000000,0.08744256,-0.08254500,-0.32760000,-0.05928000,0.11724256,-0.35490000,0.59547000,0.10192000,0.00000000
1345602882.04600000,-0.08254500,0.35254650,-0.19978000,-0.61107200,-0.28828800,-0.05836000,-0.00000000,-0.02883744,-0.18972800,-0.36080000,-0.01051000,-0.02883744,-0.17494000,-0.26820000,-0.00000000,0.08744256,-0.08254500,-0.32760000,-0.05928000,0.11724256,-0.37310000,0.59547000,0.09408000,0.00000000
1345602882.06200000,-0.08254500,0.35254650,-0.19978000,-0.61107200,-0.28828800,-0.05836000,-0.00000000,-0.02883744,-0.18972800,-0.36080000,-0.01051000,-0.02883744,-0.13995200,-0.26820000,-0.00000000,0.08744256,-0.08254500,-0.32760000,-0.05928000,0.11724256,-0.37310000,0.59547000,0.09408000,0.00000000
1345602882.07800010,-0.08254500,0.38162250,-0.19978000,-0.61107200,-0.28828800,-0.05836000,-0.00000000,-0.02883744,-0.18972800,-0.36080000,-0.01051000,-0.02883744,-0.13995200,-0.26820000,-0.00000000,0.08744256,-0.08254500,-0.32760000,-0.05928000,0.11724256,-0.39130000,0.59547000,0.09408000,0.00000000
1345602882.09299990,-0.08254500,0.38162250,-0.19978000,-0.61107200,-0.28828800,-0.05836000,-0.00000000,-0.02883744,-0.15523200,-0.36080000,-0.01051000,-0.02883744,-0.13995200,-0.26820000,-0.00000000,0.08744256,-0.08254500,-0.32760000,-0.05928000,0.11724256,-0.40950000,0.59547000,0.09408000,0.00000000
1345602882.10900000,-0.08254500,0.38162250,-0.19978000,-0.61107200,-0.25625600,-0.05836000,-0.01506000,-0.02883744,-0.15523200,-0.36080000,-0.01051000,-0.02883744,-0.13995200,-0.26820000,-0.00000000,0.08744256,-0.08254500,-0.32760000,-0.05928000,0.12916256,-0.40950000,0.59547000,0.09408000,0.00000000
1345602882.12500000,-0.08254500,0.38162250,-0.19978000,-0.61107200,-0.25625600,-0.05836000,-0.01506000,-0.02883744,-0.15523200,-0.36080000,-0.01051000,-0.02883744,-0.13995200,-0.26820000,-0.00000000,0.08744256,-0.04952700,-0.32760000,-0.05928000,0.12916256,-0.42770000,0.59547000,0.09408000,0.00000000
1345602882.14000010,-0.08254500,0.41069850,-0.19978000,-0.62092800,-0.25625600,-0.05836000,-0.01506000,-0.02883744,-0.15523200,-0.36080000,-0.01051000,-0.02883744,-0.13995200,-0.26820000,-0.00000000,0.08744256,-0.04952700,-0.32760000,-0.05928000,0.12916256,-0.44590000,0.59547000,0.09408000,0.00000000
1345602882.15599990,-0.08254500,0.41069850,-0.19978000,-0.62092800,-0.22422400,-0.05836000,-0.01506000,-0.02883744,-0.12073600,-0.36080000,-0.01051000,-0.02883744,-0.13995200,-0.26820000,-0.00000000,0.08744256,-0.04952700,-0.32760000,-0.05928000,0.12916256,-0.44590000,0.59547000,0.08624000,0.00000000
1345602882.17100000,-0.08254500,0.41069850,-0.19978000,-0.62092800,-0.22422400,-0.05836000,-0.01506000,-0.02883744,-0.12073600,-0.36080000,-0.01051000,-0.02883744,-0.13995200,-0.26820000,-0.00000000,0.08744256,-0.04952700,-0.32760000,-0.05928000,0.12916256,-0.46410000,0.59547000,0.08624000,0.00000000
1345602882.18700000,-0.08254500,0.41069850,-0.19978000,-0.62092800,-0.19219200,-0.05836000,-0.01506000,-0.02883744,-0.12073600,-0.36080000,-0.01051000,-0.02883744,-0.10496400,-0.26820000,-0.00000000,0.08744256,-0.04952700,-0.32760000,-0.05928000,0.12916256,-0.46410000,0.59547000,0.08624000,0.00000000
1345602882.20300010,-0.08254500,0.43977450,-0.19978000,-0.62092800,-0.19219200,-0.05836000,-0.01506000,-0.02883744,-0.12073600,-0.36080000,-0.01051000,-0.02883744,-0.10496400,-0.26820000,-0.00000000,0.08744256,-0.01650900,-0.29120000,-0.05928000,0.12916256,-0.48230000,0.59547000,0.08624000,0.00000000
1345602882.21799990,-0.08254500,0.43977450,-0.19978000,-0.62092800,-0.16016000,-0.05836000,-0.01506000,-0.02883744,-0.08624000,-0.36080000,-0.01051000,-0.02883744,-0.10496400,-0.23244000,-0.00000000,0.08744256,-0.01650900,-0.29120000,-0.05928000,0.12916256,-0.48230000,0.59547000,0.08624000,0.00000000
1345602882.23400000,-0.08254500,0.43977450,-0.19978000,-0.62092800,-0.16016000,-0.05836000,-0.01506000,-0.03187296,-0.08624000,-0.36080000,-0.01051000,-0.03187296,-0.06997600,-0.23244000,-0.00000000,0.09664704,-0.01650900,-0.29120000,-0.05928000,0.13836704,-0.48230000,0.59547000,0.07840000,0.00000000
1345602882.25000000,-0.08254500,0.43977450,-0.19978000,-0.62092800,-0.12812800,-0.05836000,-0.01506000,-0.03187296,-0.08624000,-0.36080000,-0.01051000,-0.03187296,-0.06997600,-0.23244000,-0.00000000,0.09664704,-0.01650900,-0.29120000,-0.07904000,0.15028704,-0.48230000,0.59547000,0.07840000,0.00000000
1345602882.26500010,-0.08254500,0.43977450,-0.19978000,-0.62092800,-0.12812800,-0.05836000,-0.01506000,-0.03187296,-0.05174400,-0.36080000,-0.01051000,-0.03187296,-0.06997600,-0.23244000,-0.02102000,0.09664704,0.01650900,-0.29120000,-0.07904000,0.15028704,-0.48230000,0.59547000,0.07840000,0.00000000
1345602882.28099990,-0.08254500,0.46885050,-0.19978000,-0.62092800,-0.12812800,-0.05836000,-0.01506000,-0.03187296,-0.05174400,-0.36080000,-0.01051000,-0.03187296,-0.06997600,-0.23244000,-0.02102000,0.09664704,0.01650900,-0.29120000,-0.07904000,0.15028704,-0.50050000,0.59547000,0.07840000,0.00000000
1345602882.29600000,-0.08254500,0.46885050,-0.19978000,-0.62092800,-0.09609600,-0.05836000,-0.01506000,-0.03187296,-0.05174400,-0.36080000,-0.01051000,-0.03187296,-0.03498800,-0.23244000,-0.02102000,0.09664704,0.01650900,-0.29120000,-0.07904000,0.15028704,-0.50050000,0.59547000,0.07840000,0.00000000
1345602882.31200000,-0.08254500,0.46885050,-0.19978000,-0.62092800,-0.09609600,-0.05836000,-0.01506000,-0.03187296,-0.01724800,-0.36080000,-0.01051000,-0.03187296,-0.03498800,-0.23244000,-0.02102000,0.09664704,0.01650900,-0.29120000,-0.07904000,0.15028704,-0.50050000,0.59547000,0.07840000,0.00000000
1345602882.32800010,-0.08254500,0.46885050,-0.19978000,-0.62092800,-0.06406400,-0.05836000,-0.01506000,-0.03187296,0.01724800,-0.36080000,-0.01051000,-0.03187296,-0.03498800,-0.23244000,-0.02102000,0.09664704,0.04952700,-0.29120000,-0.07904000,0.15028704,-0.50050000,0.59547000,0.07840000,0.00000000
1345602882.34299990,-0.08254500,0.46885050,-0.19978000,-0.62092800,-0.06406400,-0.05836000,-0.01506000,-0.03187296,0.01724800,-0.36080000,-0.01051000,-0.03187296,-0.03498800,-0.23244000,-0.02102000,0.09664704,0.04952700,-0.29120000,-0.07904000,0.15028704,-0.50050000,0.59547000,0.07840000,0.00000000
1345602882.35900000,-0.08254500,0.46885050,-0.19978000,-0.62092800,-0.06406400,-0.05836000,-0.01506000,-0.03187296,0.01724800,-0.36080000,-0.01051000,-0.03187296,-0.00000000,-0.23244000,-0.02102000,0.09664704,0.04952700,-0.29120000,-0.07904000,0.15028704,-0.50050000,0.59547000,0.07840000,0.00000000
1345602882.37500000,-0.08254500,0.46885050,-0.19978000,-0.62092800,-0.06406400,-0.05836000,-0.01506000,-0.03187296,0.01724800,-0.36080000,-0.01051000,-0.03187296,-0.00000000,-0.23244000,-0.02102000,0.09664704,0.04952700,-0.29120000,-0.07904000,0.15028704,-0.50050000,0.59547000,0.07056000,0.00000000
1345602882.39000010,-0.08254500,0.46885050,-0.19978000,-0.62092800,-0.03203200,-0.05836000,-0.01506000,-0.03187296,0.01724800,-0.36080000,-0.01051000,-0.03187296,-0.00000000,-0.23244000,-0.02102000,0.09664704,0.04952700,-0.29120000,-0.07904000,0.15028704,-0.50050000,0.59547000,0.07056000,0.00000000
1345602882.40599990,-0.08254500,0.46885050,-0.19978000,-0.62092800,-0.03203200,-0.05836000,-0.01506000,-0.03187296,0.05174400,-0.36080000,-0.01051000,-0.03187296,0.03498800,-0.23244000,-0.02102000,0.09664704,0.08254500,-0.29120000,-0.07904000,0.15028704,-0.50050000,0.59547000,0.07056000,0.00000000
1345602882.42100000,-0.08254500,0.46885050,-0.19978000,-0.62092800,-0.03203200,-0.05836000,-0.01506000,-0.03187296,0.05174400,-0.36080000,-0.01051000,-0.03187296,0.03498800,-0.23244000,-0.02102000,0.09664704,0.08254500,-0.29120000,-0.07904000,0.15028704,-0.50050000,0.59547000,0.07056000,0.00000000
1345602882.43700000,-0.08254500,0.46885050,-0.19978000,-0.62092800,-0.00000000,-0.05836000,-0.01506000,-0.03187296,0.08624000,-0.32472000,-0.01051000,-0.03187296,0.03498800,-0.23244000,-0.02102000,0.09664704,0.08254500,-0.29120000,-0.07904000,0.15028704,-0.50050000,0.59547000,0.07056000,0.00000000
1345602882.45300010,-0.08254500,0.46885050,-0.19978000,-0.62092800,-0.00000000,-0.05836000,-0.01506000,-0.03187296,0.08624000,-0.32472000,-0.01051000,-0.03187296,0.03498800,-0.23244000,-0.02102000,0.09664704,0.11556300,-0.29120000,-0.07904000,0.15028704,-0.50050000,0.59547000,0.07056000,0.00000000
1345602882.46799990,-0.08254500,0.46885050,-0.19978000,-0.62092800,-0.00000000,-0.05836000,-0.01506000,-0.03490848,0.08624000,-0.32472000,-0.01051000,-0.03490848,0.03498800,-0.23244000,-0.02102000,0.10585152,0.11556300,-0.29120000,-0.07904000,0.15949152,-0.50050000,0.59547000,0.07056000,0.00000000
1345602882.48400000,-0.08254500,0.46885050,-0.19978000,-0.62092800,-0.00000000,-0.05836000,-0.01506000,-0.03490848,0.08624000,-0.32472000,-0.01051000,-0.03490848,0.06997600,-0.23244000,-0.02102000,0.10585152,0.11556300,-0.29120000,-0.07904000,0.15949152,-0.50050000,0.59547000,0.07056000,0.00000000
1345602882.50000000,-0.08254500,0.46885050,-0.19978000,-0.61107200,0.03203200,-0.05836000,-0.01506000,-0.03490848,0.12073600,-0.32472000,-0.01051000,-0.03490848,0.06997600,-0.23244000,-0.02102000,0.10585152,0.11556300,-0.29120000,-0.07904000,0.15949152,-0.50050000,0.59547000,0.07056000,0.00000000
1345602882.51500010,-0.08254500,0.46885050,-0.19978000,-0.61107200,0.03203200,-0.05836000,-0.01506000,-0.03490848,0.12073600,-0.32472000,-0.01051000,-0.03490848,0.06997600,-0.23244000,-0.02102000,0.10585152,0.11556300,-0.29120000,-0.07904000,0.15949152,-0.50050000,0.59547000,0.07056000,0.00000000
1345602882.53099990,-0.08254500,0.46885050,-0.19978000,-0.61107200,0.03203200,-0.05836000,-0.01506000,-0.03490848,0.12073600,-0.32472000,-0.01051000,-0.03490848,0.06997600,-0.23244000,-0.02102000,0.10585152,0.11556300,-0.29120000,-0.07904000,0.15949152,-0.48230000,0.59547000,0.07056000,0.00000000
1345602882.54600000,-0.08254500,0.46885050,-0.19978000,-0.61107200,0.03203200,-0.05836000,-0.01506000,-0.03490848,0.12073600,-0.32472000,-0.01051000,-0.03490848,0.10496400,-0.23244000,-0.02102000,0.10585152,0.14858100,-0.29120000,-0.07904000,0.15949152,-0.48230000,0.59547000,0.07056000,0.00000000
1345602882.56200000,-0.08254500,0.46885050,-0.19978000,-0.61107200,0.03203200,-0.02918000,-0.01506000,-0.03490848,0.15523200,-0.32472000,-0.01051000,-0.03490848,0.10496400,-0.23244000,-0.02102000,0.10585152,0.14858100,-0.29120000,-0.07904000,0.15949152,-0.48230000,0.59547000,0.07056000,0.00000000
1345602882.57800010,-0.08254500,0.46885050,-0.19978000,-0.61107200,0.06406400,-0.02918000,-0.01506000,-0.04166144,0.15523200,-0.32472000,-0.01051000,-0.03268144,0.10496400,-0.23244000,-0.02102000,0.10807856,0.14858100,-0.29120000,-0.07904000,0.16171856,-0.48230000,0.59547000,0.07056000,0.00000000
1345602882.59299990,-0.08254500,0.46885050,-0.19978000,-0.61107200,0.06406400,-0.02918000,-0.01506000,-0.04166144,0.18972800,-0.32472000,-0.01051000,-0.03268144,0.13995200,-0.23244000,-0.02102000,0.10807856,0.14858100,-0.29120000,-0.07904000,0.16171856,-0.48230000,0.59547000,0.06272000,0.00000000
1345602882.60900000,-0.08254500,0.46885050,-0.19978000,-0.61107200,0.06406400,-0.02918000,-0.01506000,-0.04166144,0.18972800,-0.32472000,-0.01051000,-0.03268144,0.13995200,-0.23244000,-0.02102000,0.10807856,0.18159900,-0.29120000,-0.07904000,0.16171856,-0.48230000,0.59547000,0.06272000,0.00000000
1345602882.62500000,-0.08254500,0.46885050,-0.19978000,-0.61107200,0.06406400,-0.02918000,-0.01506000,-0.04166144,0.18972800,-0.32472000,-0.01051000,-0.03268144,0.13995200,-0.23244000,-0.02102000,0.10807856,0.18159900,-0.29120000,-0.07904000,0.16171856,-0.48230000,0.59547000,0.06272000,0.00000000
1345602882.64000010,-0.08254500,0.46885050,-0.19978000,-0.61107200,0.06406400,-0.02918000,-0.01506000,-0.04166144,0.18972800,-0.32472000,-0.01051000,-0.03268144,0.13995200,-0.23244000,-0.02102000,0.10807856,0.18159900,-0.29120000,-0.07904000,0.16171856,-0.48230000,0.59547000,0.06272000,0.00000000
1345602882.65599990,-0.08254500,0.46885050,-0.19978000,-0.61107200,0.06406400,-0.02918000,-0.01506000,-0.04166144,0.18972800,-0.32472000,-0.01051000,-0.03268144,0.13995200,-0.23244000,-0.02102000,0.10807856,0.18159900,-0.29120000,-0.07904000,0.16171856,-0.48230000,0.59547000,0.06272000,0.00000000
1345602882.67100000,-0.08254500,0.46885050,-0.19978000,-0.61107200,0.09609600,-0.02918000,-0.01506000,-0.04166144,0.18972800,-0.32472000,-0.01051000,-0.03268144,0.13995200,-0.23244000,-0.02102000,0.10807856,0.18159900,-0.29120000,-0.07904000,0.16171856,-0.48230000,0.59547000,0.06272000,0.00000000
1345602882.68700000,-0.08254500,0.46885050,-0.19978000,-0.61107200,0.09609600,-0.02918000,-0.01506000,-0.04841440,0.18972800,-0.32472000,-0.01051000,-0.03045440,0.17494000,-0.23244000,-0.02102000,0.11030560,0.18159900,-0.29120000,-0.07904000,0.16394560,-0.48230000,0.59547000,0.06272000,0.00000000
1345602882.70300010,-0.08254500,0.43977450,-0.19978000,-0.61107200,0.09609600,-0.02918000,-0.01506000,-0.05144992,0.22422400,-0.32472000,-0.01051000,-0.03348992,0.17494000,-0.23244000,-0.02102000,0.11951008,0.18159900,-0.29120000,-0.07904000,0.17315008,-0.48230000,0.59547000,0.06272000,0.00000000
1345602882.71799990,-0.08254500,0.43977450,-0.19978000,-0.61107200,0.09609600,-0.02918000,-0.01506000,-0.05144992,0.22422400,-0.32472000,-0.01051000,-0.03348992,0.17494000,-0.23244000,-0.02102000,0.11951008,0.21461700,-0.29120000,-0.07904000,0.17315008,-0.46410000,0.59547000,0.06272000,0.00000000
1345602882.73400000,-0.08254500,0.41069850,-0.19978000,-0.61107200,0.09609600,-0.00000000,-0.01506000,-0.05144992,0.22422400,-0.32472000,-0.01051000,-0.03348992,0.17494000,-0.23244000,-0.02102000,0.11951008,0.21461700,-0.29120000,-0.07904000,0.18507008,-0.46410000,0.59547000,0.07056000,0.00000000
1345602882.75000000,-0.08254500,0.36708450,-0.19978000,-0.60121600,0.12812800,-0.00000000,-0.01506000,-0.05144992,0.22422400,-0.32472000,-0.01051000,-0.03348992,0.17494000,-0.23244000,-0.02102000,0.11951008,0.21461700,-0.29120000,-0.07904000,0.18507008,-0.44590000,0.59547000,0.07056000,0.00000000
1345602882.76500010,-0.08254500,0.30893250,-0.19978000,-0.60121600,0.16016000,-0.00000000,-0.01506000,-0.05144992,0.25872000,-0.32472000,-0.01051000,-0.03348992,0.20992800,-0.23244000,-0.02102000,0.11951008,0.21461700,-0.29120000,-0.07904000,0.18507008,-0.42770000,0.59547000,0.07056000,0.00000000
1345602882.78099990,-0.08254500,0.22170450,-0.19978000,-0.59136000,0.16016000,-0.00000000,-0.01506000,-0.05144992,0.25872000,-0.32472000,-0.01051000,-0.03348992,0.20992800,-0.26820000,-0.02102000,0.11951008,0.21461700,-0.29120000,-0.07904000,0.18507008,-0.40040000,0.59547000,0.07056000,0.00000000
1345602882.79600000,-0.08254500,0.13447650,-0.19978000,-0.59136000,0.20820800,-0.00000000,-0.01506000,-0.05820288,0.29321600,-0.32472000,-0.01051000,-0.03126288,0.24491600,-0.26820000,-0.02102000,0.12173712,0.21461700,-0.29120000,-0.07904000,0.18729712,-0.37310000,0.59547000,0.06272000,0.00000000
1345602882.81200000,-0.08254500,0.03271050,-0.19978000,-0.57657600,0.24024000,-0.00000000,-0.01506000,-0.06495584,0.32771200,-0.32472000,-0.01051000,-0.02903584,0.27990400,-0.26820000,-0.02102000,0.12396416,0.24763500,-0.29120000,-0.07904000,0.18952416,-0.34580000,0.59547000,0.06272000,0.00000000
1345602882.82800010,-0.08254500,-0.03997950,-0.22832000,-0.57657600,0.27227200,-0.00000000,-0.01506000,-0.06799136,0.36220800,-0.32472000,-0.01051000,-0.03207136,0.27990400,-0.26820000,-0.02102000,0.13316864,0.24763500,-0.29120000,-0.07904000,0.19872864,-0.32760000,0.59547000,0.06272000,0.00000000
1345602882.84299990,-0.08254500,-0.12720750,-0.29967000,-0.57657600,0.30430400,-0.00000000,-0.01506000,-0.06799136,0.36220800,-0.32472000,-0.01051000,-0.03207136,0.31489200,-0.26820000,-0.02102000,0.13316864,0.24763500,-0.29120000,-0.07904000,0.19872864,-0.28210000,0.59547000,0.06272000,0.00000000
1345602882.85900000,-0.08254500,-0.15628350,-0.32821000,-0.57657600,0.30430400,-0.00000000,-0.01506000,-0.06799136,0.39670400,-0.32472000,-0.01051000,-0.03207136,0.31489200,-0.26820000,-0.02102000,0.13316864,0.24763500,-0.29120000,-0.07904000,0.19872864,-0.26390000,0.59547000,0.06272000,0.00000000
1345602882.87500000,-0.08254500,-0.15628350,-0.32821000,-0.57657600,0.33633600,-0.00000000,-0.01506000,-0.07474432,0.39670400,-0.32472000,-0.01051000,-0.02984432,0.34988000,-0.26820000,-0.02102000,0.13539568,0.24763500,-0.29120000,-0.07904000,0.18903568,-0.26390000,0.59547000,0.05488000,0.00000000
1345602882.89000010,-0.08254500,-0.18535950,-0.35675000,-0.56672000,0.33633600,-0.00000000,-0.01506000,-0.07474432,0.43120000,-0.32472000,-0.01051000,-0.02984432,0.34988000,-0.26820000,-0.02102000,0.13539568,0.24763500,-0.29120000,-0.07904000,0.18903568,-0.24570000,0.59547000,0.05488000,0.00000000
1345602882.90599990,-0.08254500,-0.18535950,-0.35675000,-0.56672000,0.33633600,-0.00000000,-0.01506000,-0.08149728,0.43120000,-0.32472000,-0.01051000,-0.02761728,0.34988000,-0.26820000,-0.02102000,0.13762272,0.24763500,-0.29120000,-0.07904000,0.19126272,-0.24570000,0.59547000,0.05488000,0.00000000
1345602882.92100000,-0.08254500,-0.18535950,-0.35675000,-0.56672000,0.33633600,-0.00000000,-0.01506000,-0.08149728,0.43120000,-0.32472000,-0.03153000,-0.02761728,0.38486800,-0.26820000,-0.02102000,0.13762272,0.28065300,-0.29120000,-0.07904000,0.19126272,-0.24570000,0.59547000,0.05488000,0.00000000
1345602882.93700000,-0.08254500,-0.18535950,-0.35675000,-0.56672000,0.33633600,-0.00000000,-0.01506000,-0.08149728,0.46569600,-0.32472000,-0.03153000,-0.02761728,0.38486800,-0.26820000,-0.02102000,0.13762272,0.28065300,-0.29120000,-0.07904000,0.19126272,-0.22750000,0.59547000,0.05488000,0.00000000
1345602882.95300010,-0.08254500,-0.18535950,-0.35675000,-0.56672000,0.33633600,-0.00000000,-0.01506000,-0.08149728,0.46569600,-0.32472000,-0.03153000,-0.02761728,0.38486800,-0.26820000,-0.02102000,0.13762272,0.28065300,-0.29120000,-0.07904000,0.19126272,-0.22750000,0.59547000,0.05488000,0.00000000
1345602882.96799990,-0.08254500,-0.18535950,-0.35675000,-0.56672000,0.33633600,-0.00000000,-0.01506000,-0.08149728,0.46569600,-0.32472000,-0.03153000,-0.02761728,0.38486800,-0.26820000,-0.02102000,0.13762272,0.28065300,-0.29120000,-0.07904000,0.19126272,-0.22750000,0.59547000,0.05488000,0.00000000
1345602882.98400000,-0.08254500,-0.18535950,-0.35675000,-0.56672000,0.33633600,-0.00000000,-0.01506000,-0.08149728,0.46569600,-0.32472000,-0.03153000,-0.02761728,0.38486800,-0.26820000,-0.02102000,0.13762272,0.28065300,-0.29120000,-0.07904000,0.19126272,-0.22750000,0.59547000,0.05488000,0.00000000
1345602883.00000000,-0.08254500,-0.18535950,-0.35675000,-0.56672000,0.33633600,-0.00000000,-0.01506000,-0.08149728,0.46569600,-0.32472000,-0.03153000,-0.02761728,0.38486800,-0.26820000,-0.02102000,0.13762272,0.28065300,-0.29120000,-0.07904000,0.19126272,-0.22750000,0.59547000,0.05488000,0.00000000
1345602883.01500010,-0.08254500,-0.18535950,-0.35675000,-0.56672000,0.33633600,-0.00000000,-0.01506000,-0.08149728,0.46569600,-0.32472000,-0.03153000,-0.02761728,0.38486800,-0.26820000,-0.02102000,0.13762272,0.28065300,-0.29120000,-0.07904000,0.19126272,-0.22750000,0.59547000,0.05488000,0.00000000
1345602883.03099990,-0.08254500,-0.18535950,-0.35675000,-0.56672000,0.33633600,-0.00000000,-0.01506000,-0.08149728,0.46569600,-0.32472000,-0.03153000,-0.02761728,0.38486800,-0.26820000,-0.02102000,0.13762272,0.28065300,-0.29120000,-0.05928000,0.19126272,-0.22750000,0.59547000,0.05488000,0.00000000
1345602883.04600000,-0.08254500,-0.15628350,-0.35675000,-0.56672000,0.33633600,-0.00000000,-0.03012000,-0.08149728,0.46569600,-0.32472000,-0.03153000,-0.02761728,0.38486800,-0.26820000,-0.02102000,0.13762272,0.28065300,-0.29120000,-0.05928000,0.19126272,-0.22750000,0.59547000,0.05488000,0.00000000
1345602883.06200000,-0.08254500,-0.09813150,-0.35675000,-0.56672000,0.30430400,0.02918000,-0.03012000,-0.08149728,0.43120000,-0.32472000,-0.03153000,-0.02761728,0.34988000,-0.26820000,-0.02102000,0.13762272,0.28065300,-0.29120000,-0.05928000,0.19126272,-0.24570000,0.59547000,0.05488000,0.00000000
1345602883.07800010,-0.08254500,-0.02544150,-0.32821000,-0.56672000,0.27227200,0.02918000,-0.03012000,-0.07474432,0.43120000,-0.32472000,-0.03153000,-0.02984432,0.34988000,-0.26820000,-0.02102000,0.13539568,0.24763500,-0.29120000,-0.05928000,0.18903568,-0.26390000,0.59547000,0.05488000,0.00000000
1345602883.09299990,-0.08254500,0.03271050,-0.29967000,-0.56672000,0.24024000,0.02918000,-0.03012000,-0.07474432,0.39670400,-0.32472000,-0.03153000,-0.02984432,0.31489200,-0.26820000,-0.02102000,0.13539568,0.24763500,-0.29120000,-0.05928000,0.18903568,-0.28210000,0.59547000,0.05488000,0.00000000
1345602883.10900000,-0.08254500,0.07632450,-0.27113000,-0.56672000,0.20820800,0.02918000,-0.03012000,-0.07474432,0.39670400,-0.28864000,-0.03153000,-0.02984432,0.31489200,-0.26820000,-0.02102000,0.13539568,0.24763500,-0.32760000,-0.05928000,0.18903568,-0.30030000,0.59547000,0.05488000,0.00000000
1345602883.12500000,-0.08254500,0.13447650,-0.27113000,-0.56672000,0.17617600,0.02918000,-0.03012000,-0.06799136,0.36220800,-0.28864000,-0.03153000,-0.03207136,0.31489200,-0.26820000,-0.02102000,0.13316864,0.24763500,-0.32760000,-0.05928000,0.18680864,-0.30030000,0.59547000,0.05488000,0.00000000
1345602883.14000010,-0.08254500,0.19262850,-0.24259000,-0.56672000,0.17617600,0.02918000,-0.03012000,-0.06799136,0.36220800,-0.28864000,-0.03153000,-0.03207136,0.31489200,-0.26820000,-0.02102000,0.13316864,0.24763500,-0.32760000,-0.05928000,0.18680864,-0.31850000,0.59547000,0.05488000,0.00000000
1345602883.15599990,-0.08254500,0.22170450,-0.24259000,-0.57657600,0.14414400,0.02918000,-0.03012000,-0.06799136,0.36220800,-0.28864000,-0.03153000,-0.03207136,0.27990400,-0.26820000,-0.02102000,0.13316864,0.24763500,-0.32760000,-0.07904000,0.18680864,-0.31850000,0.59547000,0.05488000,0.00000000
1345602883.17100000,-0.08254500,0.25078050,-0.24259000,-0.57657600,0.11211200,0.02918000,-0.03012000,-0.06799136,0.32771200,-0.28864000,-0.03153000,-0.03207136,0.27990400,-0.26820000,-0.02102000,0.13316864,0.24763500,-0.32760000,-0.07904000,0.18680864,-0.33670000,0.59547000,0.05488000,0.00000000
1345602883.18700000,-0.08254500,0.27985650,-0.24259000,-0.58643200,0.11211200,0.02918000,-0.03012000,-0.06799136,0.32771200,-0.28864000,-0.03153000,-0.03207136,0.27990400,-0.26820000,-0.02102000,0.13316864,0.24763500,-0.32760000,-0.07904000,0.18680864,-0.35490000,0.59547000,0.05488000,0.00000000
1345602883.20300010,-0.08254500,0.27985650,-0.24259000,-0.58643200,0.08008000,0.02918000,-0.03012000,-0.06799136,0.32771200,-0.28864000,-0.03153000,-0.03207136,0.27990400,-0.26820000,-0.02102000,0.13316864,0.24763500,-0.32760000,-0.07904000,0.18680864,-0.35490000,0.59547000,0.05488000,0.00000000
1345602883.21799990,-0.08254500,0.30893250,-0.24259000,-0.58643200,0.04804800,0.02918000,-0.03012000,-0.06799136,0.32771200,-0.28864000,-0.03153000,-0.03207136,0.27990400,-0.26820000,-0.02102000,0.13316864,0.24763500,-0.32760000,-0.07904000,0.18680864,-0.37310000,0.59547000,0.05488000,0.00000000
1345602883.23400000,-0.08254500,0.30893250,-0.24259000,-0.59628800,0.04804800,0.02918000,-0.03012000,-0.06799136,0.29321600,-0.28864000,-0.03153000,-0.03207136,0.27990400,-0.26820000,-0.02102000,0.13316864,0.24763500,-0.32760000,-0.07904000,0.18680864,-0.37310000,0.59547000,0.05488000,0.00000000
1345602883.25000000,-0.08254500,0.33800850,-0.24259000,-0.59628800,0.01601600,0.02918000,-0.03012000,-0.06123840,0.29321600,-0.28864000,-0.03153000,-0.03429840,0.27990400,-0.26820000,-0.02102000,0.13094160,0.24763500,-0.32760000,-0.07904000,0.18458160,-0.37310000,0.59547000,0.05488000,0.00000000
1345602883.26500010,-0.08254500,0.36708450,-0.24259000,-0.59628800,-0.04804800,-0.01459000,-0.01506000,-0.05448544,0.29321600,-0.28864000,-0.03153000,-0.03652544,0.27990400,-0.26820000,-0.02102000,0.12871456,0.24763500,-0.32760000,-0.07904000,0.18235456,-0.37310000,0.59547000,0.05488000,0.00000000
1345602883.28099990,-0.08254500,0.39616050,-0.24259000,-0.60614400,-0.16016000,-0.08754000,-0.00000000,-0.03760304,0.25872000,-0.25256000,-0.03153000,-0.04209304,0.24491600,-0.26820000,-0.02102000,0.12314696,0.24763500,-0.32760000,-0.07904000,0.17678696,-0.35490000,0.59547000,0.05488000,0.00000000
1345602883.29600000,-0.08254500,0.39616050,-0.24259000,-0.60614400,-0.28828800,-0.20426000,0.02259000,-0.03085008,0.20697600,-0.25256000,-0.03153000,-0.04432008,0.24491600,-0.26820000,-0.04204000,0.12091992,0.24763500,-0.32760000,-0.07904000,0.17455992,-0.35490000,0.59547000,0.05488000,0.00000000
1345602883.31200000,-0.08254500,0.42523650,-0.24259000,-0.61600000,-0.48048000,-0.36475000,0.05271000,-0.03085008,0.10348800,-0.21648000,-0.03153000,-0.04432008,0.24491600,-0.26820000,-0.04204000,0.12091992,0.24763500,-0.32760000,-0.07904000,0.18647992,-0.35490000,0.59547000,0.05488000,0.00000000
1345602883.32800010,-0.08254500,0.42523650,-0.21405000,-0.61600000,-0.56056000,-0.45229000,0.05271000,-0.03085008,0.06899200,-0.21648000,-0.03153000,-0.04432008,0.24491600,-0.26820000,-0.04204000,0.12091992,0.24763500,-0.32760000,-0.07904000,0.18647992,-0.35490000,0.59547000,0.04704000,0.00000000
1345602883.34299990,-0.08254500,0.42523650,-0.21405000,-0.61600000,-0.62462400,-0.53983000,0.06777000,-0.03085008,0.03449600,-0.18040000,-0.05255000,-0.04432008,0.20992800,-0.26820000,-0.04204000,0.12091992,0.24763500,-0.32760000,-0.07904000,0.18647992,-0.37310000,0.59547000,0.04704000,0.00000000
1345602883.35900000,-0.08254500,0.45431250,-0.21405000,-0.61600000,-0.67267200,-0.59819000,0.06777000,-0.03085008,-0.00000000,-0.18040000,-0.05255000,-0.04432008,0.20992800,-0.26820000,-0.04204000,0.12091992,0.24763500,-0.32760000,-0.07904000,0.18647992,-0.39130000,0.59547000,0.04704000,0.00000000
1345602883.37500000,-0.08254500,0.45431250,-0.21405000,-0.61600000,-0.67267200,-0.62737000,0.06777000,-0.03085008,-0.03449600,-0.18040000,-0.05255000,-0.04432008,0.17494000,-0.26820000,-0.04204000,0.12091992,0.21461700,-0.32760000,-0.07904000,0.18647992,-0.40950000,0.59547000,0.04704000,0.00000000
1345602883.39000010,-0.08254500,0.45431250,-0.18551000,-0.61600000,-0.72072000,-0.70032000,0.06777000,-0.03085008,-0.03449600,-0.18040000,-0.05255000,-0.04432008,0.17494000,-0.26820000,-0.04204000,0.12091992,0.21461700,-0.32760000,-0.07904000,0.18647992,-0.42770000,0.59547000,0.04704000,0.00000000
1345602883.40599990,-0.08254500,0.45431250,-0.18551000,-0.61600000,-0.75275200,-0.72950000,0.08283000,-0.03085008,-0.06899200,-0.18040000,-0.05255000,-0.04432008,0.13995200,-0.26820000,-0.04204000,0.12091992,0.21461700,-0.32760000,-0.07904000,0.19839992,-0.42770000,0.59547000,0.04704000,0.00000000
1345602883.42100000,-0.08254500,0.45431250,-0.18551000,-0.61600000,-0.78478400,-0.75868000,0.08283000,-0.03085008,-0.10348800,-0.18040000,-0.05255000,-0.04432008,0.13995200,-0.26820000,-0.04204000,0.12091992,0.21461700,-0.32760000,-0.07904000,0.19839992,-0.44590000,0.59547000,0.04704000,0.00000000
1345602883.43700000,-0.08254500,0.45431250,-0.18551000,-0.61600000,-0.78478400,-0.78786000,0.08283000,-0.02409712,-0.10348800,-0.14432000,-0.07357000,-0.04654712,0.13995200,-0.26820000,-0.04204000,0.11869288,0.21461700,-0.32760000,-0.07904000,0.19617288,-0.44590000,0.59547000,0.04704000,0.00000000
1345602883.45300010,-0.08254500,0.48338850,-0.18551000,-0.61600000,-0.78478400,-0.78786000,0.08283000,-0.02409712,-0.10348800,-0.14432000,-0.07357000,-0.04654712,0.13995200,-0.26820000,-0.04204000,0.11869288,0.21461700,-0.32760000,-0.07904000,0.19617288,-0.46410000,0.59547000,0.04704000,0.00000000
1345602883.46799990,-0.08254500,0.48338850,-0.18551000,-0.61600000,-0.81681600,-0.78786000,0.08283000,-0.02409712,-0.10348800,-0.14432000,-0.07357000,-0.04654712,0.13995200,-0.26820000,-0.04204000,0.11869288,0.21461700,-0.32760000,-0.07904000,0.19617288,-0.46410000,0.59547000,0.04704000,0.00000000
1345602883.48400000,-0.08254500,0.48338850,-0.18551000,-0.61600000,-0.81681600,-0.78786000,0.08283000,-0.02409712,-0.10348800,-0.14432000,-0.07357000,-0.04654712,0.10496400,-0.26820000,-0.04204000,0.11869288,0.21461700,-0.32760000,-0.07904000,0.19617288,-0.46410000,0.59547000,0.04704000,0.00000000
1345602883.50000000,-0.08254500,0.48338850,-0.18551000,-0.61600000,-0.81681600,-0.78786000,0.08283000,-0.02409712,-0.10348800,-0.14432000,-0.07357000,-0.04654712,0.10496400,-0.26820000,-0.04204000,0.11869288,0.21461700,-0.32760000,-0.07904000,0.19617288,-0.46410000,0.59547000,0.04704000,0.00000000
1345602883.51500010,-0.08254500,0.48338850,-0.18551000,-0.61600000,-0.78478400,-0.72950000,0.08283000,-0.02409712,-0.10348800,-0.14432000,-0.07357000,-0.04654712,0.10496400,-0.26820000,-0.04204000,0.11869288,0.21461700,-0.32760000,-0.07904000,0.19617288,-0.46410000,0.59547000,0.04704000,0.00000000
1345602883.53099990,-0.08254500,0.48338850,-0.18551000,-0.61600000,-0.75275200,-0.64196000,0.06777000,-0.02409712,-0.10348800,-0.14432000,-0.07357000,-0.04654712,0.13995200,-0.23244000,-0.04204000,0.11869288,0.21461700,-0.32760000,-0.07904000,0.19617288,-0.46410000,0.59547000,0.04704000,0.00000000
1345602883.54600000,-0.08254500,0.51246450,-0.18551000,-0.61600000,-0.70470400,-0.43770000,0.05271000,-0.01430864,-0.06899200,-0.14432000,-0.07357000,-0.04573864,0.17494000,-0.23244000,-0.04204000,0.10726136,0.24763500,-0.32760000,-0.07904000,0.18474136,-0.48230000,0.59547000,0.04704000,0.00000000
1345602883.56200000,-0.08254500,0.51246450,-0.18551000,-0.61600000,-0.60860800,-0.30639000,0.03765000,-0.01430864,-0.03449600,-0.14432000,-0.07357000,-0.04573864,0.17494000,-0.23244000,-0.06306000,0.10726136,0.24763500,-0.32760000,-0.07904000,0.18474136,-0.48230000,0.59547000,0.04704000,0.00000000
1345602883.57800010,-0.08254500,0.51246450,-0.18551000,-0.61600000,-0.52852800,-0.21885000,0.02259000,-0.01430864,-0.00000000,-0.14432000,-0.07357000,-0.04573864,0.20992800,-0.23244000,-0.06306000,0.10726136,0.24763500,-0.32760000,-0.07904000,0.17282136,-0.48230000,0.59547000,0.04704000,0.00000000
1345602883.59299990,-0.08254500,0.54154050,-0.18551000,-0.61600000,-0.44844800,-0.13131000,0.00753000,-0.02443808,-0.00000000,-0.10824000,-0.07357000,-0.04239808,0.20992800,-0.19668000,-0.06306000,0.11060192,0.28065300,-0.29120000,-0.07904000,0.17616192,-0.48230000,0.59547000,0.04704000,0.00000000
1345602883.60900000,-0.08254500,0.54154050,-0.18551000,-0.61600000,-0.38438400,-0.05836000,-0.00753000,-0.02443808,0.03449600,-0.10824000,-0.07357000,-0.04239808,0.24491600,-0.16092000,-0.08408000,0.11060192,0.28065300,-0.29120000,-0.07904000,0.17616192,-0.50050000,0.59547000,0.05488000,0.00000000
1345602883.62500000,-0.08254500,0.54154050,-0.18551000,-0.61600000,-0.32032000,-0.00000000,-0.02259000,-0.03119104,0.03449600,-0.10824000,-0.09459000,-0.04017104,0.24491600,-0.16092000,-0.08408000,0.11282896,0.28065300,-0.25480000,-0.07904000,0.17838896,-0.50050000,0.59547000,0.05488000,0.00000000
1345602883.64000010,-0.08254500,0.54154050,-0.18551000,-0.62585600,-0.27227200,-0.00000000,-0.03765000,-0.03794400,0.03449600,-0.10824000,-0.09459000,-0.03794400,0.24491600,-0.16092000,-0.08408000,0.11505600,0.31367100,-0.25480000,-0.07904000,0.18061600,-0.50050000,0.59547000,0.05488000,0.00000000
1345602883.65599990,-0.08254500,0.54154050,-0.18551000,-0.62585600,-0.24024000,0.02918000,-0.03765000,-0.03794400,0.03449600,-0.10824000,-0.09459000,-0.03794400,0.24491600,-0.12516000,-0.08408000,0.11505600,0.31367100,-0.25480000,-0.07904000,0.18061600,-0.50050000,0.59547000,0.05488000,0.00000000
1345602883.67100000,-0.08254500,0.54154050,-0.15697000,-0.62585600,-0.20820800,0.02918000,-0.03765000,-0.03794400,0.03449600,-0.07216000,-0.09459000,-0.03794400,0.27990400,-0.12516000,-0.10510000,0.11505600,0.31367100,-0.21840000,-0.07904000,0.18061600,-0.50050000,0.59547000,0.05488000,0.00000000
1345602883.68700000,-0.08254500,0.54154050,-0.15697000,-0.62585600,-0.17617600,0.05836000,-0.03765000,-0.03794400,0.03449600,-0.07216000,-0.09459000,-0.03794400,0.27990400,-0.12516000,-0.10510000,0.11505600,0.31367100,-0.21840000,-0.07904000,0.18061600,-0.50050000,0.59547000,0.06272000,0.00000000
1345602883.70300010,-0.08254500,0.54154050,-0.15697000,-0.62585600,-0.17617600,0.05836000,-0.03765000,-0.03794400,0.06899200,-0.07216000,-0.09459000,-0.03794400,0.27990400,-0.12516000,-0.10510000,0.11505600,0.31367100,-0.18200000,-0.07904000,0.18061600,-0.50050000,0.59547000,0.06272000,0.00000000
1345602883.71799990,-0.08254500,0.57061650,-0.15697000,-0.62585600,-0.14414400,0.05836000,-0.03765000,-0.03794400,0.06899200,-0.07216000,-0.09459000,-0.03794400,0.27990400,-0.08940000,-0.10510000,0.11505600,0.31367100,-0.18200000,-0.07904000,0.18061600,-0.50050000,0.59547000,0.06272000,0.00000000
1345602883.73400000,-0.08254500,0.57061650,-0.15697000,-0.63571200,-0.11211200,0.05836000,-0.03765000,-0.03794400,0.06899200,-0.07216000,-0.09459000,-0.03794400,0.27990400,-0.08940000,-0.10510000,0.11505600,0.31367100,-0.18200000,-0.07904000,0.18061600,-0.50050000,0.59547000,0.06272000,0.00000000
1345602883.75000000,-0.08254500,0.57061650,-0.15697000,-0.63571200,-0.11211200,0.05836000,-0.03765000,-0.03794400,0.03449600,-0.07216000,-0.09459000,-0.03794400,0.27990400,-0.08940000,-0.10510000,0.11505600,0.31367100,-0.14560000,-0.07904000,0.18061600,-0.51870000,0.59547000,0.06272000,0.00000000
1345602883.76500010,-0.08254500,0.57061650,-0.15697000,-0.63571200,-0.11211200,0.05836000,-0.05271000,-0.03794400,-0.00000000,-0.07216000,-0.07357000,-0.03794400,0.24491600,-0.05364000,-0.10510000,0.11505600,0.31367100,-0.10920000,-0.07904000,0.18061600,-0.54600000,0.59547000,0.06272000,0.00000000
1345602883.78099990,-0.08254500,0.57061650,-0.15697000,-0.63571200,-0.08008000,0.05836000,-0.05271000,-0.03794400,-0.17248000,-0.21648000,-0.04204000,-0.03794400,0.12245800,-0.05364000,-0.10510000,0.11505600,0.31367100,-0.03640000,-0.07904000,0.20445600,-0.59150000,0.59547000,0.06272000,0.00000000
1345602883.79600000,-0.08254500,0.57061650,-0.15697000,-0.63571200,-0.11211200,0.05836000,-0.05271000,-0.03794400,-0.25872000,-0.34276000,0.01051000,-0.03794400,0.03498800,-0.01788000,-0.10510000,0.11505600,0.31367100,0.01820000,-0.07904000,0.20445600,-0.62790000,0.59547000,0.06272000,0.00000000
1345602883.81200000,-0.08254500,0.59969250,-0.15697000,-0.63571200,-0.14414400,0.05836000,-0.05271000,-0.04469696,-0.36220800,-0.48708000,0.05255000,-0.03571696,-0.03498800,-0.01788000,-0.10510000,0.11728304,0.31367100,0.07280000,-0.07904000,0.21860304,-0.66430000,0.59547000,0.06272000,0.00000000
1345602883.82800010,-0.08254500,0.59969250,-0.15697000,-0.63571200,-0.14414400,0.05836000,-0.05271000,-0.04469696,-0.39670400,-0.61336000,0.07357000,-0.03571696,-0.06997600,-0.01788000,-0.08408000,0.11728304,0.31367100,0.12740000,-0.07904000,0.23052304,-0.68250000,0.59547000,0.06272000,0.00000000
1345602883.84299990,-0.08254500,0.59969250,-0.15697000,-0.63571200,-0.14414400,0.05836000,-0.05271000,-0.05144992,-0.44844800,-0.72160000,0.09459000,-0.03348992,-0.10496400,-0.01788000,-0.08408000,0.11951008,0.31367100,0.18200000,-0.09880000,0.23275008,-0.70070000,0.59547000,0.06272000,0.00000000
1345602883.85900000,-0.08254500,0.59969250,-0.15697000,-0.63571200,-0.17617600,0.05836000,-0.05271000,-0.05144992,-0.50019200,-0.77572000,0.11561000,-0.03348992,-0.13995200,-0.01788000,-0.06306000,0.11951008,0.31367100,0.21840000,-0.09880000,0.24467008,-0.71890000,0.59547000,0.06272000,0.00000000
1345602883.87500000,-0.08254500,0.59969250,-0.15697000,-0.63571200,-0.17617600,0.05836000,-0.05271000,-0.05144992,-0.53468800,-0.82984000,0.11561000,-0.03348992,-0.13995200,-0.01788000,-0.06306000,0.11951008,0.31367100,0.25480000,-0.09880000,0.25659008,-0.73710000,0.59547000,0.06272000,0.00000000
1345602883.89000010,-0.08254500,0.59969250,-0.15697000,-0.63571200,-0.17617600,0.05836000,-0.05271000,-0.04841440,-0.53468800,-0.86592000,0.13663000,-0.03045440,-0.17494000,-0.01788000,-0.06306000,0.11030560,0.31367100,0.29120000,-0.09880000,0.25930560,-0.73710000,0.59547000,0.06272000,0.00000000
1345602883.90599990,-0.08254500,0.59969250,-0.15697000,-0.63571200,-0.17617600,0.05836000,-0.05271000,-0.04841440,-0.58643200,-0.90200000,0.13663000,-0.03045440,-0.17494000,-0.01788000,-0.06306000,0.11030560,0.31367100,0.29120000,-0.09880000,0.25930560,-0.73710000,0.59547000,0.06272000,0.00000000
1345602883.92100000,-0.08254500,0.59969250,-0.15697000,-0.62585600,-0.17617600,0.05836000,-0.05271000,-0.05516736,-0.58643200,-0.93808000,0.13663000,-0.02822736,-0.20992800,-0.01788000,-0.06306000,0.11253264,0.28065300,0.32760000,-0.09880000,0.26153264,-0.75530000,0.59547000,0.06272000,0.00000000
1345602883.93700000,-0.08254500,0.59969250,-0.15697000,-0.62585600,-0.20820800,0.05836000,-0.05271000,-0.05516736,-0.62092800,-0.93808000,0.13663000,-0.02822736,-0.20992800,-0.01788000,-0.06306000,0.11253264,0.28065300,0.32760000,-0.09880000,0.26153264,-0.75530000,0.59547000,0.06272000,0.00000000
1345602883.95300010,-0.08254500,0.59969250,-0.15697000,-0.62585600,-0.20820800,0.05836000,-0.05271000,-0.05516736,-0.62092800,-0.93808000,0.13663000,-0.02822736,-0.20992800,-0.01788000,-0.06306000,0.11253264,0.28065300,0.32760000,-0.09880000,0.26153264,-0.73710000,0.59547000,0.06272000,0.00000000
1345602883.96799990,-0.08254500,0.59969250,-0.15697000,-0.62585600,-0.20820800,0.05836000,-0.05271000,-0.05516736,-0.62092800,-0.93808000,0.13663000,-0.02822736,-0.20992800,-0.01788000,-0.06306000,0.11253264,0.28065300,0.32760000,-0.09880000,0.26153264,-0.73710000,0.59547000,0.06272000,0.00000000
1345602883.98400000,-0.08254500,0.59969250,-0.15697000,-0.62585600,-0.20820800,0.05836000,-0.05271000,-0.05516736,-0.58643200,-0.90200000,0.13663000,-0.02822736,-0.20992800,-0.01788000,-0.06306000,0.11253264,0.28065300,0.32760000,-0.09880000,0.26153264,-0.73710000,0.59547000,0.06272000,0.00000000
1345602884.00000000,-0.08254500,0.59969250,-0.15697000,-0.62585600,-0.17617600,0.05836000,-0.05271000,-0.06192032,-0.58643200,-0.82984000,0.13663000,-0.02600032,-0.20992800,-0.01788000,-0.06306000,0.11475968,0.28065300,0.32760000,-0.09880000,0.26375968,-0.71890000,0.59547000,0.06272000,0.00000000
1345602884.01500010,-0.08254500,0.59969250,-0.15697000,-0.62585600,-0.14414400,0.05836000,-0.05271000,-0.05888480,-0.51744000,-0.68552000,0.11561000,-0.02296480,-0.17494000,0.01788000,-0.06306000,0.10555520,0.28065300,0.32760000,-0.09880000,0.24263520,-0.70070000,0.59547000,0.06272000,0.00000000
1345602884.03099990,-0.08254500,0.59969250,-0.15697000,-0.62585600,-0.14414400,0.05836000,-0.05271000,-0.05888480,-0.44844800,-0.57728000,0.09459000,-0.02296480,-0.13995200,0.01788000,-0.06306000,0.10555520,0.28065300,0.32760000,-0.09880000,0.24263520,-0.68250000,0.59547000,0.06272000,0.00000000
1345602884.04600000,-0.08254500,0.59969250,-0.15697000,-0.62585600,-0.11211200,0.05836000,-0.05271000,-0.05584928,-0.41395200,-0.46904000,0.07357000,-0.01992928,-0.10496400,0.01788000,-0.08408000,0.09635072,0.28065300,0.29120000,-0.09880000,0.23343072,-0.68250000,0.59547000,0.06272000,0.00000000
1345602884.06200000,-0.08254500,0.57061650,-0.15697000,-0.62585600,-0.11211200,0.05836000,-0.05271000,-0.05584928,-0.37945600,-0.37884000,0.04204000,-0.01992928,-0.10496400,0.01788000,-0.08408000,0.09635072,0.31367100,0.29120000,-0.09880000,0.23343072,-0.66430000,0.57821000,0.06272000,0.00000000
1345602884.07800010,-0.08254500,0.57061650,-0.15697000,-0.62585600,-0.08008000,0.05836000,-0.05271000,-0.05584928,-0.31046400,-0.28864000,0.02102000,-0.01992928,-0.06997600,0.01788000,-0.08408000,0.09635072,0.31367100,0.29120000,-0.09880000,0.23343072,-0.66430000,0.57821000,0.06272000,0.00000000
1345602884.09299990,-0.08254500,0.57061650,-0.15697000,-0.62585600,-0.08008000,0.05836000,-0.05271000,-0.05584928,-0.25872000,-0.25256000,-0.00000000,-0.01992928,-0.03498800,0.01788000,-0.08408000,0.09635072,0.31367100,0.25480000,-0.09880000,0.23343072,-0.64610000,0.57821000,0.06272000,0.00000000
1345602884.10900000,-0.08254500,0.57061650,-0.15697000,-0.62585600,-0.04804800,0.05836000,-0.05271000,-0.05584928,-0.22422400,-0.19844000,-0.02102000,-0.01992928,-0.00000000,0.01788000,-0.08408000,0.09635072,0.31367100,0.25480000,-0.09880000,0.23343072,-0.64610000,0.57821000,0.06272000,0.00000000
1345602884.12500000,-0.08254500,0.57061650,-0.15697000,-0.62585600,-0.04804800,0.05836000,-0.05271000,-0.05281376,-0.17248000,-0.16236000,-0.04204000,-0.01689376,0.03498800,0.01788000,-0.10510000,0.08714624,0.34668900,0.25480000,-0.09880000,0.22422624,-0.62790000,0.57821000,0.06272000,0.00000000
1345602884.14000010,-0.08254500,0.57061650,-0.15697000,-0.62585600,-0.04804800,0.05836000,-0.05271000,-0.05281376,-0.13798400,-0.12628000,-0.04204000,-0.01689376,0.03498800,0.01788000,-0.10510000,0.08714624,0.34668900,0.21840000,-0.07904000,0.22422624,-0.62790000,0.57821000,0.07056000,0.00000000
1345602884.15599990,-0.08254500,0.57061650,-0.15697000,-0.62585600,-0.04804800,0.05836000,-0.05271000,-0.05281376,-0.10348800,-0.12628000,-0.04204000,-0.01689376,0.06997600,0.01788000,-0.10510000,0.08714624,0.37970700,0.21840000,-0.07904000,0.22422624,-0.62790000,0.57821000,0.07056000,0.00000000
1345602884.17100000,-0.08254500,0.57061650,-0.15697000,-0.62585600,-0.01601600,0.05836000,-0.05271000,-0.05281376,-0.10348800,-0.12628000,-0.04204000,-0.01689376,0.10496400,0.01788000,-0.10510000,0.08714624,0.37970700,0.21840000,-0.07904000,0.21230624,-0.60970000,0.57821000,0.07056000,0.00000000
1345602884.18700000,-0.08254500,0.57061650,-0.15697000,-0.62585600,-0.01601600,0.05836000,-0.05271000,-0.05281376,-0.05174400,-0.09020000,-0.06306000,-0.01689376,0.10496400,0.01788000,-0.10510000,0.08714624,0.37970700,0.21840000,-0.07904000,0.21230624,-0.60970000,0.57821000,0.07056000,0.00000000
1345602884.20300010,-0.08254500,0.57061650,-0.15697000,-0.62585600,-0.01601600,0.05836000,-0.05271000,-0.05281376,-0.01724800,-0.09020000,-0.06306000,-0.01689376,0.13995200,0.01788000,-0.10510000,0.08714624,0.37970700,0.21840000,-0.07904000,0.21230624,-0.60970000,0.57821000,0.07056000,0.00000000
1345602884.21799990,-0.08254500,0.57061650,-0.15697000,-0.62585600,0.01601600,0.05836000,-0.05271000,-0.05956672,0.01724800,-0.09020000,-0.06306000,-0.01466672,0.13995200,0.01788000,-0.10510000,0.08937328,0.41272500,0.21840000,-0.07904000,0.21453328,-0.60970000,0.57821000,0.07056000,0.00000000
1345602884.23400000,-0.08254500,0.54154050,-0.15697000,-0.62585600,0.01601600,0.05836000,-0.05271000,-0.05956672,0.05174400,-0.09020000,-0.08408000,-0.01466672,0.13995200,0.01788000,-0.10510000,0.08937328,0.41272500,0.21840000,-0.07904000,0.22645328,-0.59150000,0.57821000,0.07056000,0.00000000
1345602884.25000000,-0.08254500,0.54154050,-0.18551000,-0.62585600,0.04804800,0.05836000,-0.05271000,-0.06260224,0.08624000,-0.05412000,-0.08408000,-0.01770224,0.13995200,0.01788000,-0.08408000,0.09857776,0.41272500,0.21840000,-0.07904000,0.23565776,-0.59150000,0.57821000,0.07056000,0.00000000
1345602884.26500010,-0.08254500,0.54154050,-0.18551000,-0.62585600,0.04804800,0.05836000,-0.05271000,-0.06260224,0.12073600,-0.05412000,-0.08408000,-0.01770224,0.13995200,0.01788000,-0.06306000,0.09857776,0.41272500,0.21840000,-0.07904000,0.24757776,-0.59150000,0.57821000,0.07056000,0.00000000
1345602884.28099990,-0.08254500,0.54154050,-0.18551000,-0.61600000,0.04804800,0.05836000,-0.05271000,-0.06563776,0.15523200,-0.01804000,-0.10510000,-0.02073776,0.10496400,-0.01788000,-0.02102000,0.10778224,0.41272500,0.21840000,-0.07904000,0.26870224,-0.60970000,0.57821000,0.07056000,0.00000000
1345602884.29600000,-0.08254500,0.54154050,-0.18551000,-0.61600000,0.08008000,0.05836000,-0.05271000,-0.07694400,0.15523200,-0.01804000,-0.10510000,-0.02306400,0.03498800,-0.12516000,0.04204000,0.12381600,0.41272500,0.21840000,-0.07904000,0.28473600,-0.62790000,0.57821000,0.07056000,0.00000000
1345602884.31200000,-0.08254500,0.54154050,-0.18551000,-0.61600000,0.08008000,0.05836000,-0.05271000,-0.08301504,0.15523200,-0.01804000,-0.10510000,-0.02913504,-0.06997600,-0.25032000,0.12612000,0.14222496,0.41272500,0.21840000,-0.07904000,0.30314496,-0.66430000,0.57821000,0.07056000,0.00000000
1345602884.32800010,-0.08254500,0.54154050,-0.18551000,-0.61600000,0.08008000,0.05836000,-0.05271000,-0.09060384,0.12073600,0.03608000,-0.12612000,-0.03672384,-0.20992800,-0.42912000,0.17867000,0.16523616,0.37970700,0.21840000,-0.07904000,0.31423616,-0.70070000,0.59547000,0.07056000,0.00000000
1345602884.34299990,-0.08254500,0.54154050,-0.18551000,-0.61600000,0.08008000,0.05836000,-0.05271000,-0.09060384,0.05174400,0.07216000,-0.12612000,-0.03672384,-0.29739800,-0.59004000,0.19969000,0.16523616,0.34668900,0.25480000,-0.07904000,0.31423616,-0.72800000,0.59547000,0.07056000,0.00000000
1345602884.35900000,-0.08254500,0.54154050,-0.18551000,-0.61600000,0.08008000,0.05836000,-0.05271000,-0.08688640,-0.01724800,0.07216000,-0.12612000,-0.04198640,-0.33238600,-0.76884000,0.22071000,0.17221360,0.29716200,0.25480000,-0.07904000,0.32121360,-0.74620000,0.59547000,0.07056000,0.00000000
1345602884.37500000,-0.08254500,0.54154050,-0.18551000,-0.61600000,0.04804800,0.05836000,-0.05271000,-0.08688640,-0.01724800,0.07216000,-0.12612000,-0.04198640,-0.38486800,-0.89400000,0.24173000,0.17221360,0.26414400,0.29120000,-0.07904000,0.30929360,-0.74620000,0.59547000,0.07056000,0.00000000
1345602884.39000010,-0.08254500,0.54154050,-0.18551000,-0.61600000,0.04804800,0.05836000,-0.05271000,-0.08992192,-0.05174400,0.07216000,-0.12612000,-0.04502192,-0.41985600,-0.96552000,0.24173000,0.18141808,0.23112600,0.29120000,-0.07904000,0.31849808,-0.74620000,0.59547000,0.07056000,0.00000000
1345602884.40599990,-0.08254500,0.54154050,-0.18551000,-0.61600000,0.04804800,0.05836000,-0.05271000,-0.09667488,-0.05174400,0.07216000,-0.12612000,-0.04279488,-0.41985600,-1.00128000,0.24173000,0.18364512,0.23112600,0.29120000,-0.07904000,0.32072512,-0.74620000,0.59547000,0.07056000,0.00000000
1345602884.42100000,-0.08254500,0.54154050,-0.18551000,-0.61600000,0.04804800,0.05836000,-0.05271000,-0.09667488,-0.05174400,0.07216000,-0.12612000,-0.04279488,-0.41985600,-1.00128000,0.24173000,0.18364512,0.19810800,0.29120000,-0.07904000,0.32072512,-0.74620000,0.59547000,0.07056000,0.00000000
1345602884.43700000,-0.08254500,0.54154050,-0.18551000,-0.61600000,0.04804800,0.05836000,-0.05271000,-0.09667488,-0.05174400,0.07216000,-0.12612000,-0.04279488,-0.41985600,-1.00128000,0.26275000,0.18364512,0.19810800,0.29120000,-0.07904000,0.32072512,-0.74620000,0.59547000,0.07056000,0.00000000
1345602884.45300010,-0.08254500,0.54154050,-0.18551000,-0.61600000,0.04804800,0.05836000,-0.05271000,-0.09667488,-0.05174400,0.07216000,-0.12612000,-0.04279488,-0.41985600,-1.00128000,0.26275000,0.18364512,0.19810800,0.29120000,-0.07904000,0.32072512,-0.74620000,0.59547000,0.07056000,0.00000000
1345602884.46799990,-0.08254500,0.54154050,-0.18551000,-0.61600000,0.04804800,0.05836000,-0.05271000,-0.09667488,-0.05174400,0.07216000,-0.12612000,-0.04279488,-0.41985600,-1.00128000,0.26275000,0.18364512,0.19810800,0.29120000,-0.07904000,0.32072512,-0.74620000,0.59547000,0.07056000,0.00000000
1345602884.48400000,-0.08254500,0.54154050,-0.18551000,-0.61600000,0.04804800,0.05836000,-0.05271000,-0.09667488,-0.05174400,0.07216000,-0.12612000,-0.04279488,-0.41985600,-1.00128000,0.26275000,0.18364512,0.19810800,0.29120000,-0.07904000,0.32072512,-0.74620000,0.59547000,0.07056000,0.00000000
1345602884.50000000,-0.08254500,0.54154050,-0.18551000,-0.61600000,0.04804800,0.05836000,-0.05271000,-0.09667488,-0.05174400,0.07216000,-0.12612000,-0.04279488,-0.41985600,-1.00128000,0.26275000,0.18364512,0.19810800,0.29120000,-0.07904000,0.32072512,-0.72800000,0.59547000,0.07056000,0.00000000
1345602884.51500010,-0.08254500,0.54154050,-0.18551000,-0.61600000,0.04804800,0.05836000,-0.05271000,-0.09363936,-0.05174400,0.07216000,-0.12612000,-0.03975936,-0.41985600,-0.96552000,0.24173000,0.17444064,0.19810800,0.29120000,-0.07904000,0.31152064,-0.72800000,0.59547000,0.07056000,0.00000000
1345602884.53099990,-0.08254500,0.54154050,-0.18551000,-0.61600000,0.04804800,0.05836000,-0.05271000,-0.09363936,-0.01724800,0.07216000,-0.12612000,-0.03975936,-0.38486800,-0.87612000,0.22071000,0.17444064,0.23112600,0.29120000,-0.07904000,0.31152064,-0.72800000,0.59547000,0.07056000,0.00000000
1345602884.54600000,-0.08254500,0.54154050,-0.18551000,-0.61600000,0.04804800,0.05836000,-0.05271000,-0.09363936,0.01724800,0.07216000,-0.12612000,-0.03975936,-0.31489200,-0.76884000,0.22071000,0.17444064,0.23112600,0.29120000,-0.07904000,0.31152064,-0.70980000,0.59547000,0.07056000,0.00000000
1345602884.56200000,-0.08254500,0.54154050,-0.18551000,-0.61600000,0.08008000,0.05836000,-0.05271000,-0.08385088,0.05174400,0.03608000,-0.12612000,-0.03895088,-0.26241000,-0.64368000,0.18918000,0.16300912,0.26414400,0.29120000,-0.07904000,0.30008912,-0.69160000,0.59547000,0.07056000,0.00000000
1345602884.57800010,-0.08254500,0.54154050,-0.18551000,-0.61600000,0.08008000,0.05836000,-0.05271000,-0.08385088,0.05174400,0.03608000,-0.10510000,-0.03895088,-0.22742200,-0.55428000,0.16816000,0.16300912,0.29716200,0.29120000,-0.07904000,0.30008912,-0.67340000,0.59547000,0.07056000,0.00000000
1345602884.59299990,-0.08254500,0.54154050,-0.18551000,-0.61600000,0.08008000,0.05836000,-0.05271000,-0.08081536,0.08624000,0.03608000,-0.10510000,-0.03591536,-0.17494000,-0.46488000,0.16816000,0.15380464,0.29716200,0.25480000,-0.07904000,0.30280464,-0.67340000,0.59547000,0.07056000,0.00000000
1345602884.60900000,-0.08254500,0.54154050,-0.18551000,-0.61600000,0.08008000,0.05836000,-0.05271000,-0.07406240,0.08624000,-0.00000000,-0.10510000,-0.03814240,-0.13995200,-0.41124000,0.14714000,0.15157760,0.33018000,0.25480000,-0.07904000,0.30057760,-0.67340000,0.59547000,0.07056000,0.00000000
1345602884.62500000,-0.08254500,0.54154050,-0.18551000,-0.61600000,0.08008000,0.05836000,-0.03765000,-0.07102688,0.12073600,-0.00000000,-0.10510000,-0.03510688,-0.10496400,-0.37548000,0.12612000,0.14237312,0.33018000,0.25480000,-0.07904000,0.29137312,-0.67340000,0.59547000,0.07056000,0.00000000
1345602884.64000010,-0.08254500,0.54154050,-0.18551000,-0.61600000,0.08008000,0.02918000,-0.03765000,-0.07102688,0.12073600,-0.00000000,-0.10510000,-0.03510688,-0.10496400,-0.33972000,0.12612000,0.14237312,0.36319800,0.25480000,-0.07904000,0.30329312,-0.67340000,0.59547000,0.07056000,0.00000000
1345602884.65599990,-0.08254500,0.54154050,-0.18551000,-0.61600000,0.08008000,0.02918000,-0.03765000,-0.07102688,0.15523200,-0.00000000,-0.10510000,-0.03510688,-0.06997600,-0.30396000,0.10510000,0.14237312,0.36319800,0.25480000,-0.07904000,0.30329312,-0.67340000,0.59547000,0.07056000,0.00000000
1345602884.67100000,-0.08254500,0.51246450,-0.21405000,-0.61600000,0.08008000,0.02918000,-0.03765000,-0.07102688,0.15523200,-0.00000000,-0.10510000,-0.03510688,-0.03498800,-0.26820000,0.08408000,0.14237312,0.39621600,0.25480000,-0.07904000,0.31521312,-0.67340000,0.59547000,0.07056000,0.00000000
1345602884.68700000,-0.08254500,0.51246450,-0.21405000,-0.61600000,0.08008000,0.02918000,-0.03765000,-0.06799136,0.15523200,-0.03608000,-0.10510000,-0.03207136,0.01749400,-0.23244000,0.08408000,0.13316864,0.42923400,0.21840000,-0.07904000,0.30600864,-0.65520000,0.59547000,0.07056000,0.00000000
1345602884.70300010,-0.08254500,0.51246450,-0.21405000,-0.61600000,0.08008000,0.02918000,-0.03765000,-0.06799136,0.18972800,-0.03608000,-0.10510000,-0.03207136,0.08747000,-0.17880000,0.05255000,0.13316864,0.42923400,0.21840000,-0.07904000,0.30600864,-0.63700000,0.59547000,0.07056000,0.00000000
1345602884.71799990,-0.08254500,0.51246450,-0.21405000,-0.61600000,0.08008000,0.02918000,-0.03765000,-0.06495584,0.18972800,-0.03608000,-0.10510000,-0.02903584,0.12245800,-0.14304000,0.02102000,0.12396416,0.42923400,0.21840000,-0.07904000,0.29680416,-0.61880000,0.59547000,0.07056000,0.00000000
1345602884.73400000,-0.08254500,0.48338850,-0.21405000,-0.61600000,0.08008000,0.02918000,-0.03765000,-0.06495584,0.18972800,-0.03608000,-0.10510000,-0.02903584,0.12245800,-0.14304000,-0.00000000,0.12396416,0.42923400,0.21840000,-0.07904000,0.29680416,-0.60060000,0.59547000,0.07056000,0.00000000
1345602884.75000000,-0.08254500,0.48338850,-0.21405000,-0.61600000,0.08008000,0.02918000,-0.03765000,-0.06495584,0.18972800,-0.03608000,-0.10510000,-0.02903584,0.12245800,-0.14304000,-0.00000000,0.12396416,0.42923400,0.18200000,-0.07904000,0.29680416,-0.58240000,0.59547000,0.07056000,0.00000000
1345602884.76500010,-0.08254500,0.48338850,-0.21405000,-0.61600000,0.08008000,0.02918000,-0.03765000,-0.06495584,0.18972800,-0.03608000,-0.10510000,-0.02903584,0.12245800,-0.14304000,-0.00000000,0.12396416,0.42923400,0.18200000,-0.07904000,0.29680416,-0.53690000,0.59547000,0.06272000,0.00000000
1345602884.78099990,-0.08254500,0.48338850,-0.21405000,-0.61600000,0.08008000,0.02918000,-0.03765000,-0.06495584,0.22422400,-0.03608000,-0.10510000,-0.02903584,0.12245800,-0.14304000,-0.02102000,0.12396416,0.39621600,0.18200000,-0.07904000,0.28488416,-0.50050000,0.59547000,0.06272000,0.00000000
1345602884.79600000,-0.08254500,0.48338850,-0.21405000,-0.61600000,0.08008000,0.02918000,-0.03765000,-0.06192032,0.22422400,-0.03608000,-0.10510000,-0.02600032,0.12245800,-0.10728000,-0.04204000,0.11475968,0.29716200,0.14560000,-0.05928000,0.26375968,-0.46410000,0.59547000,0.06272000,0.00000000
1345602884.81200000,-0.08254500,0.48338850,-0.21405000,-0.61600000,0.08008000,0.02918000,-0.03765000,-0.06192032,0.22422400,-0.03608000,-0.10510000,-0.02600032,0.08747000,-0.10728000,-0.04204000,0.11475968,0.16509000,0.10920000,-0.05928000,0.24587968,-0.43680000,0.59547000,0.06272000,0.00000000
1345602884.82800010,-0.08254500,0.48338850,-0.21405000,-0.60614400,0.08008000,0.02918000,-0.03765000,-0.06192032,0.18972800,-0.00000000,-0.10510000,-0.02600032,0.01749400,-0.07152000,-0.04204000,0.11475968,0.01650900,0.05460000,-0.03952000,0.23395968,-0.43680000,0.59547000,0.05488000,0.00000000
1345602884.84299990,-0.08254500,0.48338850,-0.21405000,-0.60614400,0.04804800,0.02918000,-0.03765000,-0.06192032,0.13798400,-0.00000000,-0.10510000,-0.02600032,-0.06997600,-0.07152000,-0.04204000,0.11475968,-0.14858100,-0.01820000,-0.01976000,0.19819968,-0.41860000,0.59547000,0.05488000,0.00000000
1345602884.85900000,-0.08254500,0.48338850,-0.21405000,-0.60614400,0.04804800,0.02918000,-0.03765000,-0.06192032,0.06899200,-0.00000000,-0.10510000,-0.02600032,-0.17494000,-0.03576000,-0.04204000,0.11475968,-0.33018000,-0.12740000,-0.00000000,0.16839968,-0.41860000,0.59547000,0.05488000,0.00000000
1345602884.87500000,-0.08254500,0.51246450,-0.24259000,-0.60614400,0.01601600,0.02918000,-0.03765000,-0.06192032,0.03449600,0.03608000,-0.10510000,-0.02600032,-0.27990400,-0.00000000,-0.04204000,0.11475968,-0.51177900,-0.25480000,-0.00000000,0.15647968,-0.40040000,0.59547000,0.05488000,0.00000000
1345602884.89000010,-0.08254500,0.51246450,-0.24259000,-0.59628800,-0.01601600,0.02918000,-0.03765000,-0.06867328,-0.01724800,0.03608000,-0.10510000,-0.02377328,-0.36737400,-0.00000000,-0.04204000,0.11698672,-0.64385100,-0.41860000,0.01976000,0.15870672,-0.40040000,0.59547000,0.04704000,0.00000000
1345602884.90599990,-0.08254500,0.51246450,-0.24259000,-0.59628800,-0.04804800,0.02918000,-0.03765000,-0.06867328,-0.08624000,0.03608000,-0.10510000,-0.02377328,-0.43735000,-0.00000000,-0.04204000,0.11698672,-0.75941400,-0.60060000,0.04940000,0.15870672,-0.41860000,0.59547000,0.04704000,0.00000000
1345602884.92100000,-0.08254500,0.51246450,-0.24259000,-0.58643200,-0.04804800,0.05836000,-0.03765000,-0.06867328,-0.12073600,0.07216000,-0.10510000,-0.02377328,-0.52482000,-0.00000000,-0.04204000,0.11698672,-0.87497700,-0.78260000,0.06916000,0.15870672,-0.40040000,0.59547000,0.03920000,0.00000000
1345602884.93700000,-0.08254500,0.51246450,-0.27113000,-0.58643200,-0.09609600,0.05836000,-0.03765000,-0.07170880,-0.15523200,0.07216000,-0.10510000,-0.02680880,-0.55980800,0.03576000,-0.04204000,0.12619120,-0.99054000,-0.92820000,0.08892000,0.16791120,-0.38220000,0.61273000,0.03136000,0.00000000
1345602884.95300010,-0.08254500,0.48338850,-0.27113000,-0.58643200,-0.09609600,0.05836000,-0.03765000,-0.07170880,-0.18972800,0.07216000,-0.10510000,-0.02680880,-0.61229000,0.03576000,-0.04204000,0.12619120,-1.07308500,-1.03740000,0.10868000,0.16791120,-0.36400000,0.61273000,0.03136000,0.00000000
1345602884.96799990,-0.08254500,0.48338850,-0.27113000,-0.58643200,-0.12812800,0.08754000,-0.05271000,-0.07170880,-0.22422400,0.10824000,-0.10510000,-0.02680880,-0.68226600,0.03576000,-0.04204000,0.12619120,-1.13912100,-1.18300000,0.12844000,0.16791120,-0.34580000,0.61273000,0.01568000,0.00000000
1345602884.98400000,-0.08254500,0.48338850,-0.27113000,-0.58643200,-0.16016000,0.08754000,-0.05271000,-0.07474432,-0.22422400,0.10824000,-0.10510000,-0.02984432,-0.68226600,0.07152000,-0.04204000,0.13539568,-1.18864800,-1.25580000,0.12844000,0.17711568,-0.32760000,0.61273000,0.01568000,0.00000000
1345602885.00000000,-0.08254500,0.48338850,-0.27113000,-0.58643200,-0.16016000,0.08754000,-0.05271000,-0.07474432,-0.25872000,0.10824000,-0.12612000,-0.02984432,-0.71725400,0.07152000,-0.04204000,0.13539568,-1.22166600,-1.29220000,0.14820000,0.17711568,-0.30940000,0.61273000,0.00784000,0.00000000
1345602885.01500010,-0.08254500,0.45431250,-0.27113000,-0.58643200,-0.16016000,0.08754000,-0.05271000,-0.06799136,-0.25872000,0.14432000,-0.12612000,-0.03207136,-0.75224200,0.10728000,-0.04204000,0.13316864,-1.25468400,-1.32860000,0.14820000,0.17488864,-0.30940000,0.61273000,0.00784000,0.00000000
1345602885.03099990,-0.08254500,0.45431250,-0.27113000,-0.58643200,-0.19219200,0.08754000,-0.05271000,-0.06799136,-0.25872000,0.14432000,-0.12612000,-0.03207136,-0.75224200,0.10728000,-0.06306000,0.13316864,-1.25468400,-1.36500000,0.14820000,0.17488864,-0.29120000,0.61273000,0.00784000,0.00000000
1345602885.04600000,-0.08254500,0.45431250,-0.27113000,-0.58643200,-0.19219200,0.08754000,-0.05271000,-0.06799136,-0.29321600,0.14432000,-0.12612000,-0.03207136,-0.75224200,0.14304000,-0.06306000,0.13316864,-1.25468400,-1.36500000,0.14820000,0.17488864,-0.27300000,0.61273000,-0.00000000,0.00000000
1345602885.06200000,-0.08254500,0.45431250,-0.27113000,-0.58643200,-0.19219200,0.08754000,-0.05271000,-0.06799136,-0.29321600,0.14432000,-0.12612000,-0.03207136,-0.75224200,0.14304000,-0.06306000,0.13316864,-1.28770200,-1.40140000,0.14820000,0.17488864,-0.27300000,0.61273000,-0.00000000,0.00000000
1345602885.07800010,-0.08254500,0.45431250,-0.27113000,-0.58643200,-0.19219200,0.08754000,-0.05271000,-0.06799136,-0.29321600,0.14432000,-0.12612000,-0.03207136,-0.75224200,0.14304000,-0.06306000,0.13316864,-1.28770200,-1.40140000,0.14820000,0.17488864,-0.25480000,0.61273000,-0.00000000,0.00000000
1345602885.09299990,-0.08254500,0.45431250,-0.27113000,-0.58643200,-0.19219200,0.08754000,-0.05271000,-0.06123840,-0.29321600,0.18040000,-0.12612000,-0.03429840,-0.75224200,0.14304000,-0.06306000,0.13094160,-1.28770200,-1.40140000,0.14820000,0.17266160,-0.25480000,0.61273000,-0.00000000,0.00000000
1345602885.10900000,-0.08254500,0.45431250,-0.27113000,-0.58643200,-0.22422400,0.08754000,-0.05271000,-0.06123840,-0.29321600,0.18040000,-0.12612000,-0.03429840,-0.75224200,0.14304000,-0.06306000,0.13094160,-1.28770200,-1.43780000,0.14820000,0.17266160,-0.23660000,0.61273000,-0.00000000,0.00000000
1345602885.12500000,-0.08254500,0.45431250,-0.27113000,-0.58643200,-0.22422400,0.08754000,-0.05271000,-0.06123840,-0.29321600,0.18040000,-0.12612000,-0.03429840,-0.75224200,0.14304000,-0.06306000,0.13094160,-1.28770200,-1.43780000,0.14820000,0.17266160,-0.23660000,0.61273000,-0.00000000,0.00000000
1345602885.14000010,-0.08254500,0.45431250,-0.27113000,-0.58643200,-0.22422400,0.08754000,-0.05271000,-0.06123840,-0.29321600,0.18040000,-0.12612000,-0.03429840,-0.75224200,0.14304000,-0.06306000,0.13094160,-1.28770200,-1.43780000,0.14820000,0.17266160,-0.23660000,0.61273000,-0.00000000,0.00000000
1345602885.15599990,-0.08254500,0.45431250,-0.27113000,-0.58643200,-0.22422400,0.08754000,-0.05271000,-0.06123840,-0.29321600,0.18040000,-0.12612000,-0.03429840,-0.75224200,0.14304000,-0.06306000,0.13094160,-1.28770200,-1.40140000,0.14820000,0.18458160,-0.21840000,0.61273000,-0.00000000,0.00000000
1345602885.17100000,-0.08254500,0.45431250,-0.27113000,-0.58643200,-0.22422400,0.08754000,-0.05271000,-0.06123840,-0.29321600,0.18040000,-0.12612000,-0.03429840,-0.71725400,0.14304000,-0.06306000,0.13094160,-1.25468400,-1.36500000,0.14820000,0.18458160,-0.20020000,0.61273000,-0.00000000,0.00000000
1345602885.18700000,-0.08254500,0.45431250,-0.27113000,-0.58643200,-0.22422400,0.08754000,-0.05271000,-0.05820288,-0.29321600,0.18040000,-0.12612000,-0.03126288,-0.68226600,0.14304000,-0.06306000,0.12173712,-1.22166600,-1.25580000,0.12844000,0.18729712,-0.20020000,0.61273000,-0.00000000,0.00000000
1345602885.20300010,-0.08254500,0.45431250,-0.27113000,-0.58643200,-0.19219200,0.08754000,-0.05271000,-0.05820288,-0.25872000,0.18040000,-0.12612000,-0.03126288,-0.62978400,0.10728000,-0.06306000,0.12173712,-1.12261200,-0.91000000,0.07904000,0.18729712,-0.20020000,0.61273000,-0.00000000,0.00000000
1345602885.21799990,-0.08254500,0.45431250,-0.27113000,-0.58643200,-0.19219200,0.08754000,-0.05271000,-0.05516736,-0.22422400,0.14432000,-0.12612000,-0.02822736,-0.54231400,0.10728000,-0.06306000,0.11253264,-1.04006700,-0.63700000,0.03952000,0.17809264,-0.21840000,0.61273000,-0.00000000,0.00000000
1345602885.23400000,-0.08254500,0.45431250,-0.27113000,-0.59628800,-0.16016000,0.08754000,-0.05271000,-0.05516736,-0.18972800,0.14432000,-0.12612000,-0.02822736,-0.47233800,0.10728000,-0.06306000,0.11253264,-0.87497700,-0.38220000,0.01976000,0.17809264,-0.27300000,0.61273000,0.00784000,0.00000000
1345602885.25000000,-0.08254500,0.45431250,-0.27113000,-0.59628800,-0.12812800,0.08754000,-0.05271000,-0.05213184,-0.12073600,0.14432000,-0.12612000,-0.02519184,-0.38486800,0.07152000,-0.08408000,0.10332816,-0.66036000,-0.14560000,0.01976000,0.16888816,-0.30030000,0.61273000,0.01568000,0.00000000
1345602885.26500010,-0.08254500,0.45431250,-0.27113000,-0.59628800,-0.09609600,0.05836000,-0.05271000,-0.04537888,-0.08624000,0.10824000,-0.12612000,-0.02741888,-0.29739800,0.07152000,-0.08408000,0.10110112,-0.54479700,-0.01820000,-0.00000000,0.17858112,-0.31850000,0.61273000,0.02352000,0.00000000
1345602885.28099990,-0.08254500,0.45431250,-0.27113000,-0.60614400,-0.06406400,0.05836000,-0.03765000,-0.04537888,-0.03449600,0.10824000,-0.12612000,-0.02741888,-0.24491600,0.07152000,-0.08408000,0.10110112,-0.44574300,0.01820000,-0.00000000,0.19050112,-0.31850000,0.61273000,0.02352000,0.00000000
1345602885.29600000,-0.08254500,0.45431250,-0.27113000,-0.60614400,-0.03203200,0.05836000,-0.03765000,-0.04537888,-0.00000000,0.10824000,-0.12612000,-0.02741888,-0.19243400,0.07152000,-0.08408000,0.10110112,-0.34668900,0.05460000,-0.00000000,0.19050112,-0.33670000,0.59547000,0.02352000,0.00000000
1345602885.31200000,-0.08254500,0.45431250,-0.27113000,-0.60614400,-0.00000000,0.05836000,-0.03765000,-0.04537888,0.03449600,0.07216000,-0.12612000,-0.02741888,-0.12245800,0.03576000,-0.08408000,0.10110112,-0.23112600,0.09100000,-0.01976000,0.19050112,-0.35490000,0.59547000,0.02352000,0.00000000
1345602885.32800010,-0.08254500,0.45431250,-0.27113000,-0.60614400,-0.00000000,0.05836000,-0.03765000,-0.05213184,0.08624000,0.07216000,-0.12612000,-0.02519184,-0.06997600,0.03576000,-0.08408000,0.10332816,-0.14858100,0.12740000,-0.01976000,0.20464816,-0.35490000,0.59547000,0.02352000,0.00000000
1345602885.34299990,-0.08254500,0.45431250,-0.27113000,-0.60614400,0.03203200,0.05836000,-0.03765000,-0.05213184,0.12073600,0.07216000,-0.12612000,-0.02519184,-0.03498800,0.03576000,-0.08408000,0.10332816,-0.09905400,0.12740000,-0.01976000,0.20464816,-0.37310000,0.59547000,0.03136000,0.00000000
1345602885.35900000,-0.08254500,0.45431250,-0.27113000,-0.60614400,0.03203200,0.02918000,-0.03765000,-0.05213184,0.12073600,0.07216000,-0.12612000,-0.02519184,-0.00000000,0.03576000,-0.10510000,0.10332816,-0.04952700,0.12740000,-0.01976000,0.20464816,-0.37310000,0.59547000,0.03136000,0.00000000
1345602885.37500000,-0.08254500,0.45431250,-0.27113000,-0.60614400,0.03203200,0.02918000,-0.03765000,-0.05213184,0.15523200,0.03608000,-0.12612000,-0.02519184,-0.00000000,0.03576000,-0.10510000,0.10332816,-0.01650900,0.12740000,-0.01976000,0.20464816,-0.37310000,0.59547000,0.03136000,0.00000000
1345602885.39000010,-0.08254500,0.45431250,-0.27113000,-0.60614400,0.03203200,0.02918000,-0.03765000,-0.05213184,0.15523200,0.03608000,-0.12612000,-0.02519184,0.03498800,-0.00000000,-0.10510000,0.10332816,-0.01650900,0.12740000,-0.01976000,0.20464816,-0.37310000,0.59547000,0.03136000,0.00000000
1345602885.40599990,-0.08254500,0.45431250,-0.27113000,-0.60614400,0.03203200,0.02918000,-0.03765000,-0.05213184,0.15523200,0.03608000,-0.12612000,-0.02519184,0.03498800,-0.00000000,-0.10510000,0.10332816,-0.01650900,0.09100000,-0.01976000,0.20464816,-0.37310000,0.59547000,0.03136000,0.00000000
1345602885.42100000,-0.08254500,0.45431250,-0.27113000,-0.60614400,0.03203200,0.02918000,-0.03765000,-0.05213184,0.15523200,0.03608000,-0.12612000,-0.02519184,0.03498800,-0.00000000,-0.10510000,0.10332816,-0.01650900,0.09100000,-0.01976000,0.20464816,-0.37310000,0.59547000,0.03920000,0.00000000
1345602885.43700000,-0.08254500,0.45431250,-0.27113000,-0.60614400,0.03203200,0.02918000,-0.03765000,-0.05213184,0.15523200,-0.00000000,-0.12612000,-0.02519184,0.03498800,-0.00000000,-0.10510000,0.10332816,0.01650900,0.09100000,-0.01976000,0.20464816,-0.35490000,0.59547000,0.03920000,0.00000000
1345602885.45300010,-0.08254500,0.45431250,-0.27113000,-0.60614400,0.03203200,0.02918000,-0.03765000,-0.05213184,0.15523200,-0.00000000,-0.12612000,-0.02519184,0.03498800,-0.00000000,-0.10510000,0.10332816,0.01650900,0.09100000,-0.01976000,0.20464816,-0.35490000,0.59547000,0.03920000,0.00000000
1345602885.46799990,-0.08254500,0.45431250,-0.27113000,-0.60614400,0.03203200,0.02918000,-0.03765000,-0.05213184,0.15523200,-0.00000000,-0.12612000,-0.02519184,0.03498800,-0.00000000,-0.10510000,0.10332816,0.01650900,0.09100000,-0.01976000,0.20464816,-0.35490000,0.59547000,0.03920000,0.00000000
1345602885.48400000,-0.08254500,0.45431250,-0.27113000,-0.60614400,0.03203200,0.02918000,-0.03765000,-0.05213184,0.15523200,-0.00000000,-0.12612000,-0.02519184,0.03498800,-0.00000000,-0.10510000,0.10332816,0.01650900,0.09100000,-0.01976000,0.20464816,-0.33670000,0.59547000,0.03920000,0.00000000
1345602885.50000000,-0.08254500,0.45431250,-0.27113000,-0.60614400,0.03203200,0.02918000,-0.03765000,-0.05213184,0.15523200,-0.00000000,-0.12612000,-0.02519184,0.03498800,-0.00000000,-0.10510000,0.10332816,0.01650900,0.09100000,-0.01976000,0.20464816,-0.33670000,0.59547000,0.03920000,0.00000000
1345602885.51500010,-0.08254500,0.45431250,-0.27113000,-0.60614400,0.03203200,0.02918000,-0.03765000,-0.05213184,0.15523200,-0.00000000,-0.12612000,-0.02519184,0.03498800,-0.00000000,-0.10510000,0.10332816,0.01650900,0.09100000,-0.01976000,0.20464816,-0.33670000,0.59547000,0.03920000,0.00000000
1345602885.53099990,-0.08254500,0.45431250,-0.27113000,-0.60614400,0.03203200,0.02918000,-0.03765000,-0.05213184,0.15523200,-0.00000000,-0.10510000,-0.02519184,0.03498800,-0.03576000,-0.10510000,0.10332816,0.01650900,0.09100000,-0.01976000,0.20464816,-0.33670000,0.59547000,0.03920000,0.00000000
1345602885.54600000,-0.08254500,0.45431250,-0.27113000,-0.60614400,0.03203200,0.02918000,-0.03765000,-0.05213184,0.15523200,-0.00000000,-0.10510000,-0.02519184,0.03498800,-0.03576000,-0.10510000,0.10332816,0.01650900,0.09100000,-0.01976000,0.20464816,-0.31850000,0.59547000,0.03920000,0.00000000
1345602885.56200000,-0.08254500,0.45431250,-0.27113000,-0.60614400,0.03203200,0.02918000,-0.03765000,-0.05213184,0.15523200,-0.00000000,-0.10510000,-0.02519184,0.03498800,-0.03576000,-0.10510000,0.10332816,0.01650900,0.09100000,-0.01976000,0.20464816,-0.31850000,0.59547000,0.03920000,0.00000000
1345602885.57800010,-0.08254500,0.45431250,-0.27113000,-0.60614400,0.03203200,0.02918000,-0.03765000,-0.05213184,0.15523200,-0.03608000,-0.10510000,-0.02519184,0.03498800,-0.03576000,-0.10510000,0.10332816,0.01650900,0.09100000,-0.01976000,0.20464816,-0.31850000,0.59547000,0.03920000,0.00000000
1345602885.59299990,-0.08254500,0.45431250,-0.27113000,-0.60614400,0.03203200,0.02918000,-0.03765000,-0.05213184,0.15523200,-0.03608000,-0.10510000,-0.02519184,0.03498800,-0.03576000,-0.10510000,0.10332816,0.01650900,0.09100000,-0.01976000,0.20464816,-0.31850000,0.59547000,0.03920000,0.00000000
1345602885.60900000,-0.08254500,0.45431250,-0.27113000,-0.60614400,0.03203200,0.02918000,-0.03765000,-0.05213184,0.15523200,-0.03608000,-0.10510000,-0.02519184,0.03498800,-0.03576000,-0.10510000,0.10332816,0.01650900,0.09100000,-0.01976000,0.20464816,-0.31850000,0.59547000,0.03920000,0.00000000
1345602885.62500000,-0.08254500,0.45431250,-0.27113000,-0.60614400,-0.00000000,0.02918000,-0.03765000,-0.05213184,0.15523200,-0.03608000,-0.10510000,-0.02519184,0.03498800,-0.03576000,-0.10510000,0.10332816,0.01650900,0.09100000,-0.01976000,0.20464816,-0.31850000,0.59547000,0.03920000,0.00000000
1345602885.64000010,-0.08254500,0.45431250,-0.27113000,-0.60614400,-0.00000000,0.02918000,-0.03765000,-0.05213184,0.15523200,-0.03608000,-0.10510000,-0.02519184,0.03498800,-0.03576000,-0.08408000,0.10332816,0.01650900,0.09100000,-0.01976000,0.20464816,-0.30030000,0.59547000,0.03920000,0.00000000
1345602885.65599990,-0.08254500,0.45431250,-0.27113000,-0.60614400,-0.00000000,0.02918000,-0.03765000,-0.05213184,0.15523200,-0.03608000,-0.10510000,-0.02519184,0.03498800,-0.03576000,-0.08408000,0.10332816,0.01650900,0.09100000,-0.01976000,0.20464816,-0.30030000,0.59547000,0.03920000,0.00000000
1345602885.67100000,-0.08254500,0.45431250,-0.27113000,-0.60614400,-0.00000000,0.02918000,-0.03765000,-0.05213184,0.15523200,-0.03608000,-0.10510000,-0.02519184,0.03498800,-0.03576000,-0.08408000,0.10332816,0.01650900,0.05460000,-0.01976000,0.20464816,-0.30030000,0.59547000,0.03920000,0.00000000
1345602885.68700000,-0.08254500,0.45431250,-0.27113000,-0.60614400,-0.00000000,0.02918000,-0.03765000,-0.05213184,0.15523200,-0.03608000,-0.10510000,-0.02519184,0.03498800,-0.03576000,-0.08408000,0.10332816,0.01650900,0.05460000,-0.01976000,0.20464816,-0.30030000,0.59547000,0.03920000,0.00000000
1345602885.70300010,-0.08254500,0.45431250,-0.27113000,-0.60614400,-0.00000000,0.02918000,-0.03765000,-0.05213184,0.15523200,-0.03608000,-0.10510000,-0.02519184,0.03498800,-0.03576000,-0.08408000,0.10332816,0.01650900,0.05460000,-0.01976000,0.20464816,-0.30030000,0.59547000,0.03920000,0.00000000
1345602885.71799990,-0.08254500,0.45431250,-0.27113000,-0.60614400,-0.00000000,0.02918000,-0.03765000,-0.05213184,0.15523200,-0.03608000,-0.10510000,-0.02519184,0.03498800,-0.03576000,-0.08408000,0.10332816,0.01650900,0.05460000,-0.01976000,0.20464816,-0.30030000,0.59547000,0.03920000,0.00000000
1345602885.73400000,-0.08254500,0.45431250,-0.27113000,-0.60614400,-0.00000000,0.02918000,-0.03765000,-0.05213184,0.15523200,-0.03608000,-0.10510000,-0.02519184,0.03498800,-0.03576000,-0.08408000,0.10332816,0.01650900,0.05460000,-0.01976000,0.20464816,-0.30030000,0.59547000,0.03920000,0.00000000
1345602885.75000000,-0.08254500,0.45431250,-0.27113000,-0.60614400,-0.00000000,0.02918000,-0.03765000,-0.05213184,0.15523200,-0.03608000,-0.10510000,-0.02519184,0.03498800,-0.03576000,-0.08408000,0.10332816,0.01650900,0.05460000,-0.01976000,0.20464816,-0.30030000,0.59547000,0.03920000,0.00000000
1345602885.76500010,-0.08254500,0.45431250,-0.27113000,-0.60614400,-0.00000000,0.02918000,-0.03765000,-0.05213184,0.15523200,-0.03608000,-0.10510000,-0.02519184,0.03498800,-0.03576000,-0.08408000,0.10332816,0.01650900,0.05460000,-0.01976000,0.20464816,-0.30030000,0.59547000,0.03920000,0.00000000
1345602885.78099990,-0.08254500,0.45431250,-0.27113000,-0.60614400,-0.00000000,0.02918000,-0.03765000,-0.05213184,0.15523200,-0.03608000,-0.10510000,-0.02519184,0.03498800,-0.03576000,-0.08408000,0.10332816,0.01650900,0.05460000,-0.01976000,0.20464816,-0.30030000,0.59547000,0.03920000,0.00000000
1345602885.79600000,-0.08254500,0.45431250,-0.27113000,-0.60614400,-0.00000000,0.02918000,-0.03765000,-0.05213184,0.15523200,-0.03608000,-0.10510000,-0.02519184,0.03498800,-0.03576000,-0.08408000,0.10332816,0.01650900,0.05460000,-0.01976000,0.20464816,-0.30030000,0.59547000,0.03920000,0.00000000
1345602885.81200000,-0.08254500,0.45431250,-0.27113000,-0.60614400,-0.00000000,0.02918000,-0.03765000,-0.05213184,0.15523200,-0.03608000,-0.10510000,-0.02519184,0.03498800,-0.03576000,-0.08408000,0.10332816,0.01650900,0.05460000,-0.01976000,0.20464816,-0.30030000,0.59547000,0.03920000,0.00000000
1345602885.82800010,-0.08254500,0.45431250,-0.27113000,-0.60614400,-0.00000000,0.02918000,-0.03765000,-0.05213184,0.15523200,-0.03608000,-0.10510000,-0.02519184,0.03498800,-0.03576000,-0.08408000,0.10332816,0.01650900,0.05460000,-0.01976000,0.20464816,-0.30030000,0.59547000,0.03920000,0.00000000
1345602885.84299990,-0.08254500,0.45431250,-0.27113000,-0.60614400,-0.00000000,0.02918000,-0.03765000,-0.05213184,0.15523200,-0.03608000,-0.10510000,-0.02519184,0.03498800,-0.03576000,-0.08408000,0.10332816,0.01650900,0.05460000,-0.01976000,0.20464816,-0.30030000,0.59547000,0.03920000,0.00000000
1345602885.85900000,-0.08254500,0.45431250,-0.27113000,-0.60614400,-0.00000000,0.02918000,-0.03765000,-0.05213184,0.15523200,-0.03608000,-0.10510000,-0.02519184,0.03498800,-0.03576000,-0.08408000,0.10332816,0.01650900,0.05460000,-0.01976000,0.20464816,-0.28210000,0.59547000,0.03920000,0.00000000
1345602885.87500000,-0.08254500,0.45431250,-0.27113000,-0.60614400,-0.00000000,0.02918000,-0.03765000,-0.05213184,0.15523200,-0.03608000,-0.10510000,-0.02519184,0.03498800,-0.03576000,-0.08408000,0.10332816,0.01650900,0.05460000,-0.01976000,0.20464816,-0.28210000,0.59547000,0.03920000,0.00000000
1345602885.89000010,-0.08254500,0.45431250,-0.27113000,-0.60614400,-0.00000000,0.02918000,-0.03765000,-0.05213184,0.15523200,-0.03608000,-0.10510000,-0.02519184,0.03498800,-0.03576000,-0.08408000,0.10332816,0.01650900,0.05460000,-0.01976000,0.20464816,-0.28210000,0.59547000,0.03920000,0.00000000
1345602885.90599990,-0.08254500,0.45431250,-0.27113000,-0.60614400,-0.00000000,0.02918000,-0.03765000,-0.05213184,0.12073600,-0.03608000,-0.10510000,-0.02519184,0.03498800,-0.03576000,-0.08408000,0.10332816,0.01650900,0.05460000,-0.01976000,0.20464816,-0.28210000,0.59547000,0.03920000,0.00000000
1345602885.92100000,-0.08254500,0.45431250,-0.27113000,-0.60614400,-0.00000000,0.02918000,-0.03765000,-0.05213184,0.12073600,-0.03608000,-0.10510000,-0.02519184,0.03498800,-0.03576000,-0.08408000,0.10332816,0.01650900,0.05460000,-0.01976000,0.20464816,-0.28210000,0.59547000,0.03920000,0.00000000
1345602885.93700000,-0.08254500,0.45431250,-0.27113000,-0.60614400,-0.00000000,0.02918000,-0.03765000,-0.05213184,0.12073600,-0.03608000,-0.10510000,-0.02519184,0.03498800,-0.03576000,-0.08408000,0.10332816,0.01650900,0.05460000,-0.01976000,0.20464816,-0.28210000,0.59547000,0.03920000,0.00000000
1345602885.95300010,-0.08254500,0.45431250,-0.27113000,-0.60614400,-0.00000000,0.02918000,-0.03765000,-0.05213184,0.12073600,-0.03608000,-0.10510000,-0.02519184,0.03498800,-0.03576000,-0.08408000,0.10332816,0.01650900,0.05460000,-0.01976000,0.20464816,-0.28210000,0.59547000,0.03920000,0.00000000
1345602885.96799990,-0.08254500,0.45431250,-0.27113000,-0.60614400,-0.00000000,0.02918000,-0.03765000,-0.05213184,0.12073600,-0.03608000,-0.10510000,-0.02519184,0.03498800,-0.03576000,-0.08408000,0.10332816,0.01650900,0.05460000,-0.01976000,0.20464816,-0.28210000,0.59547000,0.03920000,0.00000000
1345602885.98400000,-0.08254500,0.45431250,-0.27113000,-0.60614400,-0.00000000,0.02918000,-0.03765000,-0.05213184,0.12073600,-0.03608000,-0.10510000,-0.02519184,0.03498800,-0.03576000,-0.08408000,0.10332816,0.01650900,0.05460000,-0.01976000,0.20464816,-0.28210000,0.59547000,0.03920000,0.00000000
1345602886.00000000,-0.08254500,0.45431250,-0.27113000,-0.60614400,-0.00000000,0.02918000,-0.03765000,-0.05213184,0.12073600,-0.03608000,-0.10510000,-0.02519184,0.03498800,-0.03576000,-0.08408000,0.10332816,0.01650900,0.05460000,-0.01976000,0.20464816,-0.28210000,0.59547000,0.03920000,0.00000000
1345602886.01500010,-0.08254500,0.45431250,-0.27113000,-0.60614400,-0.00000000,0.02918000,-0.03765000,-0.05213184,0.12073600,-0.03608000,-0.10510000,-0.02519184,0.03498800,-0.03576000,-0.08408000,0.10332816,-0.01650900,0.05460000,-0.01976000,0.20464816,-0.28210000,0.59547000,0.03920000,0.00000000
1345602886.03099990,-0.08254500,0.45431250,-0.27113000,-0.60614400,-0.00000000,0.02918000,-0.03765000,-0.05213184,0.12073600,-0.03608000,-0.10510000,-0.02519184,0.03498800,-0.03576000,-0.08408000,0.10332816,-0.01650900,0.05460000,-0.01976000,0.20464816,-0.26390000,0.59547000,0.03920000,0.00000000
1345602886.04600000,-0.08254500,0.45431250,-0.27113000,-0.60614400,-0.00000000,0.02918000,-0.03765000,-0.05213184,0.12073600,-0.03608000,-0.10510000,-0.02519184,0.03498800,-0.03576000,-0.08408000,0.10332816,-0.01650900,0.05460000,-0.01976000,0.20464816,-0.26390000,0.59547000,0.03920000,0.00000000
1345602886.06200000,-0.08254500,0.45431250,-0.27113000,-0.60614400,-0.00000000,0.02918000,-0.03765000,-0.05213184,0.12073600,-0.03608000,-0.10510000,-0.02519184,0.03498800,-0.03576000,-0.08408000,0.10332816,-0.01650900,0.05460000,-0.01976000,0.20464816,-0.26390000,0.59547000,0.03920000,0.00000000
1345602886.07800010,-0.08254500,0.45431250,-0.27113000,-0.60614400,-0.00000000,0.02918000,-0.03765000,-0.05213184,0.12073600,-0.03608000,-0.10510000,-0.02519184,0.03498800,-0.03576000,-0.08408000,0.10332816,-0.01650900,0.05460000,-0.01976000,0.20464816,-0.26390000,0.59547000,0.03920000,0.00000000
1345602886.09299990,-0.08254500,0.45431250,-0.27113000,-0.60614400,-0.00000000,0.02918000,-0.03765000,-0.05213184,0.12073600,-0.03608000,-0.10510000,-0.02519184,0.03498800,-0.03576000,-0.08408000,0.10332816,-0.01650900,0.05460000,-0.01976000,0.20464816,-0.26390000,0.59547000,0.03920000,0.00000000
1345602886.10900000,-0.08254500,0.45431250,-0.27113000,-0.60614400,-0.00000000,0.02918000,-0.03765000,-0.05213184,0.12073600,-0.03608000,-0.10510000,-0.02519184,0.03498800,-0.03576000,-0.08408000,0.10332816,-0.01650900,0.05460000,-0.01976000,0.20464816,-0.26390000,0.59547000,0.03920000,0.00000000
1345602886.12500000,-0.08254500,0.45431250,-0.27113000,-0.60614400,-0.00000000,0.02918000,-0.03765000,-0.05213184,0.12073600,-0.03608000,-0.10510000,-0.02519184,0.03498800,-0.03576000,-0.08408000,0.10332816,-0.01650900,0.05460000,-0.01976000,0.20464816,-0.26390000,0.59547000,0.03920000,0.00000000
1345602886.14000010,-0.08254500,0.45431250,-0.27113000,-0.60614400,-0.00000000,0.02918000,-0.03765000,-0.05213184,0.12073600,-0.03608000,-0.10510000,-0.02519184,0.03498800,-0.03576000,-0.08408000,0.10332816,-0.01650900,0.05460000,-0.01976000,0.19272816,-0.26390000,0.59547000,0.03920000,0.00000000
1345602886.15599990,-0.08254500,0.45431250,-0.27113000,-0.60614400,-0.00000000,0.02918000,-0.03765000,-0.05213184,0.12073600,-0.03608000,-0.10510000,-0.02519184,0.03498800,-0.03576000,-0.08408000,0.10332816,-0.01650900,0.05460000,-0.01976000,0.19272816,-0.26390000,0.59547000,0.03920000,0.00000000
1345602886.17100000,-0.08254500,0.45431250,-0.27113000,-0.60614400,-0.00000000,0.02918000,-0.03765000,-0.05213184,0.12073600,-0.03608000,-0.10510000,-0.02519184,0.03498800,-0.03576000,-0.08408000,0.10332816,-0.01650900,0.05460000,-0.01976000,0.19272816,-0.26390000,0.59547000,0.03920000,0.00000000
1345602886.18700000,-0.08254500,0.45431250,-0.27113000,-0.60614400,-0.00000000,0.02918000,-0.03765000,-0.05213184,0.12073600,-0.03608000,-0.10510000,-0.02519184,0.03498800,-0.03576000,-0.08408000,0.10332816,-0.01650900,0.05460000,-0.01976000,0.19272816,-0.26390000,0.59547000,0.03920000,0.00000000
1345602886.20300010,-0.08254500,0.45431250,-0.27113000,-0.60614400,-0.00000000,0.02918000,-0.03765000,-0.05213184,0.12073600,-0.03608000,-0.10510000,-0.02519184,0.03498800,-0.03576000,-0.08408000,0.10332816,-0.01650900,0.01820000,-0.01976000,0.19272816,-0.26390000,0.59547000,0.03920000,0.00000000
1345602886.21799990,-0.08254500,0.45431250,-0.27113000,-0.60614400,-0.00000000,0.02918000,-0.03765000,-0.05213184,0.12073600,-0.03608000,-0.10510000,-0.02519184,0.03498800,-0.03576000,-0.08408000,0.10332816,-0.01650900,0.01820000,-0.01976000,0.19272816,-0.26390000,0.59547000,0.03920000,0.00000000
1345602886.23400000,-0.08254500,0.45431250,-0.27113000,-0.60614400,-0.00000000,0.02918000,-0.03765000,-0.05213184,0.12073600,-0.03608000,-0.10510000,-0.02519184,0.03498800,-0.03576000,-0.08408000,0.10332816,-0.01650900,0.01820000,-0.01976000,0.19272816,-0.26390000,0.59547000,0.03920000,0.00000000
1345602886.25000000,-0.08254500,0.45431250,-0.27113000,-0.60614400,-0.00000000,0.02918000,-0.03765000,-0.05213184,0.12073600,-0.03608000,-0.10510000,-0.02519184,-0.00000000,-0.03576000,-0.08408000,0.10332816,-0.01650900,0.01820000,-0.01976000,0.19272816,-0.26390000,0.59547000,0.03920000,0.00000000
1345602886.26500010,-0.08254500,0.45431250,-0.27113000,-0.60614400,-0.00000000,0.02918000,-0.03765000,-0.05213184,0.12073600,-0.03608000,-0.10510000,-0.02519184,-0.00000000,-0.03576000,-0.08408000,0.10332816,-0.01650900,0.01820000,-0.01976000,0.19272816,-0.26390000,0.59547000,0.03920000,0.00000000
1345602886.28099990,-0.08254500,0.45431250,-0.27113000,-0.60614400,-0.00000000,0.02918000,-0.03765000,-0.05213184,0.12073600,-0.03608000,-0.10510000,-0.02519184,-0.00000000,-0.03576000,-0.08408000,0.10332816,-0.01650900,0.01820000,-0.01976000,0.19272816,-0.26390000,0.59547000,0.03920000,0.00000000
1345602886.29600000,-0.08254500,0.45431250,-0.27113000,-0.60614400,-0.00000000,0.02918000,-0.03765000,-0.05213184,0.12073600,-0.03608000,-0.10510000,-0.02519184,-0.00000000,-0.03576000,-0.08408000,0.10332816,-0.01650900,0.01820000,-0.01976000,0.19272816,-0.26390000,0.59547000,0.03920000,0.00000000
1345602886.31200000,-0.08254500,0.45431250,-0.27113000,-0.60614400,-0.00000000,0.02918000,-0.03765000,-0.05213184,0.12073600,-0.03608000,-0.10510000,-0.02519184,-0.00000000,-0.03576000,-0.08408000,0.10332816,-0.01650900,0.01820000,-0.01976000,0.19272816,-0.26390000,0.59547000,0.03920000,0.00000000
1345602886.32800010,-0.08254500,0.45431250,-0.27113000,-0.60614400,-0.00000000,0.02918000,-0.03765000,-0.05213184,0.12073600,-0.03608000,-0.10510000,-0.02519184,-0.00000000,-0.03576000,-0.08408000,0.10332816,-0.01650900,0.01820000,-0.01976000,0.19272816,-0.26390000,0.59547000,0.03920000,0.00000000
1345602886.34299990,-0.08254500,0.45431250,-0.27113000,-0.60614400,-0.00000000,0.02918000,-0.03765000,-0.05213184,0.12073600,-0.03608000,-0.10510000,-0.02519184,-0.00000000,-0.03576000,-0.08408000,0.10332816,-0.01650900,0.01820000,-0.01976000,0.19272816,-0.26390000,0.59547000,0.03920000,0.00000000
1345602886.35900000,-0.08254500,0.45431250,-0.27113000,-0.60614400,-0.00000000,0.02918000,-0.03765000,-0.05213184,0.12073600,-0.03608000,-0.10510000,-0.02519184,-0.00000000,-0.03576000,-0.08408000,0.10332816,-0.01650900,0.01820000,-0.01976000,0.19272816,-0.26390000,0.59547000,0.03920000,0.00000000
1345602886.37500000,-0.08254500,0.45431250,-0.27113000,-0.60614400,-0.00000000,0.02918000,-0.03765000,-0.05213184,0.12073600,-0.03608000,-0.10510000,-0.02519184,-0.00000000,-0.03576000,-0.08408000,0.10332816,-0.01650900,0.01820000,-0.01976000,0.19272816,-0.26390000,0.59547000,0.03920000,0.00000000
1345602886.39000010,-0.08254500,0.45431250,-0.27113000,-0.60614400,-0.00000000,0.02918000,-0.03765000,-0.05213184,0.12073600,-0.03608000,-0.10510000,-0.02519184,-0.00000000,-0.03576000,-0.08408000,0.10332816,-0.01650900,0.01820000,-0.01976000,0.19272816,-0.26390000,0.59547000,0.03920000,0.00000000
1345602886.40599990,-0.08254500,0.45431250,-0.27113000,-0.60614400,-0.00000000,0.02918000,-0.03765000,-0.05213184,0.12073600,-0.03608000,-0.10510000,-0.02519184,-0.00000000,-0.03576000,-0.08408000,0.10332816,-0.01650900,0.01820000,-0.01976000,0.19272816,-0.26390000,0.59547000,0.03920000,0.00000000
1345602886.42100000,-0.08254500,0.45431250,-0.27113000,-0.60614400,-0.00000000,0.02918000,-0.03765000,-0.05213184,0.12073600,-0.03608000,-0.10510000,-0.02519184,-0.00000000,-0.03576000,-0.08408000,0.10332816,-0.01650900,0.01820000,-0.01976000,0.19272816,-0.26390000,0.59547000,0.03920000,0.00000000
1345602886.43700000,-0.08254500,0.45431250,-0.27113000,-0.60614400,-0.00000000,0.02918000,-0.03765000,-0.05213184,0.12073600,-0.03608000,-0.10510000,-0.02519184,-0.00000000,-0.03576000,-0.08408000,0.10332816,-0.01650900,0.01820000,-0.01976000,0.19272816,-0.26390000,0.59547000,0.03920000,0.00000000
1345602886.45300010,-0.08254500,0.45431250,-0.27113000,-0.60614400,-0.00000000,0.02918000,-0.03765000,-0.05213184,0.12073600,-0.03608000,-0.10510000,-0.02519184,-0.00000000,-0.03576000,-0.08408000,0.10332816,-0.01650900,0.01820000,-0.01976000,0.19272816,-0.26390000,0.59547000,0.03920000,0.00000000
1345602886.46799990,-0.08254500,0.45431250,-0.27113000,-0.60614400,-0.00000000,0.02918000,-0.03765000,-0.05213184,0.12073600,-0.03608000,-0.10510000,-0.02519184,-0.00000000,-0.03576000,-0.08408000,0.10332816,-0.01650900,0.01820000,-0.01976000,0.19272816,-0.26390000,0.59547000,0.03920000,0.00000000
