21796.00000000,NaN,NaN,NaN,NaN,NaN,NaN,0.00000000
21797.00000000,NaN,NaN,NaN,NaN,NaN,NaN,0.00000000
21798.00000000,NaN,NaN,NaN,NaN,NaN,NaN,0.00000000
21799.00000000,NaN,NaN,NaN,NaN,NaN,NaN,0.00000000
21800.00000000,NaN,NaN,NaN,NaN,NaN,NaN,0.00000000
21801.00000000,-9.17820358,-7.67206287,18.01109314,-11.84456730,-4.34420776,10.32335281,0.00000000
21802.00000000,-9.21447086,-7.66888809,17.99150658,-11.87866783,-4.34266949,10.29803562,0.00000000
21803.00000000,-9.26811028,-7.65354681,17.99416542,-11.88870907,-4.31838751,10.26792431,0.00000000
21804.00000000,-9.28162575,-7.62136316,17.98094749,-11.90125942,-4.29263544,10.24845123,0.00000000
21805.00000000,-9.27151299,-7.58113575,17.96883774,-11.93143845,-4.26255894,10.25269508,0.00000000
21806.00000000,-9.28924084,-7.54114103,17.98512077,-11.95271111,-4.23367023,10.26744652,0.00000000
21807.00000000,-9.29917049,-7.49930668,18.00926971,-11.95010662,-4.20628977,10.26815701,0.00000000
21808.00000000,-9.28384399,-7.45547485,18.02397346,-11.92436600,-4.18417168,10.26663494,0.00000000
21809.00000000,-9.26522923,-7.42217064,18.05160141,-11.92988491,-4.16583920,10.29793262,0.00000000
21810.00000000,-9.21439552,-7.39247370,18.06283188,-11.92634201,-4.15754461,10.33075047,0.00000000
21811.00000000,-9.17179775,-7.37968111,18.08458710,-11.89253139,-4.15784121,10.35450745,0.00000000
21812.00000000,-9.14017868,-7.37615347,18.11800575,-11.86353111,-4.16245937,10.37718296,0.00000000
21813.00000000,-9.09341049,-7.37727928,18.14566612,-11.84167767,-4.17525482,10.40926266,0.00000000
21814.00000000,-9.05393887,-7.38357258,18.16836739,-11.80945492,-4.18852377,10.43198013,0.00000000
21815.00000000,-9.00239754,-7.39170122,18.18425179,-11.80525589,-4.20699310,10.48016357,0.00000000
21816.00000000,-8.97786522,-7.40127087,18.21904182,-11.79210472,-4.21984482,10.51380634,0.00000000
21817.00000000,-8.93724823,-7.41988707,18.23335266,-11.76061726,-4.23624468,10.53183270,0.00000000
21818.00000000,-8.91487885,-7.43481445,18.25309372,-11.73338127,-4.25507927,10.54564381,0.00000000
21819.00000000,-8.89528465,-7.44705582,18.26390839,-11.71766186,-4.27097940,10.55021000,0.00000000
21820.00000000,-8.88040257,-7.45915890,18.26468086,-11.71865177,-4.28721142,10.56625080,0.00000000
21821.00000000,-8.90420818,-7.46912575,18.28402138,-11.71767616,-4.29754782,10.57421303,0.00000000
21822.00000000,-8.89565945,-7.47689104,18.27486420,-11.73778725,-4.30384254,10.58024693,0.00000000
21823.00000000,-8.91443157,-7.48848248,18.27312088,-11.73569965,-4.31482077,10.56126118,0.00000000
21824.00000000,-8.93869877,-7.49941397,18.25910187,-11.75533104,-4.32030010,10.55690479,0.00000000
21825.00000000,-8.97733498,-7.50718880,18.24452972,-11.78003502,-4.32185268,10.53809929,0.00000000
21826.00000000,-9.01635838,-7.51555681,18.23134232,-11.80727863,-4.31949234,10.52052498,0.00000000
21827.00000000,-9.06571388,-7.52080059,18.21528244,-11.82939911,-4.31961918,10.49886036,0.00000000
21828.00000000,-9.08919811,-7.51617861,18.18139076,-11.84381962,-4.31325674,10.46136379,0.00000000
21829.00000000,-9.13436794,-7.51253223,18.15858269,-11.88098717,-4.30598402,10.43235588,0.00000000
21830.00000000,-9.18908215,-7.50065947,18.13932228,-11.91015053,-4.29371881,10.40417671,0.00000000
21831.00000000,-9.23189354,-7.47914696,18.11356735,-11.94163704,-4.27839804,10.37758064,0.00000000
21832.00000000,-9.27751160,-7.45698214,18.08893776,-11.98551369,-4.25953054,10.34963799,0.00000000
21833.00000000,-9.35051250,-7.43099594,18.07999039,-12.02303410,-4.23700905,10.31656742,0.00000000
21834.00000000,-9.40690994,-7.39776230,18.06591034,-12.04931641,-4.21025229,10.27887344,0.00000000
21835.00000000,-9.45726299,-7.36242914,18.04705620,-12.04683018,-4.18211031,10.22714615,0.00000000
21836.00000000,-9.49617004,-7.32611752,18.02923203,-12.07412910,-4.15292406,10.19871616,0.00000000
21837.00000000,-9.52307892,-7.28910208,18.01093292,-12.10978794,-4.12919140,10.18380070,0.00000000
21838.00000000,-9.56355476,-7.25124645,18.00521851,-12.13193703,-4.10129881,10.16285992,0.00000000
21839.00000000,-9.60277462,-7.21355438,17.99866676,-12.16066360,-4.07259130,10.15365124,0.00000000
21840.00000000,-9.62981033,-7.17804861,18.00204277,-12.17844772,-4.05611420,10.13548946,0.00000000
21841.00000000,-9.65992165,-7.14354897,18.01211548,-12.19280434,-4.02956057,10.12504673,0.00000000
21842.00000000,-9.67426968,-7.10745287,18.00865364,-12.19720936,-4.01081562,10.11441040,0.00000000
21843.00000000,-9.66085911,-7.07301474,17.98751450,-12.20092201,-3.99056482,10.10344410,0.00000000
21844.00000000,-9.65900326,-7.04734898,17.98759460,-12.20575905,-3.97200823,10.10040283,0.00000000
21845.00000000,-9.66851807,-7.02311373,17.99814796,-12.17822552,-3.96389151,10.08308792,0.00000000
21846.00000000,-9.67173481,-7.00132179,18.00623512,-12.18712616,-3.95614672,10.08572388,0.00000000
21847.00000000,-9.65360546,-6.98306799,18.00731850,-12.20416069,-3.94958568,10.09646320,0.00000000
21848.00000000,-9.65484715,-6.97378397,18.02039909,-12.19649792,-3.94751072,10.10039711,0.00000000
21849.00000000,-9.63362408,-6.95727777,18.01752090,-12.17458534,-3.94077492,10.09944725,0.00000000
21850.00000000,-9.61920834,-6.94178677,18.02608871,-12.17778969,-3.93762040,10.10666084,0.00000000
21851.00000000,-9.60401726,-6.93247700,18.03710938,-12.18361664,-3.93830037,10.12820721,0.00000000
21852.00000000,-9.59247494,-6.92515659,18.04992485,-12.17325020,-3.93428016,10.13877678,0.00000000
21853.00000000,-9.59378815,-6.91483831,18.06883812,-12.14521694,-3.93009830,10.13054562,0.00000000
21854.00000000,-9.56004238,-6.91103315,18.06679344,-12.15462017,-3.93200588,10.14932251,0.00000000
21855.00000000,-9.54765224,-6.91271162,18.07533455,-12.14742184,-3.93755198,10.15641117,0.00000000
21856.00000000,-9.53356647,-6.92039442,18.07051468,-12.13225269,-3.94664073,10.15610313,0.00000000
21857.00000000,-9.51418304,-6.93231630,18.06476402,-12.11909199,-3.95962691,10.15661335,0.00000000
21858.00000000,-9.51925373,-6.94503260,18.07822990,-12.12095070,-3.97713399,10.16491795,0.00000000
21859.00000000,-9.48003674,-6.95758438,18.06274223,-12.11314964,-3.99036598,10.16953278,0.00000000
21860.00000000,-9.49139881,-6.97270441,18.08340836,-12.11082458,-4.00262642,10.17518997,0.00000000
21861.00000000,-9.46951580,-6.98034573,18.08518600,-12.09106350,-4.00543451,10.17939758,0.00000000
21862.00000000,-9.47659969,-6.97929144,18.10399246,-12.09610939,-4.00946093,10.19334030,0.00000000
21863.00000000,-9.46872807,-6.98255920,18.10750198,-12.09941769,-4.00646353,10.20843220,0.00000000
21864.00000000,-9.47369289,-6.97019482,18.11643600,-12.09596348,-4.00383043,10.21293163,0.00000000
21865.00000000,-9.49298191,-6.95957518,18.12299347,-12.09469604,-4.00033998,10.20656204,0.00000000
21866.00000000,-9.50506687,-6.94508791,18.12024689,-12.10972023,-3.98871541,10.21107388,0.00000000
21867.00000000,-9.52237797,-6.93216515,18.11658287,-12.13355446,-3.97229385,10.20818710,0.00000000
21868.00000000,-9.54583168,-6.91270208,18.11091614,-12.13780880,-3.96230698,10.18819332,0.00000000
21869.00000000,-9.57110214,-6.90466690,18.09696198,-12.15709305,-3.94947433,10.17592716,0.00000000
21870.00000000,-9.59546471,-6.89329863,18.08656883,-12.16344929,-3.93830895,10.15483379,0.00000000
21871.00000000,-9.66334152,-6.88340998,18.09807587,-12.20099449,-3.92524552,10.14955139,0.00000000
21872.00000000,-9.67032623,-6.87362719,18.07154083,-12.20083523,-3.91776586,10.12443161,0.00000000
21873.00000000,-9.70958996,-6.86737394,18.05511665,-12.23434067,-3.90657163,10.10634518,0.00000000
21874.00000000,-9.77998352,-6.86119556,18.05873680,-12.24854088,-3.89127159,10.08375168,0.00000000
21875.00000000,-9.80533791,-6.85221672,18.03366852,-12.29045010,-3.88338733,10.06751251,0.00000000
21876.00000000,-9.84651470,-6.84635353,18.01048470,-12.31245232,-3.87536764,10.03764153,0.00000000
21877.00000000,-9.88978481,-6.83768702,17.98708725,-12.33939457,-3.86160684,10.01289654,0.00000000
21878.00000000,-9.92774963,-6.82560539,17.95941734,-12.36673641,-3.84974670,9.98865700,0.00000000
21879.00000000,-9.98278522,-6.81666613,17.94438744,-12.39096642,-3.83611059,9.95969391,0.00000000
21880.00000000,-10.01414871,-6.80780792,17.91404152,-12.40144730,-3.82364798,9.92173195,0.00000000
21881.00000000,-10.05258560,-6.79878187,17.90023041,-12.43117809,-3.81427860,9.90210533,0.00000000
21882.00000000,-10.10560513,-6.79331875,17.88960648,-12.44434738,-3.80358863,9.87412548,0.00000000
21883.00000000,-10.12840843,-6.78403807,17.86409569,-12.47907925,-3.79506946,9.86440563,0.00000000
21884.00000000,-10.17658043,-6.77837610,17.85902977,-12.49327374,-3.78654575,9.84339809,0.00000000
21885.00000000,-10.20342636,-6.77334690,17.84535599,-12.51993656,-3.77858758,9.83228111,0.00000000
21886.00000000,-10.21531773,-6.76723528,17.81504250,-12.53751469,-3.76732492,9.80336475,0.00000000
21887.00000000,-10.26206017,-6.76120949,17.80952644,-12.56177330,-3.75900507,9.79151630,0.00000000
21888.00000000,-10.28396034,-6.75267553,17.79822731,-12.57954025,-3.75487280,9.77628136,0.00000000
21889.00000000,-10.31496048,-6.74646664,17.78746796,-12.61607075,-3.74932361,9.77266502,0.00000000
21890.00000000,-10.34129620,-6.74518776,17.78071404,-12.60757446,-3.74229455,9.74558640,0.00000000
21891.00000000,-10.35999775,-6.74442768,17.77136612,-12.61221886,-3.73663235,9.73325443,0.00000000
21892.00000000,-10.35159111,-6.74907112,17.76295090,-12.61718082,-3.73653913,9.72676563,0.00000000
21893.00000000,-10.37348557,-6.75535440,17.77201080,-12.63120461,-3.73806739,9.73643589,0.00000000
21894.00000000,-10.34874630,-6.76610613,17.75087547,-12.61465263,-3.74884653,9.71956253,0.00000000
21895.00000000,-10.34656906,-6.77462864,17.76066208,-12.61190128,-3.75813770,9.72633934,0.00000000
21896.00000000,-10.34936714,-6.78687668,17.76909828,-12.60706711,-3.76570010,9.73260975,0.00000000
21897.00000000,-10.34340668,-6.80263186,17.77065086,-12.59096622,-3.77394462,9.73054409,0.00000000
21898.00000000,-10.33556080,-6.81535482,17.77473259,-12.58942890,-3.77910471,9.73678017,0.00000000
21899.00000000,-10.31074810,-6.82447958,17.76674843,-12.57849312,-3.78878021,9.74019241,0.00000000
21900.00000000,-10.30010033,-6.83736372,17.76606750,-12.58007240,-3.79678035,9.74699306,0.00000000
21901.00000000,-10.26514530,-6.85125399,17.76043892,-12.57052898,-3.80647540,9.75575066,0.00000000
21902.00000000,-10.27384567,-6.87165785,17.78293419,-12.57123184,-3.82063508,9.77401161,0.00000000
21903.00000000,-10.25497341,-6.88682413,17.78214073,-12.55081177,-3.83391500,9.78185558,0.00000000
21904.00000000,-10.22293568,-6.89911985,17.78374863,-12.55617905,-3.84274650,9.80354118,0.00000000
21905.00000000,-10.19819641,-6.90915298,17.78472328,-12.55676651,-3.85174847,9.82251644,0.00000000
21906.00000000,-10.18434715,-6.91815042,17.79549789,-12.51415157,-3.86348820,9.81255150,0.00000000
21907.00000000,-10.17262554,-6.93100405,17.80502701,-12.48672485,-3.87148452,9.81118774,0.00000000
21908.00000000,-10.18007088,-6.93968439,17.82187080,-12.48654175,-3.88012791,9.82914352,0.00000000
21909.00000000,-10.15229225,-6.94407988,17.81796837,-12.49603748,-3.88654566,9.84215832,0.00000000
21910.00000000,-10.14284611,-6.94560385,17.82144165,-12.48450375,-3.88927650,9.84446239,0.00000000
21911.00000000,-10.13486481,-6.94832373,17.83366966,-12.48587990,-3.89264345,9.85909462,0.00000000
21912.00000000,-10.13214016,-6.95415020,17.85140038,-12.46998024,-3.89196038,9.85710144,0.00000000
21913.00000000,-10.10000229,-6.95186663,17.83760071,-12.47435379,-3.89955831,9.87497902,0.00000000
21914.00000000,-10.08077049,-6.95660210,17.84028816,-12.46263885,-3.90370607,9.87677383,0.00000000
21915.00000000,-10.07809639,-6.96114206,17.85692978,-12.44784737,-3.90778899,9.87876797,0.00000000
21916.00000000,-10.06499195,-6.95837259,17.86728477,-12.43685341,-3.90618324,9.89292812,0.00000000
21917.00000000,-10.05070400,-6.95872307,17.87418556,-12.43146896,-3.90835261,9.90705395,0.00000000
21918.00000000,-10.04375744,-6.95439768,17.88904381,-12.41920662,-3.90774012,9.91405773,0.00000000
21919.00000000,-10.02273941,-6.94814110,17.89036560,-12.41286182,-3.91077924,9.92337513,0.00000000
21920.00000000,-10.01303673,-6.94669580,17.90122604,-12.41783905,-3.91115069,9.93742466,0.00000000
21921.00000000,-9.98712158,-6.94265509,17.89549255,-12.38743496,-3.90991926,9.92367077,0.00000000
21922.00000000,-9.98864651,-6.93649483,17.90258598,-12.38409519,-3.90294003,9.92651367,0.00000000
21923.00000000,-10.00225544,-6.93033457,17.91298103,-12.39139748,-3.90176463,9.93206120,0.00000000
21924.00000000,-10.02219200,-6.92775679,17.92745209,-12.40120220,-3.89744639,9.93553352,0.00000000
21925.00000000,-9.99160385,-6.92052555,17.90882492,-12.41670418,-3.89094806,9.95003128,0.00000000
21926.00000000,-9.98204803,-6.91366720,17.90223694,-12.39290810,-3.88894415,9.93064690,0.00000000
21927.00000000,-9.99792099,-6.90435553,17.91542435,-12.40128231,-3.88339925,9.93669415,0.00000000
21928.00000000,-9.98802376,-6.89926720,17.91449928,-12.40686321,-3.87676191,9.94137383,0.00000000
21929.00000000,-9.99609375,-6.89382410,17.91189384,-12.40565777,-3.87583423,9.94384575,0.00000000
21930.00000000,-9.98482037,-6.88647270,17.90617371,-12.39212036,-3.86968017,9.93327618,0.00000000
21931.00000000,-10.00543499,-6.88779116,17.92483711,-12.40030956,-3.86501503,9.93629551,0.00000000
21932.00000000,-9.98966694,-6.88874054,17.90851784,-12.39255142,-3.86220694,9.93349361,0.00000000
21933.00000000,-9.98909855,-6.88942003,17.90222931,-12.40096855,-3.86756206,9.93180752,0.00000000
21934.00000000,-9.99950027,-6.89306259,17.90890121,-12.41229439,-3.86643791,9.94043732,0.00000000
21935.00000000,-9.99331474,-6.90206718,17.90231705,-12.39942074,-3.86947203,9.93579292,0.00000000
21936.00000000,-10.00469208,-6.90729141,17.90397835,-12.40875053,-3.87148738,9.94255447,0.00000000
21937.00000000,-9.98595333,-6.91814184,17.89815903,-12.39466381,-3.87673712,9.93052864,0.00000000
21938.00000000,-9.98797512,-6.93231153,17.89362717,-12.39212704,-3.88847923,9.92155933,0.00000000
21939.00000000,-9.97977352,-6.94504070,17.89583969,-12.39793873,-3.89495850,9.93449020,0.00000000
21940.00000000,-9.97252655,-6.95554733,17.89820480,-12.40319347,-3.90447426,9.95118237,0.00000000
21941.00000000,-9.97861862,-6.96738720,17.90972519,-12.39170742,-3.91492295,9.95119667,0.00000000
21942.00000000,-9.96265125,-6.97107649,17.91560555,-12.38288498,-3.91914010,9.95720387,0.00000000
21943.00000000,-9.94619751,-6.97940540,17.91798973,-12.35466385,-3.92502809,9.95355892,0.00000000
21944.00000000,-9.95656109,-6.97896290,17.94752312,-12.36085415,-3.92318416,9.97498989,0.00000000
21945.00000000,-9.93061543,-6.97970438,17.93884850,-12.35267162,-3.92494774,9.98106575,0.00000000
21946.00000000,-9.88852215,-6.97277212,17.93852997,-12.33968258,-3.92777276,9.98881626,0.00000000
21947.00000000,-9.89846420,-6.97356510,17.95408440,-12.33253956,-3.93204093,10.00401211,0.00000000
21948.00000000,-9.87543583,-6.97527170,17.96417999,-12.34061813,-3.93038726,10.02242851,0.00000000
21949.00000000,-9.85719872,-6.97351360,17.97172546,-12.31309414,-3.93158150,10.02042007,0.00000000
21950.00000000,-9.84784317,-6.96700907,17.98235321,-12.33122253,-3.93085170,10.04722214,0.00000000
21951.00000000,-9.85173225,-6.95924807,18.00623322,-12.32115841,-3.93053365,10.05721283,0.00000000
21952.00000000,-9.82717609,-6.95628643,18.00579834,-12.30713177,-3.92622113,10.06179619,0.00000000
21953.00000000,-9.82025433,-6.94978809,18.01528740,-12.28181934,-3.92578363,10.05372810,0.00000000
21954.00000000,-9.80481148,-6.94428205,18.02058411,-12.29479599,-3.92683458,10.07692909,0.00000000
21955.00000000,-9.80055237,-6.93829250,18.02770424,-12.28071880,-3.91900682,10.07936287,0.00000000
21956.00000000,-9.78440189,-6.92606974,18.02654839,-12.28714943,-3.91231513,10.09267521,0.00000000
21957.00000000,-9.78200245,-6.92112160,18.03063393,-12.29576874,-3.90712690,10.10115051,0.00000000
21958.00000000,-9.78388882,-6.91822815,18.02789688,-12.27847004,-3.90234280,10.09383965,0.00000000
21959.00000000,-9.79047298,-6.91825724,18.03141594,-12.29316998,-3.90007138,10.09995747,0.00000000
21960.00000000,-9.79119968,-6.92917347,18.02679634,-12.29809666,-3.90482545,10.09970856,0.00000000
21961.00000000,-9.79353714,-6.93921995,18.01723289,-12.27199554,-3.90871596,10.07659531,0.00000000
21962.00000000,-9.80727768,-6.95656347,18.01975441,-12.29964924,-3.91203642,10.08344460,0.00000000
21963.00000000,-9.78940201,-6.97289562,17.99777031,-12.30587387,-3.92380595,10.08880520,0.00000000
21964.00000000,-9.80733681,-6.99005699,18.00598335,-12.29668808,-3.93146515,10.08232498,0.00000000
21965.00000000,-9.80844498,-7.00269461,17.99972343,-12.29298878,-3.94116592,10.07032299,0.00000000
21966.00000000,-9.82633877,-7.01542759,18.00216675,-12.28368378,-3.94631314,10.06063080,0.00000000
21967.00000000,-9.82964611,-7.02224159,17.99942780,-12.30992126,-3.94919944,10.07547569,0.00000000
21968.00000000,-9.82844925,-7.02563763,17.98641968,-12.32577324,-3.95134425,10.08221054,0.00000000
21969.00000000,-9.81758404,-7.02466536,17.98042488,-12.31660748,-3.94655371,10.07280827,0.00000000
21970.00000000,-9.84677410,-7.01904249,17.98753357,-12.30781460,-3.94132328,10.06013298,0.00000000
21971.00000000,-9.86180496,-7.00787497,17.99225998,-12.31494236,-3.94040298,10.05422401,0.00000000
21972.00000000,-9.85386658,-7.00067472,17.97809219,-12.31405449,-3.92866182,10.04640484,0.00000000
21973.00000000,-9.86536026,-6.99199438,17.98407555,-12.34392357,-3.92008853,10.06692028,0.00000000
21974.00000000,-9.84707069,-6.98179245,17.96565056,-12.33798790,-3.91436720,10.05931759,0.00000000
21975.00000000,-9.87299252,-6.97200727,17.98731232,-12.34108257,-3.90661073,10.05981541,0.00000000
21976.00000000,-9.88403130,-6.96166420,17.99765396,-12.31772327,-3.89524245,10.04154873,0.00000000
21977.00000000,-9.88220978,-6.95048904,17.99563980,-12.35166550,-3.88767242,10.06643295,0.00000000
21978.00000000,-9.88343525,-6.93910217,17.99239731,-12.33911419,-3.88201213,10.05828762,0.00000000
21979.00000000,-9.90062141,-6.93127918,18.00469208,-12.33208561,-3.87760878,10.04830360,0.00000000
21980.00000000,-9.86754990,-6.92637825,17.98451424,-12.33719158,-3.87944221,10.04907799,0.00000000
21981.00000000,-9.89270401,-6.92137575,18.00248718,-12.32863522,-3.87724853,10.04485321,0.00000000
21982.00000000,-9.88506985,-6.91491175,17.99831390,-12.32168674,-3.87305140,10.04021263,0.00000000
21983.00000000,-9.87072945,-6.91168356,17.99277496,-12.32306290,-3.87086558,10.04505825,0.00000000
21984.00000000,-9.87072659,-6.90124655,17.99812508,-12.32388306,-3.86625576,10.04828739,0.00000000
21985.00000000,-9.87652588,-6.89501762,18.01184273,-12.32399940,-3.86637878,10.05025387,0.00000000
21986.00000000,-9.84002495,-6.88817596,17.99604416,-12.32879734,-3.86378026,10.05941677,0.00000000
21987.00000000,-9.84522247,-6.88263321,18.00206947,-12.32813168,-3.86221075,10.06603432,0.00000000
21988.00000000,-9.86003780,-6.87823057,18.02242470,-12.31095409,-3.86177659,10.06507206,0.00000000
21989.00000000,-9.85338783,-6.87597561,18.02842331,-12.30669117,-3.85730100,10.06324577,0.00000000
21990.00000000,-9.83161163,-6.86952639,18.01655769,-12.31065655,-3.85834074,10.07371330,0.00000000
21991.00000000,-9.84673595,-6.86010265,18.03050041,-12.30194473,-3.85298228,10.06273079,0.00000000
21992.00000000,-9.85526752,-6.85282087,18.03964424,-12.30353260,-3.85171032,10.06670475,0.00000000
21993.00000000,-9.84492111,-6.84284306,18.02828407,-12.31086731,-3.84677124,10.07217312,0.00000000
21994.00000000,-9.83919621,-6.83929300,18.02448463,-12.32918644,-3.84439230,10.08513260,0.00000000
21995.00000000,-9.84594727,-6.83012390,18.03107262,-12.32626343,-3.84422183,10.07951641,0.00000000
21996.00000000,-9.84885979,-6.82125282,18.03346062,-12.31245613,-3.83927393,10.06863308,0.00000000
21997.00000000,-9.85793400,-6.81315327,18.04711723,-12.30803299,-3.83219099,10.07289028,0.00000000
21998.00000000,-9.84169960,-6.80917645,18.03730583,-12.31882286,-3.83150578,10.08254051,0.00000000
21999.00000000,-9.82663441,-6.80898285,18.02925110,-12.30959606,-3.83034873,10.07659912,0.00000000
22000.00000000,-9.83828068,-6.80766535,18.04420090,-12.31252289,-3.82583690,10.07859802,0.00000000
22001.00000000,-9.83364868,-6.80668783,18.03948021,-12.30926418,-3.82587337,10.07804489,0.00000000
22002.00000000,-9.82744217,-6.80663443,18.03558540,-12.32449436,-3.82658339,10.08651352,0.00000000
22003.00000000,-9.83977890,-6.80918884,18.04330635,-12.32171345,-3.83022070,10.08209896,5.00000000
22004.00000000,-9.83977127,-6.80523825,18.03742790,-12.29692936,-3.83107519,10.06807995,0.00000000
22005.00000000,-9.83342648,-6.79822016,18.03185844,-12.30228424,-3.82620859,10.06604576,0.00000000
22006.00000000,-9.84261036,-6.79512596,18.04191017,-12.31088924,-3.82818818,10.06614685,0.00000000
22007.00000000,-9.84047890,-6.78759766,18.04091835,-12.30756855,-3.82529521,10.06746197,0.00000000
22008.00000000,-9.84516525,-6.78533030,18.04582405,-12.30456543,-3.81942487,10.06548500,0.00000000
22009.00000000,-9.84784889,-6.77678061,18.05672264,-12.32313442,-3.81453013,10.08518028,0.00000000
22010.00000000,-9.85246849,-6.75897980,18.06609344,-12.30047989,-3.80596876,10.07593346,0.00000000
22011.00000000,-9.84363174,-6.74912405,18.06239700,-12.30791664,-3.79626346,10.08238697,0.00000000
22012.00000000,-9.83066177,-6.73996735,18.05982780,-12.30742931,-3.78972197,10.08286095,0.00000000
22013.00000000,-9.84230423,-6.73420095,18.06011200,-12.28631306,-3.78543663,10.06869793,0.00000000
22014.00000000,-9.83860683,-6.72446680,18.05469894,-12.30427647,-3.77664804,10.07302380,0.00000000
22015.00000000,-9.84964657,-6.72123766,18.04602432,-12.31506729,-3.77084041,10.07137489,0.00000000
22016.00000000,-9.87253761,-6.71522570,18.05533409,-12.31764984,-3.76870155,10.06241894,0.00000000
22017.00000000,-9.85805607,-6.71268129,18.02759171,-12.32989883,-3.76089406,10.05660057,0.00000000
22018.00000000,-9.87771797,-6.71048975,18.03044701,-12.32472420,-3.75973344,10.04154205,0.00000000
22019.00000000,-9.89996052,-6.71201134,18.02382088,-12.34534740,-3.76026201,10.03789139,0.00000000
22020.00000000,-9.91036701,-6.71724939,18.01968193,-12.35964394,-3.76058841,10.03830338,0.00000000
22021.00000000,-9.92996979,-6.72476435,18.02104568,-12.36478329,-3.75851297,10.03459358,0.00000000
22022.00000000,-9.92913914,-6.72908163,18.01053619,-12.37361145,-3.75722241,10.03234959,0.00000000
22023.00000000,-9.95475197,-6.73174381,18.01846313,-12.37192726,-3.75998640,10.02842617,0.00000000
22024.00000000,-9.91459179,-6.73867893,17.98404312,-12.38487434,-3.76127982,10.03472710,0.00000000
22025.00000000,-9.92422485,-6.74096775,17.98280144,-12.37894058,-3.75861955,10.02609730,0.00000000
22026.00000000,-9.95174885,-6.74836397,17.99460793,-12.35562134,-3.76570487,10.00344372,0.00000000
22027.00000000,-9.94763660,-6.75075245,17.98782349,-12.37423706,-3.76987672,10.00673199,0.00000000
22028.00000000,-9.95690155,-6.75474787,17.99523926,-12.39406681,-3.77278638,10.01878166,0.00000000
22029.00000000,-9.93670750,-6.75615501,17.97219276,-12.37785149,-3.76957035,10.00513363,0.00000000
22030.00000000,-9.95329952,-6.76038313,17.98274422,-12.37308216,-3.76673675,10.00194740,0.00000000
22031.00000000,-9.97433090,-6.76682568,17.99938774,-12.38118744,-3.76395559,10.00716400,0.00000000
22032.00000000,-9.96434593,-6.76460266,17.99323463,-12.37374496,-3.76792526,10.00641537,0.00000000
22033.00000000,-9.94742966,-6.76437855,17.98406792,-12.38634586,-3.77206659,10.01939201,0.00000000
22034.00000000,-9.94414330,-6.76229239,17.98377037,-12.38298512,-3.76807666,10.01904964,0.00000000
22035.00000000,-9.95827103,-6.76215172,17.99333763,-12.37400913,-3.76654077,10.01264954,0.00000000
22036.00000000,-9.95177555,-6.75879622,17.98663521,-12.36915398,-3.76454592,10.00587273,0.00000000
22037.00000000,-9.95751190,-6.75610209,17.99023628,-12.39819145,-3.76095700,10.02314949,0.00000000
22038.00000000,-9.96631241,-6.75364685,17.98922729,-12.37985897,-3.75865889,10.01323509,0.00000000
22039.00000000,-9.96048450,-6.75876093,17.98228264,-12.37380123,-3.75596762,10.00301075,0.00000000
22040.00000000,-9.96324730,-6.76011944,17.98625374,-12.37923527,-3.76350999,10.00333595,0.00000000
22041.00000000,-9.94080830,-6.76838493,17.97107315,-12.38740921,-3.77034235,10.01193047,0.00000000
22042.00000000,-9.94767380,-6.77079630,17.97124863,-12.39602661,-3.77232242,10.02010250,0.00000000
22043.00000000,-9.94157410,-6.78214121,17.97751236,-12.38138008,-3.77534604,10.01086617,0.00000000
22044.00000000,-9.96149445,-6.78156376,17.98706055,-12.37484741,-3.78011513,10.00492954,0.00000000
22045.00000000,-9.96428013,-6.78845835,17.98497772,-12.36825180,-3.78289342,10.00261784,0.00000000
22046.00000000,-9.96432972,-6.79148006,17.97946167,-12.37622643,-3.78444362,10.00179482,0.00000000
22047.00000000,-9.99194527,-6.79306221,17.99601936,-12.39167213,-3.77958632,10.00704765,0.00000000
22048.00000000,-10.00288773,-6.78844595,17.98251534,-12.40282345,-3.77883840,10.00384140,0.00000000
22049.00000000,-10.01831627,-6.78250599,17.97202110,-12.41704464,-3.77355099,9.99756718,0.00000000
22050.00000000,-10.03151131,-6.77139997,17.95869064,-12.43393612,-3.76465273,9.99260998,0.00000000
22051.00000000,-10.05574799,-6.76384974,17.94856644,-12.43673134,-3.75162077,9.97027016,0.00000000
22052.00000000,-10.08255577,-6.75677204,17.93588829,-12.45122051,-3.74066210,9.95111656,0.00000000
22053.00000000,-10.11741447,-6.75362539,17.92604828,-12.47576332,-3.73538208,9.93805122,0.00000000
22054.00000000,-10.14606857,-6.74683571,17.90932655,-12.47639275,-3.72500467,9.90907097,0.00000000
22055.00000000,-10.17086315,-6.74067259,17.88952065,-12.49236870,-3.71500564,9.88725662,0.00000000
22056.00000000,-10.22617531,-6.74088621,17.88340569,-12.51421928,-3.70832586,9.86823463,0.00000000
22057.00000000,-10.25229740,-6.73883295,17.84737587,-12.56326103,-3.70459723,9.85185337,0.00000000
22058.00000000,-10.29917526,-6.74792719,17.82626534,-12.59656906,-3.70284534,9.83143044,0.00000000
22059.00000000,-10.35475063,-6.75852966,17.79664230,-12.60639954,-3.70645976,9.78661919,0.00000000
22060.00000000,-10.40416622,-6.77810717,17.76773453,-12.63001919,-3.71671486,9.73931694,0.00000000
22061.00000000,-10.47729111,-6.80735779,17.75648880,-12.66810608,-3.73314190,9.72135067,0.00000000
22062.00000000,-10.54058075,-6.83200264,17.77060509,-12.70866871,-3.74250221,9.73117542,0.00000000
22063.00000000,-10.59804916,-6.86444235,17.77826118,-12.74350357,-3.77044797,9.73475075,0.00000000
22064.00000000,-10.66552258,-6.87288618,17.79730606,-12.74116039,-3.79602981,9.71158123,0.00000000
22065.00000000,-10.78790665,-6.84998512,17.84687996,-12.78084469,-3.81260610,9.70590115,0.00000000
22066.00000000,-10.96635246,-6.76749516,17.92721367,-12.83510971,-3.80476379,9.70238876,0.00000000
22067.00000000,-11.21340275,-6.61257219,18.03887558,-12.89387703,-3.76560259,9.68297768,0.00000000
22068.00000000,-11.58376789,-6.37851191,18.26959610,-13.01632881,-3.68099546,9.73770428,0.00000000
22069.00000000,-12.07532597,-6.03511858,18.71380424,-13.27466488,-3.53711009,10.00212193,0.00000000
22070.00000000,-12.99196434,-5.67451096,19.73363686,-14.29840660,-3.35600543,11.00489712,0.00000000
22071.00000000,-15.49802399,-5.34124136,22.04946899,-17.17966080,-3.07480025,13.43668652,0.00000000
22072.00000000,-18.95479393,-4.78891897,25.52980614,-21.17063522,-2.47193170,17.13955307,0.00000000
22073.00000000,-22.17747116,-3.81020093,29.49019051,-24.73017502,-1.35802829,21.31395149,0.00000000
22074.00000000,-25.02678299,-2.58034825,33.44728851,-27.79737473,0.00387581,25.44120026,0.00000000
22075.00000000,-27.97902298,-1.33086872,37.28386307,-30.84593010,1.32389545,29.38105392,0.00000000
22076.00000000,-30.97492981,0.06484202,41.21086121,-34.00149155,2.77034998,33.43454742,0.00000000
22077.00000000,-33.99002075,1.70585942,45.39006805,-37.21680069,4.46179295,37.75378036,0.00000000
22078.00000000,-37.15486908,3.52550054,49.74914932,-40.50285339,6.34837389,42.21091843,0.00000000
22079.00000000,-40.49463654,5.49528551,54.19017792,-43.89286423,8.39038467,46.71202087,0.00000000
22080.00000000,-43.91277313,7.67176151,58.76153946,-47.37833786,10.62483788,51.33394623,0.00000000
22081.00000000,-47.38158417,10.10333443,63.49065018,-50.91247940,13.10823345,56.12095261,0.00000000
22082.00000000,-50.90557861,12.76042080,68.32910156,-54.50051880,15.82384682,61.01691437,0.00000000
22083.00000000,-54.49111938,15.61364746,73.17929077,-58.14236450,18.73257637,65.92334747,0.00000000
22084.00000000,-58.16276550,18.65041161,78.00106812,-61.88972855,21.82362366,70.81592560,0.00000000
22085.00000000,-61.91403198,21.88432693,82.80255890,-65.70054626,25.10690689,75.67009735,0.00000000
22086.00000000,-65.67391968,25.33089638,87.55019379,-69.55356598,28.58657074,80.48603821,0.00000000
22087.00000000,-69.46372223,28.99656868,92.26135254,-73.44235992,32.28580475,85.27745819,0.00000000
22088.00000000,-73.24124908,32.87611008,96.92533112,-77.28343964,36.19886017,89.99617767,0.00000000
22089.00000000,-76.96754456,36.95881271,101.49896240,-81.09768677,40.32250214,94.65267944,0.00000000
22090.00000000,-80.70677185,41.22815323,106.02792358,-84.86457062,44.63356781,99.22405243,0.00000000
22091.00000000,-84.42909241,45.66153717,110.50512695,-88.62737274,49.11806107,103.75401306,0.00000000
22092.00000000,-88.17021942,50.24568176,114.99482727,-92.38419342,53.75764465,108.27992249,0.00000000
22093.00000000,-91.94943237,54.97509003,119.53291321,-96.14602661,58.55818558,112.84217072,0.00000000
22094.00000000,-95.75514984,59.82559586,124.08310699,-99.97936249,63.49126816,117.45686340,0.00000000
22095.00000000,-99.62493896,64.78775024,128.67222595,-103.84752655,68.53671265,122.09462738,0.00000000
22096.00000000,-103.50803375,69.86832428,133.26046753,-107.75064850,73.70639801,126.75219727,0.00000000
22097.00000000,-107.44293976,75.06029510,137.85115051,-111.67957306,78.99535370,131.39257813,0.00000000
22098.00000000,-111.41945648,80.34894562,142.37742615,-115.66395569,84.38106537,135.98733521,0.00000000
22099.00000000,-115.45089722,85.71919250,146.79449463,-119.70626831,89.84771729,140.47448730,0.00000000
22100.00000000,-119.54785919,91.16256714,151.06294250,-123.82190704,95.38030243,144.81275940,0.00000000
22101.00000000,-123.70593262,96.67739868,155.16284180,-128.02317810,100.98123932,149.00080872,0.00000000
22102.00000000,-127.95379639,102.26847076,159.12030029,-132.26300049,106.64748383,153.00791931,0.00000000
22103.00000000,-132.26290894,107.93115997,162.90487671,-136.56251526,112.38832855,156.83940125,0.00000000
22104.00000000,-136.58546448,113.68289185,166.49812317,-140.86830139,118.21004486,160.47036743,0.00000000
22105.00000000,-140.91709900,119.53027344,169.88555908,-145.23287964,124.11428833,163.93055725,0.00000000
22106.00000000,-145.25265503,125.45525360,173.09031677,-149.57365417,130.09941101,167.17893982,0.00000000
22107.00000000,-149.59632874,131.46243286,176.10369873,-153.92573547,136.15736389,170.23974609,0.00000000
22108.00000000,-153.94165039,137.54283142,178.94442749,-158.25135803,142.28579712,173.10720825,0.00000000
22109.00000000,-158.30789185,143.67541504,181.66276550,-162.60951233,148.47254944,175.86222839,0.00000000
22110.00000000,-162.64685059,149.85757446,184.25366211,-166.95899963,154.70004272,178.49771118,0.00000000
22111.00000000,-167.02876282,156.05505371,186.76899719,-171.32891846,160.95642090,181.04316711,0.00000000
22112.00000000,-171.42567444,162.26797485,189.20762634,-175.70709229,167.22254944,183.51405334,0.00000000
22113.00000000,-175.84133911,168.47756958,191.59150696,-180.08433533,173.48860168,185.92414856,0.00000000
22114.00000000,-180.27825928,174.68827820,193.97390747,-184.50476074,179.75106812,188.33390808,0.00000000
22115.00000000,-184.70559692,180.90615845,196.34371948,-188.91845703,186.02496338,190.74191284,0.00000000
22116.00000000,-189.08985901,187.15077209,198.69931030,-193.31071472,192.31834412,193.15234375,0.00000000
22117.00000000,-193.44590759,193.42044067,201.05322266,-197.65408325,198.64486694,195.53997803,0.00000000
22118.00000000,-197.73376465,199.73617554,203.37777710,-201.90919495,205.01300049,197.89344788,0.00000000
22119.00000000,-201.91757202,206.10050964,205.67686462,-206.09739685,211.42878723,200.24320984,0.00000000
22120.00000000,-205.99409485,212.52273560,207.95532227,-210.15864563,217.90097046,202.56423950,0.00000000
22121.00000000,-209.98056030,218.98677063,210.19828796,-214.12329102,224.42201233,204.84614563,0.00000000
22122.00000000,-213.86239624,225.47856140,212.35597229,-218.00233459,230.97203064,207.04895020,0.00000000
22123.00000000,-217.67605591,231.98518372,214.37963867,-221.81373596,237.53584290,209.14175415,0.00000000
22124.00000000,-221.42076111,238.49838257,216.27684021,-225.50836182,244.11103821,211.05812073,0.00000000
22125.00000000,-225.10113525,245.01243591,218.02156067,-229.13031006,250.69482422,212.83273315,0.00000000
22126.00000000,-228.68005371,251.51191711,219.60371399,-232.66467285,257.26510620,214.45190430,0.00000000
22127.00000000,-232.19966125,257.97631836,221.06721497,-236.12908936,263.79690552,215.95097351,0.00000000
22128.00000000,-235.64830017,264.38238525,222.43338013,-239.52757263,270.27569580,217.36109924,0.00000000
22129.00000000,-239.03176880,270.71588135,223.73847961,-242.85223389,276.69027710,218.71092224,0.00000000
22130.00000000,-242.33738708,276.98501587,225.03538513,-246.10569763,283.03112793,220.05705261,0.00000000
22131.00000000,-245.53984070,283.16644287,226.38362122,-249.26049805,289.28335571,221.45172119,0.00000000
22132.00000000,-248.60800171,289.27380371,227.80357361,-252.31900024,295.46157837,222.95463562,0.00000000
22133.00000000,-251.53515625,295.30282593,229.36476135,-255.21202087,301.56344604,224.58274841,0.00000000
22134.00000000,-254.30807495,301.23699951,231.06188965,-257.94122314,307.58230591,226.35494995,0.00000000
22135.00000000,-256.93414307,307.06753540,232.82812500,-260.51208496,313.50592041,228.19277954,0.00000000
22136.00000000,-259.42901611,312.79135132,234.59114075,-262.95025635,319.31604004,230.03271484,0.00000000
22137.00000000,-261.80670166,318.40243530,236.28105164,-265.27975464,325.01544189,231.81526184,0.00000000
22138.00000000,-264.12475586,323.87567139,237.88082886,-267.52526855,330.58502197,233.48765564,0.00000000
22139.00000000,-266.39730835,329.19403076,239.31674194,-269.75234985,335.99002075,235.02415466,0.00000000
22140.00000000,-268.71224976,334.33691406,240.61436462,-271.97216797,341.22357178,236.37434387,0.00000000
22141.00000000,-271.05203247,339.30166626,241.74649048,-274.22763062,346.26422119,237.56761169,0.00000000
22142.00000000,-273.41479492,344.10031128,242.72726440,-276.52438354,351.12780762,238.60864258,0.00000000
22143.00000000,-275.74517822,348.74691772,243.57560730,-278.80032349,355.83496094,239.51588440,0.00000000
22144.00000000,-278.07498169,353.24282837,244.36175537,-281.05804443,360.38909912,240.33151245,0.00000000
22145.00000000,-280.34039307,357.59930420,245.08045959,-283.30569458,364.78570557,241.10902405,0.00000000
22146.00000000,-282.54483032,361.82730103,245.76188660,-285.45767212,369.05789185,241.82917786,0.00000000
22147.00000000,-284.65209961,365.94946289,246.44116211,-287.53182983,373.21200562,242.54231262,0.00000000
22148.00000000,-286.65295410,369.98196411,247.14683533,-289.50338745,377.27450562,243.26980591,0.00000000
22149.00000000,-288.52188110,373.93768311,247.87890625,-291.34686279,381.25442505,244.04183960,0.00000000
22150.00000000,-290.23388672,377.83367920,248.66213989,-293.02981567,385.17977905,244.84840393,0.00000000
22151.00000000,-291.80749512,381.68051147,249.49368286,-294.58666992,389.05007935,245.70796204,0.00000000
22152.00000000,-293.25631714,385.47613525,250.38272095,-296.02453613,392.85867310,246.62406921,0.00000000
22153.00000000,-294.59112549,389.20983887,251.25273132,-297.34902954,396.61590576,247.53350830,0.00000000
22154.00000000,-295.86502075,392.88751221,252.10269165,-298.56347656,400.32516479,248.38806152,0.00000000
22155.00000000,-297.05224609,396.51202393,252.86180115,-299.72744751,403.97042847,249.17669678,0.00000000
22156.00000000,-298.21694946,400.06561279,253.52673340,-300.85427856,407.54412842,249.85533142,0.00000000
22157.00000000,-299.37789917,403.54129028,254.08921814,-301.97653198,411.03732300,250.43153381,0.00000000
22158.00000000,-300.50592041,406.93902588,254.55117798,-303.07928467,414.45510864,250.92098999,0.00000000
22159.00000000,-301.60708618,410.26751709,254.96792603,-304.13656616,417.80493164,251.34680176,0.00000000
22160.00000000,-302.65554810,413.51940918,255.34614563,-305.15777588,421.07553101,251.74351501,0.00000000
22161.00000000,-303.66690063,416.68301392,255.72865295,-306.11740112,424.26235962,252.13265991,0.00000000
22162.00000000,-304.65267944,419.73794556,256.15884399,-307.06915283,427.33984375,252.59474182,0.00000000
22163.00000000,-305.59622192,422.68948364,256.64093018,-307.98266602,430.32043457,253.10321045,0.00000000
22164.00000000,-306.49414063,425.55621338,257.13894653,-308.87579346,433.20809937,253.64331055,0.00000000
22165.00000000,-307.33767700,428.35049438,257.62982178,-309.69760132,436.01950073,254.16168213,0.00000000
22166.00000000,-308.11511230,431.07641602,258.10342407,-310.45199585,438.76831055,254.66001892,0.00000000
22167.00000000,-308.84591675,433.74530029,258.56689453,-311.18490601,441.45156860,255.16267395,0.00000000
22168.00000000,-309.48361206,436.38497925,258.99487305,-311.79977417,444.11090088,255.61073303,0.00000000
22169.00000000,-310.02349854,439.01150513,259.37188721,-312.33291626,446.74865723,256.02337646,0.00000000
22170.00000000,-310.48123169,441.62478638,259.69995117,-312.77502441,449.37786865,256.37298584,0.00000000
22171.00000000,-310.85363770,444.23410034,259.95941162,-313.09732056,452.01583862,256.63128662,0.00000000
22172.00000000,-311.16244507,446.83871460,260.15386963,-313.38931274,454.62268066,256.84927368,0.00000000
22173.00000000,-311.38174438,449.44577026,260.26492310,-313.61862183,457.22830200,256.99844360,0.00000000
22174.00000000,-311.51327515,452.06561279,260.29244995,-313.75094604,459.84429932,257.05844116,0.00000000
22175.00000000,-311.66662598,454.63757324,260.29693604,-313.82376099,462.45678711,257.04306030,0.00000000
22176.00000000,-311.73669434,457.19989014,260.20538330,-313.83993530,465.04147339,256.95843506,0.00000000
22177.00000000,-311.76232910,459.72741699,260.04324341,-313.81872559,467.58874512,256.80169678,0.00000000
22178.00000000,-311.71221924,462.22576904,259.79812622,-313.75857544,470.09371948,256.58016968,0.00000000
22179.00000000,-311.66247559,464.66326904,259.50216675,-313.72067261,472.51708984,256.32125854,0.00000000
22180.00000000,-311.58316040,467.04550171,259.11663818,NaN,NaN,NaN,0.00000000
22181.00000000,-311.45648193,469.37973022,258.64126587,NaN,NaN,NaN,0.00000000
22182.00000000,-311.26498413,471.65585327,258.10385132,NaN,NaN,NaN,0.00000000
22183.00000000,-311.69915771,473.21966553,257.91271973,NaN,NaN,NaN,0.00000000
22184.00000000,-313.58203125,473.61123657,258.12448120,NaN,NaN,NaN,0.00000000
22185.00000000,NaN,NaN,NaN,NaN,NaN,NaN,0.00000000
22186.00000000,NaN,NaN,NaN,NaN,NaN,NaN,0.00000000
22187.00000000,NaN,NaN,NaN,NaN,NaN,NaN,0.00000000
22188.00000000,NaN,NaN,NaN,NaN,NaN,NaN,0.00000000
22189.00000000,NaN,NaN,NaN,NaN,NaN,NaN,0.00000000
22190.00000000,NaN,NaN,NaN,NaN,NaN,NaN,0.00000000
22191.00000000,NaN,NaN,NaN,NaN,NaN,NaN,0.00000000
22192.00000000,NaN,NaN,NaN,NaN,NaN,NaN,0.00000000
22193.00000000,NaN,NaN,NaN,NaN,NaN,NaN,0.00000000
